ResponseId,language,feature,ConvertedCompYearly,ActualTarget,PredictedTarget,PredictedProbability,Correct
16380,Python,lang_python,40605.0,0,0,0.4308283745824916,True
3490,Python,lang_python,53487.0,0,0,0.49840519877553924,True
5752,Python,lang_python,150819.0,1,1,0.5333640715034392,True
38048,Python,lang_python,13949.0,0,0,0.04807261115023051,True
19436,Python,lang_python,83571.0,1,0,0.04546485480340267,False
39951,Python,lang_python,54457.0,0,0,0.39124264871634606,True
13138,Python,lang_python,47650.0,0,0,0.10053321258203331,True
32750,Python,lang_python,2092.0,0,0,0.026982743562322258,True
22166,Python,lang_python,1797.0,0,1,0.5538373948372787,False
24440,Python,lang_python,240000.0,1,1,0.9529660979569738,True
13956,Python,lang_python,80000.0,1,1,0.8546789256221922,True
48676,Python,lang_python,165000.0,1,1,0.9396092779694861,True
32836,Python,lang_python,63808.0,0,0,0.40712245760875815,True
4564,Python,lang_python,150000.0,1,1,0.7414040276788794,True
36755,Python,lang_python,44096.0,0,0,0.09912875308089202,True
40381,Python,lang_python,34804.0,0,0,0.34732068165981594,True
25708,Python,lang_python,13172.0,0,0,0.019464685317180364,True
11663,Python,lang_python,83600.0,1,1,0.9116999491511458,True
14865,Python,lang_python,200000.0,1,1,0.9885920298758474,True
6114,Python,lang_python,195028.0,1,1,0.758880350670327,True
39679,Python,lang_python,10944.0,0,0,0.03284971143200465,True
6810,Python,lang_python,170000.0,1,1,0.9858938849873492,True
40767,Python,lang_python,87011.0,1,1,0.5362833734523454,True
600,Python,lang_python,2221.0,0,0,0.031391002846678784,True
13828,Python,lang_python,81210.0,1,0,0.07895909476437124,False
3762,Python,lang_python,1198.0,0,0,0.12293025601155506,True
36533,Python,lang_python,206910.0,1,1,0.921047137629642,True
45868,Python,lang_python,52007.0,0,1,0.6254569805039668,False
1308,Python,lang_python,8100.0,0,0,0.012297898645310378,True
1887,Python,lang_python,8237.0,0,0,0.004925637812350461,True
16774,Python,lang_python,45195.0,0,0,0.15185678972538683,True
47170,Python,lang_python,43505.0,0,1,0.733472162858954,False
19634,Python,lang_python,93392.0,1,1,0.7474455661474564,True
3049,Python,lang_python,69609.0,0,0,0.2303702329836045,True
46054,Python,lang_python,58120.0,0,0,0.06476569677049036,True
20665,Python,lang_python,80000.0,1,1,0.9369253379831284,True
15902,Python,lang_python,80000.0,1,1,0.9541258717849302,True
10415,Python,lang_python,92812.0,1,0,0.2709287386377097,False
48515,Python,lang_python,32890.0,0,0,0.04053428081491097,True
15533,Python,lang_python,110000.0,1,1,0.7597816669990174,True
42591,Python,lang_python,13322.0,0,0,0.08673524489108501,True
15762,Python,lang_python,120000.0,1,1,0.9766520140890527,True
6597,Python,lang_python,217729.0,1,1,0.986026734052115,True
3165,Python,lang_python,131000.0,1,1,0.919562131380862,True
31063,Python,lang_python,15786.0,0,0,0.11943980360774407,True
18656,Python,lang_python,52207.0,0,0,0.07695000010725021,True
11769,Python,lang_python,96000.0,1,1,0.9293589542901194,True
39759,Python,lang_python,68071.0,0,1,0.7139872070512596,False
35832,Python,lang_python,108710.0,1,1,0.8323815911681667,True
4879,Python,lang_python,231441.0,1,1,0.9559605650933968,True
43126,Python,lang_python,22100.0,0,0,0.28009621627729864,True
17131,Python,lang_python,148791.0,1,1,0.8629808688209808,True
16956,Python,lang_python,148791.0,1,1,0.955978366290725,True
26076,Python,lang_python,10462.0,0,0,0.03464016858866705,True
36766,Python,lang_python,145500.0,1,1,0.9864251274011018,True
190,Python,lang_python,3371.0,0,0,0.09262725736551619,True
26780,Python,lang_python,108913.0,1,1,0.5322805968892628,True
37554,Python,lang_python,100000.0,1,1,0.9733999769767477,True
37235,Python,lang_python,85851.0,1,0,0.17040509481593122,False
12221,Python,lang_python,142949.0,1,1,0.7438279628975217,True
45519,Python,lang_python,192000.0,1,1,0.9166294919417342,True
37293,Python,lang_python,15082.0,0,0,0.06513278349178846,True
6577,Python,lang_python,102142.0,1,1,0.7645783882373614,True
20524,Python,lang_python,55687.0,0,1,0.5027574897512469,False
18193,Python,lang_python,45446.0,0,0,0.02213698641615302,True
45975,Python,lang_python,180000.0,1,1,0.9812033489029536,True
45967,Python,lang_python,81210.0,1,0,0.39226872406556895,False
30478,Python,lang_python,204212.0,1,1,0.8895767566868091,True
19925,Python,lang_python,5221.0,0,1,0.6438023819769819,False
35719,Python,lang_python,1584.0,0,0,0.0713036128874495,True
21747,Python,lang_python,139218.0,1,1,0.9790268122340079,True
44601,Python,lang_python,170000.0,1,1,0.9375557932810056,True
3826,Python,lang_python,84691.0,1,1,0.6813777084594149,True
48653,Python,lang_python,162421.0,1,1,0.9090886781465076,True
46569,Python,lang_python,83531.0,1,0,0.058399338201030986,False
19783,Python,lang_python,70177.0,0,0,0.18741006034035076,True
18208,Python,lang_python,250000.0,1,1,0.988413662913059,True
43835,Python,lang_python,18598.0,0,0,0.029348529501213083,True
14461,Python,lang_python,127616.0,1,0,0.32960806117500413,False
20390,Python,lang_python,46496.0,0,0,0.02639378726466883,True
17791,Python,lang_python,38285.0,0,0,0.04358495090831051,True
4532,Python,lang_python,196054.0,1,0,0.3182783272111437,False
28564,Python,lang_python,100933.0,1,0,0.3374344693441028,False
40694,Python,lang_python,87011.0,1,1,0.5553502295063224,True
5937,Python,lang_python,46496.0,0,0,0.09163276521686188,True
11253,Python,lang_python,78930.0,1,0,0.20404005273674955,False
15382,Python,lang_python,140000.0,1,1,0.9809070651141658,True
30442,Python,lang_python,54527.0,0,0,0.07666836002257867,True
3690,Python,lang_python,52207.0,0,0,0.3292555852015513,True
14600,Python,lang_python,220428.0,1,1,0.7430942761015044,True
40279,Python,lang_python,104413.0,1,1,0.6731353118129937,True
3798,Python,lang_python,152511.0,1,1,0.945422268216303,True
8527,Python,lang_python,200000.0,1,1,0.9830079599750328,True
16680,Python,lang_python,107894.0,1,1,0.6095988499357908,True
2403,Python,lang_python,127616.0,1,1,0.5380523003630545,True
2559,Python,lang_python,75410.0,0,0,0.44369055687321335,True
30738,Python,lang_python,58500.0,0,0,0.17199830108632527,True
34329,Python,lang_python,50496.0,0,0,0.16242337329436426,True
41416,Python,lang_python,200000.0,1,1,0.9547859153064746,True
24562,Python,lang_python,122527.0,1,1,0.5261822513379655,True
42092,Python,lang_python,1600.0,0,0,0.47026086759119434,True
17241,Python,lang_python,80000.0,1,0,0.21445277339788282,False
31534,Python,lang_python,185623.0,1,1,0.9228875243161627,True
14252,Python,lang_python,187000.0,1,1,0.6662463550863852,True
4258,Python,lang_python,66128.0,0,0,0.1717484844997552,True
1860,Python,lang_python,58429.0,0,0,0.11315574622460878,True
1689,Python,lang_python,58007.0,0,0,0.4745115696912473,True
40534,Python,lang_python,120000.0,1,1,0.9901016692873577,True
12123,Python,lang_python,150000.0,1,1,0.7870002592591803,True
31178,Python,lang_python,58007.0,0,0,0.46284172099788656,True
36331,Python,lang_python,145000.0,1,1,0.9506084132670262,True
15355,Python,lang_python,136392.0,1,1,0.9487953287764316,True
12680,Python,lang_python,78616.0,1,1,0.751999993634409,True
45530,Python,lang_python,163370.0,1,1,0.8743005952708348,True
20160,Python,lang_python,10462.0,0,0,0.031659626593492564,True
10180,Python,lang_python,136141.0,1,1,0.738672664453657,True
27025,Python,lang_python,40605.0,0,0,0.02355812925362072,True
33462,Python,lang_python,81210.0,1,1,0.7518407539367263,True
38332,Python,lang_python,17000.0,0,0,0.04858824033852678,True
45094,Python,lang_python,164156.0,1,1,0.9268242575102521,True
38209,Python,lang_python,81210.0,1,1,0.627225866922222,True
14059,Python,lang_python,168000.0,1,1,0.9024744105893133,True
65,Python,lang_python,14850.0,0,0,0.00202260375344939,True
1733,Python,lang_python,146329.0,1,1,0.763568482652794,True
29979,Python,lang_python,54527.0,0,0,0.4176172197553719,True
35656,Python,lang_python,68260.0,0,0,0.4303826381141935,True
19012,Python,lang_python,400000.0,1,1,0.9386153683837879,True
26422,Python,lang_python,64927.0,0,0,0.13067771385848528,True
5473,Python,lang_python,120000.0,1,1,0.9024025530408106,True
6216,Python,lang_python,52207.0,0,0,0.420014093271,True
2884,Python,lang_python,36407.0,0,0,0.11731130589564207,True
45186,Python,lang_python,23203.0,0,0,0.10924489285368132,True
45954,Python,lang_python,87011.0,1,1,0.6172205961585225,True
48789,Python,lang_python,75893.0,0,0,0.1365017372337484,True
18889,Python,lang_python,112000.0,1,1,0.8840094542966911,True
14894,Python,lang_python,69609.0,0,1,0.5824375226180198,False
24774,Python,lang_python,83571.0,1,0,0.3083268096867675,False
6678,Python,lang_python,140000.0,1,1,0.92151949282284,True
18938,Python,lang_python,65663.0,0,1,0.532928367447909,False
11016,Python,lang_python,78962.0,1,1,0.6511721842618688,True
4651,Python,lang_python,28320.0,0,0,0.02703786794884109,True
31452,Python,lang_python,49886.0,0,0,0.33495430165114193,True
1347,Python,lang_python,38216.0,0,0,0.2722676966484484,True
12193,Python,lang_python,140000.0,1,0,0.3200634412729249,False
20432,Python,lang_python,13922.0,0,0,0.3475853643703639,True
21152,Python,lang_python,80254.0,1,0,0.46959904387603063,False
27835,Python,lang_python,115720.0,1,1,0.5804176958424804,True
10295,Python,lang_python,142949.0,1,1,0.8705440597398477,True
41474,Python,lang_python,4185.0,0,0,0.0013643960295331423,True
27323,Python,lang_python,29397.0,0,0,0.07482944214357475,True
19290,Python,lang_python,25200.0,0,0,0.0961857593356266,True
2792,Python,lang_python,104000.0,1,1,0.8615620146777058,True
16151,Python,lang_python,69609.0,0,0,0.2937118002803575,True
30871,Python,lang_python,103769.0,1,1,0.8405227058692147,True
12836,Python,lang_python,74878.0,0,0,0.4459832117514722,True
18481,Python,lang_python,75410.0,0,0,0.1994866679142326,True
13179,Python,lang_python,20883.0,0,1,0.6601982941529049,False
30558,Python,lang_python,81210.0,1,0,0.3754723225417633,False
10198,Python,lang_python,57320.0,0,0,0.33861880587788734,True
42011,Python,lang_python,173544.0,1,1,0.9311061584062433,True
4945,Python,lang_python,98612.0,1,0,0.48769071884894594,False
46310,Python,lang_python,109438.0,1,1,0.8817607296587557,True
40755,Python,lang_python,32000.0,0,0,0.1274578191605691,True
45782,Python,lang_python,350000.0,1,1,0.8469381159447987,True
44735,Python,lang_python,67122.0,0,1,0.7029962673282264,False
10633,Python,lang_python,45246.0,0,0,0.039147877802918854,True
29619,Python,lang_python,81210.0,1,1,0.5727725181342342,True
23429,Python,lang_python,97230.0,1,0,0.19179359982990904,False
5415,Python,lang_python,204283.0,1,1,0.833458662671187,True
39660,Python,lang_python,8393.0,0,0,0.03108227628461659,True
4776,Python,lang_python,30710.0,0,0,0.08038580860440718,True
39519,Python,lang_python,63808.0,0,1,0.6782001133342423,False
2144,Python,lang_python,90491.0,1,1,0.6922023084167415,True
5718,Python,lang_python,220000.0,1,1,0.9822713136439808,True
37602,Python,lang_python,270000.0,1,1,0.9928903730508867,True
3666,Python,lang_python,300000.0,1,1,0.9428936658431495,True
18979,Python,lang_python,60235.0,0,0,0.11336164577409848,True
24412,Python,lang_python,54000.0,0,0,0.10572679129942218,True
14728,Python,lang_python,68071.0,0,1,0.598219228850785,False
19439,Python,lang_python,44907.0,0,0,0.03748340620662383,True
41214,Python,lang_python,130000.0,1,1,0.9690755354763766,True
5403,Python,lang_python,58007.0,0,0,0.10900460747170053,True
20936,Python,lang_python,7251.0,0,0,0.03365480614865268,True
9723,Python,lang_python,69609.0,0,0,0.22558655362452218,True
13187,Python,lang_python,72958.0,0,0,0.49743959793848114,True
7273,Python,lang_python,83000.0,1,0,0.47393241018057086,False
14856,Python,lang_python,47566.0,0,0,0.1438671653135279,True
36209,Python,lang_python,58007.0,0,0,0.406498482392352,True
8112,Python,lang_python,118335.0,1,1,0.8909157428002116,True
12699,Python,lang_python,51195.0,0,0,0.12089122757629214,True
4633,Python,lang_python,150000.0,1,1,0.8804697228506505,True
9217,Python,lang_python,133919.0,1,1,0.8440496363665941,True
2821,Python,lang_python,50000.0,0,0,0.023326132404089955,True
22532,Python,lang_python,61264.0,0,1,0.5417667155305986,False
46615,Python,lang_python,171073.0,1,1,0.9055710706547062,True
1756,Python,lang_python,347180.0,1,1,0.9923911339197355,True
26532,Python,lang_python,190000.0,1,1,0.9883456574474873,True
36801,Python,lang_python,89713.0,1,0,0.4957564747545306,False
12386,Python,lang_python,160000.0,1,1,0.9847987155735388,True
18069,Python,lang_python,65348.0,0,1,0.5901041575341718,False
31899,Python,lang_python,200000.0,1,1,0.9698315142664946,True
2503,Python,lang_python,48000.0,0,1,0.6084091928348001,False
35156,Python,lang_python,104413.0,1,1,0.9212705954622719,True
39890,Python,lang_python,46288.0,0,0,0.42587209484556876,True
36695,Python,lang_python,186625.0,1,1,0.9733889281114035,True
34320,Python,lang_python,70769.0,0,0,0.40795692979672504,True
13397,Python,lang_python,180000.0,1,1,0.8986522359954583,True
9663,Python,lang_python,99915.0,1,0,0.055825342355628735,False
11391,Python,lang_python,220000.0,1,1,0.9575199259280524,True
28836,Python,lang_python,96000.0,1,1,0.5858404135455134,True
10878,Python,lang_python,125250.0,1,1,0.7370684669519604,True
27568,Python,lang_python,187875.0,1,1,0.8274747377078012,True
1783,Python,lang_python,139218.0,1,1,0.9301253979480392,True
53,Python,lang_python,63909.0,0,0,0.1971921496518304,True
14152,Python,lang_python,15592.0,0,0,0.035195372899586,True
26521,Python,lang_python,130.0,0,1,0.9680144659083636,False
351,Python,lang_python,81210.0,1,1,0.6626182666790928,True
46442,Python,lang_python,100000.0,1,1,0.7435627985310977,True
34590,Python,lang_python,46406.0,0,0,0.07708970448507357,True
15416,Python,lang_python,98000.0,1,1,0.9275240233787985,True
36914,Python,lang_python,36545.0,0,0,0.11782033732206229,True
9950,Python,lang_python,61264.0,0,1,0.8183193424923804,False
19584,Python,lang_python,130019.0,1,1,0.9025732259945833,True
1402,Python,lang_python,98612.0,1,1,0.7604261551822722,True
4390,Python,lang_python,27844.0,0,1,0.7786705274833402,False
25557,Python,lang_python,8425.0,0,0,0.0028841605549767614,True
4662,Python,lang_python,225.0,0,1,0.9970499379517151,False
17329,Python,lang_python,84250.0,1,0,0.4379500025203552,False
985,Python,lang_python,280000.0,1,1,0.9755662149488541,True
3129,Python,lang_python,138541.0,1,1,0.8571606220012035,True
5679,Python,lang_python,167000.0,1,1,0.9564436175336389,True
31092,Python,lang_python,102972.0,1,0,0.3747655374764128,False
37291,Python,lang_python,69609.0,0,0,0.2387411067479707,True
28151,Python,lang_python,59734.0,0,0,0.3347765842363905,True
26928,Python,lang_python,25059.0,0,0,0.10499089471982373,True
22573,Python,lang_python,330871.0,1,0,0.1268053823225574,False
40805,Python,lang_python,82000.0,1,1,0.9795717713762214,True
8787,Python,lang_python,8388.0,0,0,0.05537352824807433,True
13098,Python,lang_python,150819.0,1,1,0.8008881583931572,True
45055,Python,lang_python,38206.0,0,0,0.36006541170652595,True
24361,Python,lang_python,150000.0,1,1,0.9307538213389992,True
37925,Python,lang_python,11624.0,0,0,0.009331458785663507,True
5081,Python,lang_python,54719.0,0,1,0.6738755458130633,False
41430,Python,lang_python,31313.0,0,0,0.02759091672656495,True
1514,Python,lang_python,112534.0,1,1,0.885782665083345,True
22046,Python,lang_python,232029.0,1,1,0.8802904989731015,True
29273,Python,lang_python,6000.0,0,0,0.1000421347087944,True
28285,Python,lang_python,69609.0,0,0,0.43105923793750567,True
7256,Python,lang_python,32531.0,0,0,0.05169960416997473,True
31578,Python,lang_python,87550.0,1,0,0.3452857785800858,False
3035,Python,lang_python,165000.0,1,1,0.9165977462894324,True
15663,Python,lang_python,81210.0,1,0,0.40366149157890535,False
29571,Python,lang_python,27844.0,0,0,0.03789301121662988,True
47432,Python,lang_python,81210.0,1,0,0.2895559133341831,False
1478,Python,lang_python,15082.0,0,0,0.02679444248331104,True
22200,Python,lang_python,75410.0,0,0,0.27041500930039336,True
39614,Python,lang_python,26684.0,0,0,0.03379103795430173,True
36566,Python,lang_python,92812.0,1,1,0.6459989064982217,True
43459,Python,lang_python,30000.0,0,1,0.5190748558709541,False
14204,Python,lang_python,25000.0,0,0,0.08752573005378186,True
27989,Python,lang_python,81210.0,1,1,0.7432215968444161,True
27964,Python,lang_python,169024.0,1,1,0.8261079829409055,True
21512,Python,lang_python,88191.0,1,1,0.5644568649155474,True
22697,Python,lang_python,190000.0,1,1,0.9749783129170475,True
27539,Python,lang_python,54527.0,0,0,0.1945067921197121,True
5181,Python,lang_python,13836.0,0,0,0.009440358695908002,True
20646,Python,lang_python,62893.0,0,0,0.3013202117148972,True
24567,Python,lang_python,65000.0,0,0,0.3844582209695868,True
14009,Python,lang_python,130000.0,1,1,0.8586367732555622,True
25467,Python,lang_python,38285.0,0,0,0.05859558959176173,True
35223,Python,lang_python,54719.0,0,0,0.42080528399093686,True
41708,Python,lang_python,245.0,0,1,0.7303526775248728,False
43897,Python,lang_python,81210.0,1,0,0.4105185712099822,False
30497,Python,lang_python,148791.0,1,1,0.9419623485080693,True
35283,Python,lang_python,40605.0,0,1,0.8428497674331603,False
20779,Python,lang_python,50000.0,0,1,0.5234250546517253,False
19432,Python,lang_python,53095.0,0,1,0.9114877064628049,False
18612,Python,lang_python,150095.0,1,1,0.5962296435064023,True
42419,Python,lang_python,151000.0,1,1,0.9153382573930179,True
30296,Python,lang_python,116733.0,1,1,0.7285098316376818,True
43283,Python,lang_python,90491.0,1,1,0.7542208428353966,True
5350,Python,lang_python,46666.0,0,0,0.33920152457018726,True
37303,Python,lang_python,30628.0,0,0,0.04344990084020443,True
26604,Python,lang_python,12000.0,0,0,0.03805657637694355,True
41158,Python,lang_python,80254.0,1,1,0.7207247240890735,True
42254,Python,lang_python,7646.0,0,0,0.16664516748897265,True
42655,Python,lang_python,81685.0,1,1,0.5395314499678363,True
16612,Python,lang_python,85994.0,1,0,0.21307224082033535,False
40045,Python,lang_python,40000.0,0,0,0.029026519588842732,True
4832,Python,lang_python,123993.0,1,1,0.968286833826225,True
15306,Python,lang_python,63808.0,0,0,0.47950153205583296,True
13631,Python,lang_python,75556.0,0,0,0.25775415158060117,True
11532,Python,lang_python,92812.0,1,1,0.5652782141790572,True
17431,Python,lang_python,175000.0,1,1,0.9824606468174277,True
25686,Python,lang_python,27844.0,0,0,0.02810286869176659,True
28425,Python,lang_python,84000.0,1,1,0.588448731850138,True
28357,Python,lang_python,23203.0,0,0,0.009288990119677442,True
6358,Python,lang_python,34872.0,0,0,0.012574255292233931,True
17202,Python,lang_python,63808.0,0,0,0.34408031562148583,True
16040,Python,lang_python,150300.0,1,1,0.7235245860271998,True
2645,Python,lang_python,62648.0,0,0,0.24318671460256863,True
9495,Python,lang_python,40605.0,0,0,0.09245919677581554,True
11358,Python,lang_python,95016.0,1,1,0.8337863416599663,True
25158,Python,lang_python,211280.0,1,1,0.9935591763597191,True
16544,Python,lang_python,81368.0,1,0,0.0877824389889642,False
17099,Python,lang_python,64040.0,0,0,0.3022735391065936,True
46733,Python,lang_python,107894.0,1,0,0.381309067852594,False
27960,Python,lang_python,90491.0,1,1,0.7802668971378972,True
29191,Python,lang_python,50000.0,0,0,0.11415674914577568,True
26213,Python,lang_python,382.0,0,0,0.03136034812795326,True
41997,Python,lang_python,52348.0,0,1,0.5381128283698561,False
14922,Python,lang_python,105891.0,1,1,0.7949908270053861,True
15357,Python,lang_python,150000.0,1,1,0.955812782296151,True
5343,Python,lang_python,124700.0,1,1,0.968049186185641,True
2475,Python,lang_python,73683.0,0,0,0.2929152158737848,True
11107,Python,lang_python,28590.0,0,0,0.15030315031867233,True
28755,Python,lang_python,130000.0,1,1,0.8876617348399605,True
19888,Python,lang_python,39057.0,0,0,0.4180844707712739,True
35531,Python,lang_python,100000.0,1,1,0.8348256958112117,True
10804,Python,lang_python,96872.0,1,1,0.5141686382327194,True
36515,Python,lang_python,48726.0,0,0,0.3119940054798028,True
15538,Python,lang_python,61434.0,0,0,0.4426779889817484,True
14217,Python,lang_python,190000.0,1,1,0.9636163208596977,True
11530,Python,lang_python,100000.0,1,1,0.9665816037938939,True
1227,Python,lang_python,155000.0,1,1,0.9331567786310084,True
38651,Python,lang_python,182843.0,1,1,0.5773288224043901,True
28615,Python,lang_python,1506.0,0,0,0.04827640489660523,True
13019,Python,lang_python,156000.0,1,1,0.98979362307812,True
26175,Python,lang_python,235150.0,1,1,0.8527053306013133,True
42914,Python,lang_python,127616.0,1,1,0.6786974990276015,True
14153,Python,lang_python,71250.0,0,1,0.6859945880742725,False
23758,Python,lang_python,104413.0,1,1,0.5659912490257771,True
6453,Python,lang_python,180000.0,1,1,0.9653170763379739,True
40191,Python,lang_python,87011.0,1,1,0.6368276392081642,True
25833,Python,lang_python,20296.0,0,0,0.05850420922761225,True
18503,Python,lang_python,39718.0,0,0,0.06648991958478827,True
9971,Python,lang_python,75410.0,0,1,0.7394123507084122,False
2848,Python,lang_python,169024.0,1,1,0.7529567562399292,True
36540,Python,lang_python,35000.0,0,1,0.8479427099723962,False
17447,Python,lang_python,100000.0,1,0,0.028978261967591554,False
2498,Python,lang_python,72927.0,0,1,0.6567769321622062,False
13519,Python,lang_python,200000.0,1,1,0.9890008204188546,True
3612,Python,lang_python,103088.0,1,0,0.14783300351305118,False
47597,Python,lang_python,84408.0,1,1,0.7174914353705548,True
23852,Python,lang_python,120000.0,1,1,0.9809267682563453,True
22027,Python,lang_python,12743.0,0,0,0.07410960321225488,True
6931,Python,lang_python,72509.0,0,0,0.35224367504203763,True
10954,Python,lang_python,45234.0,0,0,0.0480933492171765,True
39539,Python,lang_python,58007.0,0,0,0.2756374058237549,True
9228,Python,lang_python,26000.0,0,0,0.1261658192043927,True
6969,Python,lang_python,51500.0,0,0,0.08748387896980944,True
2034,Python,lang_python,194000.0,1,1,0.9759044949700357,True
14065,Python,lang_python,115000.0,1,1,0.8822055776663756,True
17267,Python,lang_python,148.0,0,1,0.9853387435784687,False
19136,Python,lang_python,400000.0,1,1,0.8926874365395642,True
4874,Python,lang_python,152772.0,1,1,0.8972829531100117,True
19796,Python,lang_python,7778.0,0,0,0.27275487005134824,True
30163,Python,lang_python,47566.0,0,0,0.09393696476447747,True
26103,Python,lang_python,10462.0,0,0,0.025340168011282218,True
15449,Python,lang_python,158711.0,1,1,0.9632182349106784,True
12682,Python,lang_python,41846.0,0,0,0.2216788615784785,True
34632,Python,lang_python,110000.0,1,1,0.9044316973288449,True
15017,Python,lang_python,250000.0,1,1,0.9784083493150197,True
33856,Python,lang_python,104.0,0,0,0.004535450599336871,True
34253,Python,lang_python,158631.0,1,1,0.9162963440989202,True
43961,Python,lang_python,1033.0,0,0,0.02576820831068788,True
44728,Python,lang_python,161191.0,1,1,0.9855376237362303,True
6282,Python,lang_python,133417.0,1,0,0.4776004368431838,False
14027,Python,lang_python,38285.0,0,0,0.08902704738858479,True
34339,Python,lang_python,88983.0,1,1,0.6227948779042217,True
45580,Python,lang_python,189692.0,1,1,0.6405915565351786,True
12819,Python,lang_python,187000.0,1,1,0.6516378839002555,True
26050,Python,lang_python,190000.0,1,1,0.6461112389954321,True
37014,Python,lang_python,9299.0,0,0,0.01824073452327423,True
29711,Python,lang_python,93312.0,1,0,0.08534254521182963,False
32577,Python,lang_python,28189.0,0,0,0.009846179630166301,True
36919,Python,lang_python,66128.0,0,0,0.27377941765107155,True
39638,Python,lang_python,88751.0,1,1,0.637648567323452,True
17356,Python,lang_python,83531.0,1,1,0.5509738691568261,True
39667,Python,lang_python,16242.0,0,0,0.014111887774927797,True
4627,Python,lang_python,71349.0,0,0,0.1524096063259516,True
48118,Python,lang_python,190598.0,1,1,0.9398930885820956,True
17911,Python,lang_python,120000.0,1,1,0.9296897165407723,True
11375,Python,lang_python,45000.0,0,0,0.13611187835077992,True
28047,Python,lang_python,39445.0,0,0,0.06537594403105276,True
18318,Python,lang_python,220000.0,1,1,0.9123555498091397,True
41044,Python,lang_python,100000.0,1,1,0.9354855617226406,True
3478,Python,lang_python,95000.0,1,1,0.9672356647166735,True
19072,Python,lang_python,330000.0,1,1,0.8813750519812941,True
3947,Python,lang_python,32764.0,0,0,0.014916064083658974,True
17947,Python,lang_python,32000.0,0,0,0.14071117313102316,True
43726,Python,lang_python,21649.0,0,0,0.054725568735942254,True
21096,Python,lang_python,210000.0,1,1,0.9979915945649732,True
34258,Python,lang_python,58120.0,0,0,0.08642065996532204,True
26132,Python,lang_python,38302.0,0,0,0.099370959898702,True
33014,Python,lang_python,100000.0,1,1,0.6353577534072078,True
46128,Python,lang_python,35104.0,0,0,0.22550610522750214,True
17358,Python,lang_python,73375.0,0,0,0.357276067191782,True
1391,Python,lang_python,93800.0,1,1,0.8330802924751946,True
35093,Python,lang_python,34872.0,0,0,0.2038502460315171,True
35609,Python,lang_python,40000.0,0,1,0.8172701251480142,False
20383,Python,lang_python,24452.0,0,0,0.04308057245029593,True
4167,Python,lang_python,45028.0,0,0,0.22982891950330775,True
29483,Python,lang_python,139218.0,1,1,0.793385957668568,True
26660,Python,lang_python,22275.0,0,0,0.06410843952307008,True
19479,Python,lang_python,48030.0,0,1,0.6338623473961369,False
11055,Python,lang_python,49306.0,0,0,0.15989068224386144,True
43842,Python,lang_python,162375.0,1,1,0.7901418203825852,True
30718,Python,lang_python,72958.0,0,0,0.18529478754830964,True
43989,Python,lang_python,24363.0,0,0,0.03490156125166851,True
44746,Python,lang_python,306.0,0,0,0.010918971323688713,True
4792,Python,lang_python,48726.0,0,0,0.28656294074592237,True
45398,Python,lang_python,156620.0,1,1,0.6705593785823387,True
23399,Python,lang_python,240763.0,1,1,0.8566181596878469,True
11030,Python,lang_python,38120.0,0,0,0.2622517754850611,True
39080,Python,lang_python,3495.0,0,0,0.012555631149247218,True
28786,Python,lang_python,300000.0,1,1,0.9164889301511921,True
30177,Python,lang_python,104413.0,1,1,0.9460411887926529,True
5838,Python,lang_python,111435.0,1,1,0.6669733808426135,True
39644,Python,lang_python,95299.0,1,0,0.2695311319887329,False
12809,Python,lang_python,11046.0,0,0,0.03368558379145392,True
39805,Python,lang_python,32354.0,0,0,0.1525150573589564,True
25947,Python,lang_python,83000.0,1,1,0.8175923763204072,True
15324,Python,lang_python,131325.0,1,1,0.868705162449585,True
40684,Python,lang_python,73375.0,0,0,0.4306313701385954,True
40149,Python,lang_python,131325.0,1,1,0.9608744412761349,True
4334,Python,lang_python,81685.0,1,0,0.42410886791573066,False
1997,Python,lang_python,113815.0,1,1,0.8037583319690497,True
36970,Python,lang_python,25652.0,0,0,0.052073920276099764,True
33426,Python,lang_python,2206.0,0,0,0.0081470357763154,True
6723,Python,lang_python,400000.0,1,1,0.8748746117732555,True
15109,Python,lang_python,132000.0,1,1,0.8473722574320134,True
15847,Python,lang_python,70938.0,0,0,0.45131329483156535,True
34512,Python,lang_python,101710.0,1,1,0.8243293256118238,True
27333,Python,lang_python,22924.0,0,0,0.06695904865073264,True
30150,Python,lang_python,364000.0,1,1,0.9409086536182854,True
17548,Python,lang_python,65000.0,0,0,0.09968845588423557,True
35346,Python,lang_python,136392.0,1,1,0.9857168971490984,True
42792,Python,lang_python,195028.0,1,1,0.9818918195117977,True
12209,Python,lang_python,113000.0,1,1,0.8125797026756763,True
31583,Python,lang_python,60000.0,0,1,0.9095862179064624,False
12403,Python,lang_python,56167.0,0,0,0.09017530157923766,True
14221,Python,lang_python,176000.0,1,1,0.8616991713389217,True
5183,Python,lang_python,15082.0,0,0,0.06079205104619172,True
19607,Python,lang_python,52658.0,0,0,0.49265506535041426,True
29927,Python,lang_python,81038.0,1,1,0.629336219456052,True
3793,Python,lang_python,81210.0,1,1,0.5762569064487559,True
3539,Python,lang_python,8137.0,0,0,0.05291539452013191,True
42226,Python,lang_python,56379.0,0,0,0.11081149899772424,True
18604,Python,lang_python,324841.0,1,1,0.5675707282262689,True
46656,Python,lang_python,54580.0,0,0,0.40319109223655847,True
459,Python,lang_python,60000.0,0,1,0.882727724841631,False
1841,Python,lang_python,4438.0,0,0,0.02602243490460916,True
11575,Python,lang_python,92812.0,1,1,0.5396770925727309,True
10073,Python,lang_python,9299.0,0,0,0.05038082931505419,True
38342,Python,lang_python,66128.0,0,0,0.10412881473561868,True
5035,Python,lang_python,4059.0,0,0,0.014693038753009001,True
3366,Python,lang_python,138000.0,1,1,0.8674814228851342,True
36254,Python,lang_python,42572.0,0,0,0.387572415282732,True
19954,Python,lang_python,29478.0,0,0,0.06444767579545135,True
38917,Python,lang_python,266000.0,1,1,0.9892545549070618,True
30549,Python,lang_python,112663.0,1,1,0.9610964021818973,True
41048,Python,lang_python,52791.0,0,0,0.29062236148306086,True
32003,Python,lang_python,26508.0,0,0,0.035304542725460124,True
16928,Python,lang_python,6765.0,0,0,0.11136893036594794,True
21589,Python,lang_python,37197.0,0,0,0.0388927247176446,True
6030,Python,lang_python,80763.0,1,0,0.4185706078494009,False
4470,Python,lang_python,23203.0,0,0,0.09002534151463301,True
5834,Python,lang_python,207000.0,1,1,0.9675077918968576,True
45528,Python,lang_python,218000.0,1,1,0.994961525798701,True
34342,Python,lang_python,84691.0,1,0,0.10151636454622329,False
34799,Python,lang_python,32484.0,0,0,0.0624074324580022,True
18219,Python,lang_python,146312.0,1,1,0.9517286976310674,True
22549,Python,lang_python,87011.0,1,0,0.46046456184228185,False
25969,Python,lang_python,139218.0,1,1,0.9083235520465668,True
38482,Python,lang_python,57427.0,0,0,0.11724945577209427,True
40649,Python,lang_python,16855.0,0,0,0.018221131138248428,True
26037,Python,lang_python,87011.0,1,1,0.7159115217399995,True
12716,Python,lang_python,74878.0,0,0,0.18618239118239555,True
29938,Python,lang_python,160000.0,1,1,0.9550427467116716,True
30505,Python,lang_python,110214.0,1,1,0.6641800227845402,True
42617,Python,lang_python,4993.0,0,0,0.06728149891928367,True
15603,Python,lang_python,10000.0,0,1,0.6042866441917408,False
4002,Python,lang_python,69609.0,0,0,0.2074915250721338,True
36991,Python,lang_python,25248.0,0,0,0.047730687400484674,True
15279,Python,lang_python,154000.0,1,1,0.9806023855938114,True
11418,Python,lang_python,98612.0,1,1,0.8818982056010635,True
42901,Python,lang_python,6974.0,0,0,0.0022732265204644026,True
12279,Python,lang_python,78000.0,1,1,0.7351352699470066,True
15061,Python,lang_python,78890.0,1,0,0.35175635057014587,False
32873,Python,lang_python,295000.0,1,1,0.9585166053986662,True
2636,Python,lang_python,185989.0,1,1,0.9879328540169572,True
36367,Python,lang_python,6321.0,0,0,0.047687619680903404,True
46934,Python,lang_python,7776.0,0,1,0.8969238924733911,False
36451,Python,lang_python,48726.0,0,0,0.12058061228415803,True
34516,Python,lang_python,72644.0,0,1,0.8023420156258703,False
6788,Python,lang_python,10000.0,0,0,0.02251551469502968,True
26670,Python,lang_python,216000.0,1,1,0.9499330061531741,True
14149,Python,lang_python,171452.0,1,1,0.7797536406407567,True
19522,Python,lang_python,63808.0,0,0,0.15679420099586472,True
39066,Python,lang_python,185623.0,1,1,0.6240101527338886,True
24699,Python,lang_python,120000.0,1,1,0.9547625886908286,True
46811,Python,lang_python,29254.0,0,0,0.24051972289321236,True
5984,Python,lang_python,14060.0,0,0,0.056418496418933144,True
10223,Python,lang_python,104829.0,1,1,0.7379591575371225,True
19906,Python,lang_python,46638.0,0,0,0.45388096886408524,True
40786,Python,lang_python,45446.0,0,0,0.16480344136932806,True
45357,Python,lang_python,285000.0,1,1,0.9896776756247997,True
40366,Python,lang_python,58007.0,0,0,0.23573270764787913,True
6364,Python,lang_python,170000.0,1,1,0.9548128210241568,True
23174,Python,lang_python,232029.0,1,1,0.8527441807808213,True
5715,Python,lang_python,140000.0,1,1,0.90915853451076,True
5062,Python,lang_python,11601.0,0,0,0.4352819697703616,True
189,Python,lang_python,74878.0,0,1,0.7769322875278662,False
2060,Python,lang_python,170000.0,1,1,0.8842496352103449,True
32145,Python,lang_python,120000.0,1,1,0.8913151888331702,True
15247,Python,lang_python,47330.0,0,0,0.2008167005713927,True
25278,Python,lang_python,80000.0,1,0,0.11112724827599779,False
9337,Python,lang_python,11613.0,0,0,0.06756255867064327,True
45927,Python,lang_python,70440.0,0,1,0.7169211391713416,False
19788,Python,lang_python,65009.0,0,0,0.4368312512149679,True
12958,Python,lang_python,162523.0,1,1,0.9620609747103919,True
4667,Python,lang_python,154991.0,1,1,0.905807468200509,True
44088,Python,lang_python,108083.0,1,1,0.827796415030165,True
4508,Python,lang_python,3510.0,0,0,0.13017998694277108,True
17900,Python,lang_python,32767.0,0,0,0.02986813460101772,True
36165,Python,lang_python,27844.0,0,0,0.17390082868352166,True
3107,Python,lang_python,27306.0,0,0,0.04352780619070836,True
26046,Python,lang_python,63000.0,0,0,0.2928116266732724,True
19812,Python,lang_python,39445.0,0,0,0.03853829264092615,True
36459,Python,lang_python,86000.0,1,1,0.7197520608479079,True
14308,Python,lang_python,175000.0,1,1,0.9570912763717919,True
16983,Python,lang_python,57179.0,0,1,0.5242009622663611,False
34130,Python,lang_python,71510.0,0,0,0.361174935671704,True
30466,Python,lang_python,83857.0,1,1,0.5738218807629865,True
545,Python,lang_python,90000.0,1,1,0.8429316465572787,True
38921,Python,lang_python,190000.0,1,1,0.9501948518930677,True
3329,Python,lang_python,22354.0,0,0,0.06146542170582256,True
668,Python,lang_python,56499.0,0,0,0.47279719473294163,True
4486,Python,lang_python,110516.0,1,1,0.7146732831910515,True
36336,Python,lang_python,121815.0,1,1,0.5591456000961672,True
6460,Python,lang_python,139218.0,1,0,0.3267075013150608,False
15390,Python,lang_python,135000.0,1,1,0.9439585811422758,True
41760,Python,lang_python,35965.0,0,0,0.11607863600064519,True
13912,Python,lang_python,350000.0,1,1,0.9737491866767906,True
37636,Python,lang_python,140000.0,1,1,0.8904489534268872,True
46209,Python,lang_python,46406.0,0,0,0.26378246743540384,True
16182,Python,lang_python,11601.0,0,1,0.7090195922379049,False
24558,Python,lang_python,84568.0,1,0,0.2572394097419463,False
44113,Python,lang_python,52207.0,0,0,0.17470775413297712,True
26254,Python,lang_python,129334.0,1,1,0.8344754465244912,True
45867,Python,lang_python,116733.0,1,1,0.7630223529584411,True
627,Python,lang_python,180000.0,1,1,0.9610991175214117,True
17830,Python,lang_python,89867.0,1,0,0.2611215378978215,False
38037,Python,lang_python,117661.0,1,0,0.06535202222950989,False
914,Python,lang_python,48000.0,0,1,0.7074938636323478,False
37951,Python,lang_python,69609.0,0,0,0.14042541611394088,True
13228,Python,lang_python,92812.0,1,1,0.6310736246593033,True
17043,Python,lang_python,23403.0,0,0,0.009588113981395988,True
13962,Python,lang_python,3817.0,0,0,0.005348970107563495,True
15419,Python,lang_python,46406.0,0,0,0.2549972267192921,True
14172,Python,lang_python,72800.0,0,1,0.7563554877036953,False
26678,Python,lang_python,169426.0,1,1,0.9518823876868744,True
42673,Python,lang_python,97452.0,1,1,0.6114775668447938,True
9863,Python,lang_python,11159.0,0,0,0.11169110522830156,True
48377,Python,lang_python,75000.0,0,1,0.6962349508736421,False
20341,Python,lang_python,16383.0,0,0,0.1302807255837519,True
25606,Python,lang_python,4068.0,0,0,0.023958794569973373,True
18246,Python,lang_python,151053.0,1,1,0.9395196986336777,True
5186,Python,lang_python,120000.0,1,1,0.9856301652769724,True
22644,Python,lang_python,11601.0,0,0,0.04124211805499087,True
1549,Python,lang_python,73000.0,0,0,0.17696001690157395,True
42571,Python,lang_python,58007.0,0,1,0.6747339048158173,False
8817,Python,lang_python,92812.0,1,1,0.671807334983056,True
8928,Python,lang_python,6000.0,0,0,0.09039144272630951,True
12758,Python,lang_python,58120.0,0,0,0.045266983574784904,True
13124,Python,lang_python,171110.0,1,1,0.957583796850201,True
33945,Python,lang_python,116015.0,1,1,0.6598211893171936,True
27689,Python,lang_python,148791.0,1,1,0.9237580997866583,True
22327,Python,lang_python,95000.0,1,1,0.6531614294265111,True
10365,Python,lang_python,58007.0,0,0,0.4224190331250156,True
29757,Python,lang_python,92812.0,1,1,0.7278813616684172,True
16514,Python,lang_python,35733.0,0,0,0.04250086504261334,True
26143,Python,lang_python,102.0,0,0,0.37034837973549445,True
36882,Python,lang_python,116464.0,1,1,0.6854424999031314,True
2067,Python,lang_python,81835.0,1,1,0.6755746277525229,True
1554,Python,lang_python,89000.0,1,0,0.36915764417454044,False
13546,Python,lang_python,58007.0,0,0,0.4736705652402093,True
19959,Python,lang_python,348044.0,1,1,0.7593705043953035,True
4086,Python,lang_python,97452.0,1,1,0.8533691259296405,True
3074,Python,lang_python,171927.0,1,1,0.5646327382586287,True
21792,Python,lang_python,29060.0,0,0,0.19271082073563595,True
36992,Python,lang_python,45879.0,0,1,0.6146150317995083,False
36153,Python,lang_python,34804.0,0,1,0.6413736507669547,False
25789,Python,lang_python,104225.0,1,1,0.8262423735725419,True
38880,Python,lang_python,81000.0,1,1,0.8635594033246158,True
24122,Python,lang_python,58007.0,0,0,0.09792579160350408,True
21619,Python,lang_python,195028.0,1,1,0.9545354818136316,True
6137,Python,lang_python,34544.0,0,0,0.038985826545717674,True
21138,Python,lang_python,220000.0,1,1,0.8820028054490633,True
43320,Python,lang_python,10000.0,0,1,0.9200897134282587,False
198,Python,lang_python,190000.0,1,1,0.967051989078594,True
40354,Python,lang_python,127616.0,1,0,0.31021796132217255,False
7003,Python,lang_python,260037.0,1,1,0.9868519245458157,True
37567,Python,lang_python,200000.0,1,1,0.9542959320244299,True
37110,Python,lang_python,111374.0,1,1,0.5709298136537765,True
35041,Python,lang_python,67400.0,0,0,0.1011768135215759,True
24489,Python,lang_python,40867.0,0,0,0.08431614203809791,True
26412,Python,lang_python,280000.0,1,1,0.9715874532535362,True
30385,Python,lang_python,27306.0,0,0,0.1186925726730958,True
11563,Python,lang_python,90000.0,1,1,0.6998760793533078,True
36951,Python,lang_python,97452.0,1,1,0.5906646989126624,True
23626,Python,lang_python,44052.0,0,0,0.12218228402463467,True
17326,Python,lang_python,73000.0,0,1,0.7354235848489242,False
30634,Python,lang_python,145000.0,1,1,0.8253146330835912,True
2836,Python,lang_python,100000.0,1,1,0.8512139241265065,True
7769,Python,lang_python,240000.0,1,1,0.9752387811907544,True
34918,Python,lang_python,104829.0,1,1,0.7432510093464472,True
31982,Python,lang_python,165000.0,1,1,0.9716617294362578,True
43917,Python,lang_python,29004.0,0,0,0.055183503842866126,True
36334,Python,lang_python,43680.0,0,1,0.7549773697360712,False
26572,Python,lang_python,137000.0,1,1,0.9567020061360616,True
24270,Python,lang_python,250000.0,1,1,0.8558170575060836,True
17521,Python,lang_python,120000.0,1,1,0.9885151533925778,True
46061,Python,lang_python,125357.0,1,0,0.31055250769069337,False
13930,Python,lang_python,19649.0,0,0,0.19256379553183345,True
11668,Python,lang_python,112334.0,1,1,0.6215477856492103,True
35948,Python,lang_python,49886.0,0,0,0.03777733497129682,True
13526,Python,lang_python,46406.0,0,1,0.7222648841499185,False
5913,Python,lang_python,46496.0,0,0,0.035772554630225675,True
1140,Python,lang_python,62893.0,0,0,0.4664456623972919,True
11720,Python,lang_python,136141.0,1,0,0.37412802472100726,False
24341,Python,lang_python,41340.0,0,0,0.07583679269837838,True
26653,Python,lang_python,18557.0,0,0,0.11699908325047657,True
24261,Python,lang_python,75410.0,0,0,0.10857973059309835,True
5221,Python,lang_python,254851.0,1,1,0.8025340944762656,True
6523,Python,lang_python,111975.0,1,1,0.7339245752497308,True
6323,Python,lang_python,62744.0,0,0,0.19578751731763178,True
460,Python,lang_python,49886.0,0,0,0.07192562498785794,True
11138,Python,lang_python,15619.0,0,0,0.02367678579794248,True
29623,Python,lang_python,64736.0,0,1,0.5585186260354628,False
20725,Python,lang_python,90491.0,1,1,0.5670602791391208,True
37108,Python,lang_python,62409.0,0,1,0.8001531897749888,False
5811,Python,lang_python,150000.0,1,0,0.4077981727572651,False
25872,Python,lang_python,5580.0,0,0,0.001682865724750001,True
36763,Python,lang_python,16507.0,0,0,0.024719786922385592,True
37498,Python,lang_python,129250.0,1,1,0.7384293556390571,True
18089,Python,lang_python,69609.0,0,0,0.11782978639556765,True
19417,Python,lang_python,260000.0,1,1,0.995842057430823,True
26361,Python,lang_python,121000.0,1,1,0.8678454645767834,True
30399,Python,lang_python,168000.0,1,1,0.7099803872175723,True
14187,Python,lang_python,74761.0,0,1,0.6970614975963989,False
27190,Python,lang_python,120.0,0,1,0.8288650953317614,False
2323,Python,lang_python,37705.0,0,0,0.09921459927822388,True
1586,Python,lang_python,120000.0,1,1,0.931848446748921,True
20332,Python,lang_python,73089.0,0,1,0.581250106751726,False
8586,Python,lang_python,74650.0,0,1,0.7427277365861314,False
28864,Python,lang_python,4612.0,0,0,0.18192883808234314,True
37308,Python,lang_python,210000.0,1,1,0.9823873521198504,True
10199,Python,lang_python,48726.0,0,0,0.37821051530578126,True
6061,Python,lang_python,104199.0,1,1,0.9190429120900714,True
25746,Python,lang_python,7281.0,0,0,0.06891356195070476,True
40514,Python,lang_python,116015.0,1,0,0.3122978326457296,False
39303,Python,lang_python,108913.0,1,1,0.8037002288439072,True
2773,Python,lang_python,62625.0,0,1,0.5651290914601306,False
46022,Python,lang_python,33886.0,0,0,0.006300797567535785,True
1534,Python,lang_python,110000.0,1,1,0.9283592123065005,True
27611,Python,lang_python,1790.0,0,0,0.0016299224621957379,True
9708,Python,lang_python,87011.0,1,0,0.39973508882196135,False
22065,Python,lang_python,139218.0,1,1,0.7438672971155585,True
31964,Python,lang_python,26000.0,0,0,0.048958489658525395,True
29527,Python,lang_python,23203.0,0,0,0.11716648442436932,True
37131,Python,lang_python,135000.0,1,1,0.9491313422119347,True
46149,Python,lang_python,84691.0,1,1,0.6952523708076569,True
2131,Python,lang_python,120000.0,1,1,0.9653866416860677,True
48516,Python,lang_python,54457.0,0,1,0.6417443461729595,False
11545,Python,lang_python,129334.0,1,1,0.7066131692931161,True
39371,Python,lang_python,40605.0,0,0,0.16280972264862692,True
45798,Python,lang_python,96864.0,1,1,0.7099348798697641,True
45891,Python,lang_python,162523.0,1,1,0.9728459548872432,True
27609,Python,lang_python,36000.0,0,0,0.21654551557028093,True
9349,Python,lang_python,50000.0,0,0,0.20472573212029357,True
3472,Python,lang_python,330000.0,1,1,0.9785413230496358,True
43609,Python,lang_python,52207.0,0,0,0.07380938217486947,True
34779,Python,lang_python,5461.0,0,0,0.009098340526338377,True
44247,Python,lang_python,110000.0,1,1,0.6332744696565871,True
10352,Python,lang_python,63808.0,0,0,0.06909714576163718,True
19494,Python,lang_python,23563.0,0,0,0.09968245511791188,True
38486,Python,lang_python,99194.0,1,1,0.8134492524469615,True
28855,Python,lang_python,173.0,0,0,0.08682599970562314,True
39265,Python,lang_python,103633.0,1,0,0.20269330421773207,False
35487,Python,lang_python,86314.0,1,1,0.783809222858065,True
40617,Python,lang_python,120000.0,1,1,0.9255753517758534,True
46804,Python,lang_python,72958.0,0,1,0.8627987004899899,False
12615,Python,lang_python,81685.0,1,1,0.7933667435290025,True
491,Python,lang_python,2400.0,0,0,0.003525632909317766,True
28695,Python,lang_python,1000.0,0,0,0.00038826232964697156,True
4658,Python,lang_python,204212.0,1,1,0.9402310504529479,True
14884,Python,lang_python,36753.0,0,0,0.10844070793528088,True
13983,Python,lang_python,50000.0,0,1,0.8874755704686258,False
4065,Python,lang_python,272283.0,1,1,0.9516597605089094,True
8251,Python,lang_python,60000.0,0,1,0.9100384814097745,False
36282,Python,lang_python,29060.0,0,0,0.037917534314659634,True
17627,Python,lang_python,92812.0,1,1,0.6774307210578203,True
10211,Python,lang_python,7834.0,0,0,0.14694558280376968,True
15817,Python,lang_python,42256.0,0,0,0.252899375176625,True
28331,Python,lang_python,45246.0,0,1,0.6325835849529583,False
20846,Python,lang_python,102142.0,1,1,0.7480313618949094,True
41386,Python,lang_python,162000.0,1,1,0.9852379160837375,True
11415,Python,lang_python,65000.0,0,1,0.6180881347016761,False
617,Python,lang_python,13949.0,0,0,0.0868818851761056,True
3191,Python,lang_python,1162.0,0,0,0.01733556757948272,True
36642,Python,lang_python,46406.0,0,0,0.44381206655483496,True
43194,Python,lang_python,65348.0,0,1,0.7620107291564663,False
43125,Python,lang_python,136141.0,1,0,0.30518433228913,False
13709,Python,lang_python,75410.0,0,0,0.437496819985511,True
2698,Python,lang_python,172199.0,1,1,0.8520543346831781,True
11239,Python,lang_python,149756.0,1,1,0.8867494640963383,True
14960,Python,lang_python,69609.0,0,0,0.4129564161991473,True
40100,Python,lang_python,350000.0,1,1,0.97492839780508,True
33340,Python,lang_python,110000.0,1,1,0.8133018180362697,True
14069,Python,lang_python,40605.0,0,0,0.1457870914399018,True
34607,Python,lang_python,92812.0,1,1,0.5557784451296041,True
19113,Python,lang_python,130000.0,1,1,0.7269100035869074,True
40863,Python,lang_python,104413.0,1,1,0.7952853379104231,True
18575,Python,lang_python,118593.0,1,1,0.9281971294789327,True
14602,Python,lang_python,58007.0,0,0,0.06033902491904948,True
39218,Python,lang_python,55671.0,0,0,0.22967560189009914,True
13222,Python,lang_python,46406.0,0,0,0.15857656334268574,True
45262,Python,lang_python,126456.0,1,1,0.5863602815865097,True
5038,Python,lang_python,153113.0,1,0,0.40215246750181965,False
28986,Python,lang_python,280000.0,1,1,0.9883885202038396,True
37579,Python,lang_python,73541.0,0,1,0.6259912880458804,False
4716,Python,lang_python,69744.0,0,0,0.165979077043591,True
5354,Python,lang_python,108913.0,1,1,0.6892031387958464,True
2177,Python,lang_python,116015.0,1,1,0.6598419354662571,True
31673,Python,lang_python,24000.0,0,0,0.1726356045740949,True
4040,Python,lang_python,68071.0,0,1,0.9076998487043505,False
48336,Python,lang_python,55714.0,0,0,0.1946749513975915,True
42744,Python,lang_python,43009.0,0,0,0.09454490471694076,True
15485,Python,lang_python,116015.0,1,1,0.7134094063994504,True
34602,Python,lang_python,69609.0,0,0,0.22981316709470623,True
1562,Python,lang_python,50759.0,0,0,0.3740190606637928,True
12340,Python,lang_python,7643.0,0,0,0.06578179033474414,True
40377,Python,lang_python,221000.0,1,1,0.9695330704924504,True
46134,Python,lang_python,116015.0,1,1,0.6392812968264553,True
13319,Python,lang_python,31583.0,0,0,0.13157298237676518,True
17954,Python,lang_python,58541.0,0,0,0.17204585423716018,True
27409,Python,lang_python,110214.0,1,1,0.8324600522348201,True
19675,Python,lang_python,63808.0,0,1,0.524231541635875,False
25012,Python,lang_python,102106.0,1,1,0.5538769848197805,True
13162,Python,lang_python,116015.0,1,1,0.7276426630098585,True
27304,Python,lang_python,17225.0,0,0,0.14047717338961774,True
46554,Python,lang_python,6974.0,0,0,0.014920196641475656,True
37417,Python,lang_python,73375.0,0,1,0.7696545328939026,False
40048,Python,lang_python,69609.0,0,0,0.43111414776092455,True
3583,Python,lang_python,70208.0,0,1,0.6512213429393773,False
32196,Python,lang_python,40000.0,0,0,0.1975561034940754,True
42242,Python,lang_python,1162.0,0,0,0.0002651242486671096,True
3158,Python,lang_python,77361.0,1,1,0.567403538498273,True
24250,Python,lang_python,32484.0,0,0,0.10889757197926637,True
30821,Python,lang_python,30804.0,0,0,0.12893178104320296,True
21263,Python,lang_python,60000.0,0,1,0.9406788158756728,False
31400,Python,lang_python,53376.0,0,0,0.13820952054073748,True
4230,Python,lang_python,32474.0,0,0,0.3777616308022274,True
41103,Python,lang_python,95299.0,1,1,0.9207250741273242,True
26473,Python,lang_python,100000.0,1,1,0.9869566004341435,True
2295,Python,lang_python,44210.0,0,0,0.27607632523489106,True
34363,Python,lang_python,69609.0,0,1,0.6438005879171873,False
11500,Python,lang_python,250000.0,1,1,0.9741533776864251,True
4956,Python,lang_python,180000.0,1,1,0.8781341195869999,True
13456,Python,lang_python,45294.0,0,0,0.1301841912325268,True
10388,Python,lang_python,66128.0,0,0,0.27939202350967657,True
28236,Python,lang_python,20631.0,0,0,0.16583886101114834,True
409,Python,lang_python,205000.0,1,1,0.9901091797772663,True
12780,Python,lang_python,104413.0,1,1,0.765006298392247,True
40497,Python,lang_python,109438.0,1,1,0.7880222266772064,True
18603,Python,lang_python,7541.0,0,0,0.007652938891203252,True
14015,Python,lang_python,156950.0,1,0,0.330426793466612,False
45767,Python,lang_python,75000.0,0,0,0.2960984657207101,True
2568,Python,lang_python,92000.0,1,1,0.7495700494866187,True
44335,Python,lang_python,74878.0,0,1,0.6495312367740131,False
39201,Python,lang_python,81761.0,1,0,0.20207718518644466,False
40539,Python,lang_python,67655.0,0,0,0.24583933311079456,True
41286,Python,lang_python,135000.0,1,1,0.969398324345658,True
36524,Python,lang_python,53367.0,0,1,0.5195784405014313,False
2684,Python,lang_python,130000.0,1,1,0.9001730259837871,True
15417,Python,lang_python,143420.0,1,1,0.9452795296288032,True
35804,Python,lang_python,60000.0,0,0,0.008032409986071498,True
19772,Python,lang_python,84691.0,1,1,0.8151308499547741,True
30389,Python,lang_python,208826.0,1,0,0.1433923781723264,False
38108,Python,lang_python,5250.0,0,0,0.06556292012336047,True
12038,Python,lang_python,8460.0,0,1,0.5548014850914263,False
12226,Python,lang_python,103282.0,1,1,0.74532928318049,True
26902,Python,lang_python,87011.0,1,1,0.6036262988993816,True
39208,Python,lang_python,84512.0,1,1,0.8083053487988858,True
45948,Python,lang_python,92812.0,1,0,0.22103731565178153,False
15261,Python,lang_python,150000.0,1,1,0.9723129010373048,True
19598,Python,lang_python,100000.0,1,1,0.783561804763336,True
3299,Python,lang_python,50000.0,0,1,0.7085943226879975,False
26552,Python,lang_python,102400.0,1,1,0.8029732132060965,True
18103,Python,lang_python,100000.0,1,1,0.50777628754651,True
31048,Python,lang_python,28083.0,0,0,0.15377929097727155,True
28222,Python,lang_python,140417.0,1,0,0.4291545534282583,False
10343,Python,lang_python,59678.0,0,0,0.06018462044973324,True
14503,Python,lang_python,108126.0,1,1,0.9726308427213477,True
12345,Python,lang_python,5400.0,0,0,0.02505964983978222,True
11472,Python,lang_python,70208.0,0,0,0.2450930238231573,True
13214,Python,lang_python,31313.0,0,0,0.01757440187335125,True
30635,Python,lang_python,104015.0,1,1,0.9574868764445823,True
612,Python,lang_python,61488.0,0,0,0.15185013489485114,True
37582,Python,lang_python,87011.0,1,1,0.5771413618255523,True
16376,Python,lang_python,52308.0,0,0,0.09066881021361754,True
2099,Python,lang_python,66709.0,0,0,0.3406941605827434,True
45536,Python,lang_python,200000.0,1,1,0.9730580170231787,True
28207,Python,lang_python,6187.0,0,0,0.018208462631455417,True
4301,Python,lang_python,81210.0,1,1,0.7682017752869931,True
14654,Python,lang_python,108424.0,1,0,0.4534387331690511,False
11385,Python,lang_python,81761.0,1,0,0.4031071376393703,False
30354,Python,lang_python,118000.0,1,1,0.8528783028217383,True
1800,Python,lang_python,58946.0,0,0,0.28419989794908396,True
22000,Python,lang_python,12273.0,0,0,0.05951735620271373,True
3205,Python,lang_python,315000.0,1,1,0.9490223055648045,True
4479,Python,lang_python,21687.0,0,0,0.06990878842459107,True
40435,Python,lang_python,36847.0,0,0,0.10800904494669654,True
41151,Python,lang_python,512.0,0,0,0.003067178257013879,True
7923,Python,lang_python,102142.0,1,1,0.8429584340975328,True
35222,Python,lang_python,33886.0,0,0,0.08429964920784963,True
6850,Python,lang_python,108566.0,1,0,0.21866904237928553,False
46317,Python,lang_python,324841.0,1,1,0.9276053297932544,True
30499,Python,lang_python,3190.0,0,0,0.42078089289486376,True
14978,Python,lang_python,52207.0,0,0,0.2222111273098179,True
37980,Python,lang_python,134973.0,1,1,0.8904986140588124,True
6654,Python,lang_python,12014.0,0,0,0.006456236942370924,True
6087,Python,lang_python,104413.0,1,1,0.6284565549584346,True
44964,Python,lang_python,173000.0,1,1,0.955580934236843,True
2437,Python,lang_python,170000.0,1,1,0.9897682602880712,True
44766,Python,lang_python,32674.0,0,0,0.34319997094294247,True
36460,Python,lang_python,350000.0,1,1,0.9856345617709886,True
19593,Python,lang_python,84512.0,1,1,0.7612268963160426,True
35060,Python,lang_python,5300.0,0,0,0.049759118101365137,True
41219,Python,lang_python,185623.0,1,1,0.7683272415558939,True
26529,Python,lang_python,221032.0,1,1,0.9119398520808021,True
21078,Python,lang_python,32831.0,0,1,0.7149268878655465,False
40136,Python,lang_python,95000.0,1,1,0.9540095382208359,True
11631,Python,lang_python,210000.0,1,1,0.9951775897341891,True
40141,Python,lang_python,50496.0,0,0,0.4409675855258473,True
16606,Python,lang_python,41765.0,0,0,0.10175864748166107,True
40122,Python,lang_python,46845.0,0,0,0.22920295243122704,True
4189,Python,lang_python,87011.0,1,1,0.5854917578590212,True
3700,Python,lang_python,348044.0,1,1,0.7059003464623745,True
15794,Python,lang_python,31324.0,0,0,0.04757936496424088,True
463,Python,lang_python,130000.0,1,1,0.8854072379906198,True
3202,Python,lang_python,200000.0,1,1,0.9889958835956949,True
28312,Python,lang_python,85190.0,1,0,0.050449645375063565,False
37839,Python,lang_python,320000.0,1,1,0.9707407213297158,True
40193,Python,lang_python,220000.0,1,1,0.9154585239884092,True
29219,Python,lang_python,104015.0,1,1,0.7144438406999346,True
11159,Python,lang_python,19103.0,0,0,0.009842118059278706,True
3282,Python,lang_python,127677.0,1,1,0.7084909204713726,True
29169,Python,lang_python,340000.0,1,1,0.9979619244044445,True
25538,Python,lang_python,215000.0,1,1,0.931707702516602,True
40958,Python,lang_python,27359.0,0,0,0.1390576623894597,True
5651,Python,lang_python,73375.0,0,0,0.47692421573922583,True
24514,Python,lang_python,167000.0,1,1,0.9715331403621585,True
18825,Python,lang_python,218875.0,1,1,0.6267785385696446,True
28459,Python,lang_python,4650.0,0,0,0.018373689979477997,True
1103,Python,lang_python,52207.0,0,0,0.24064278420167892,True
41092,Python,lang_python,69609.0,0,1,0.53594429375752,False
11116,Python,lang_python,185000.0,1,1,0.993864036234421,True
5576,Python,lang_python,4873.0,0,0,0.006315915515920146,True
11113,Python,lang_python,82602.0,1,0,0.2690868785742,False
37529,Python,lang_python,546.0,0,0,0.00792550480719309,True
46702,Python,lang_python,25523.0,0,0,0.08772072205629491,True
1656,Python,lang_python,40605.0,0,0,0.16006757670319122,True
15544,Python,lang_python,206000.0,1,1,0.9542921989485178,True
37065,Python,lang_python,69609.0,0,0,0.30968050659892965,True
5163,Python,lang_python,47063.0,0,0,0.42956590076471673,True
19461,Python,lang_python,135530.0,1,1,0.776302491541647,True
48818,Python,lang_python,180000.0,1,1,0.942489701956412,True
8901,Python,lang_python,68071.0,0,1,0.812934798072569,False
44905,Python,lang_python,10462.0,0,0,0.00994523344149305,True
13961,Python,lang_python,300000.0,1,1,0.90324256010924,True
46945,Python,lang_python,4068.0,0,0,0.019392820989902727,True
36857,Python,lang_python,58007.0,0,1,0.8110234337404953,False
35686,Python,lang_python,180000.0,1,1,0.9670788768112543,True
1032,Python,lang_python,14502.0,0,0,0.014442295519394664,True
5870,Python,lang_python,165000.0,1,1,0.88735884825568,True
27138,Python,lang_python,162421.0,1,1,0.7912631695509857,True
17932,Python,lang_python,140000.0,1,1,0.6757621991158882,True
3208,Python,lang_python,220000.0,1,1,0.9754139178491618,True
34440,Python,lang_python,81210.0,1,1,0.5511304972293711,True
36822,Python,lang_python,25485.0,0,0,0.207107504858192,True
4885,Python,lang_python,14762.0,0,0,0.057247576708434646,True
31386,Python,lang_python,72815.0,0,0,0.107320478328071,True
731,Python,lang_python,30623.0,0,0,0.33759169023812,True
20658,Python,lang_python,69609.0,0,0,0.29053669037926005,True
3943,Python,lang_python,66709.0,0,1,0.7216729467062808,False
3983,Python,lang_python,66128.0,0,0,0.44330274158354765,True
15398,Python,lang_python,124416.0,1,1,0.964699291479125,True
1417,Python,lang_python,221402.0,1,1,0.9805671930415795,True
19530,Python,lang_python,211019.0,1,1,0.9525137689783066,True
46339,Python,lang_python,60328.0,0,0,0.3024336608309939,True
36850,Python,lang_python,1000.0,0,0,0.07533897254320558,True
14847,Python,lang_python,16706.0,0,0,0.016529618796748503,True
25764,Python,lang_python,148791.0,1,1,0.8121281847834015,True
22417,Python,lang_python,116015.0,1,0,0.45676183318164215,False
28167,Python,lang_python,127616.0,1,1,0.904717341394692,True
25369,Python,lang_python,58471.0,0,1,0.720557516357518,False
3738,Python,lang_python,59301.0,0,0,0.3017937492166258,True
15622,Python,lang_python,28759.0,0,0,0.033129652371834385,True
39378,Python,lang_python,91018.0,1,0,0.1402178330791237,False
48839,Python,lang_python,25500.0,0,0,0.07753216084910491,True
27638,Python,lang_python,92812.0,1,0,0.18175152380191706,False
29156,Python,lang_python,64933.0,0,0,0.332709657735339,True
28196,Python,lang_python,75410.0,0,1,0.579564629276977,False
5871,Python,lang_python,136520.0,1,1,0.9116874422968887,True
30835,Python,lang_python,116733.0,1,1,0.908232974813894,True
32645,Python,lang_python,290000.0,1,1,0.9535099120472512,True
11820,Python,lang_python,62015.0,0,0,0.36289874508432274,True
44204,Python,lang_python,108913.0,1,1,0.5261571265972648,True
2673,Python,lang_python,10000.0,0,0,0.035493592052076535,True
35756,Python,lang_python,300000.0,1,1,0.9560993167942686,True
12894,Python,lang_python,92812.0,1,0,0.4732997386675863,False
6751,Python,lang_python,31809.0,0,0,0.012611962412322469,True
22148,Python,lang_python,116015.0,1,1,0.6944570294455702,True
10134,Python,lang_python,70769.0,0,1,0.7205883910315792,False
1951,Python,lang_python,99773.0,1,1,0.7064030500667999,True
19105,Python,lang_python,81210.0,1,1,0.6315173653739783,True
40374,Python,lang_python,55000.0,0,0,0.37169610656891966,True
36634,Python,lang_python,5617.0,0,0,0.0026466130452262164,True
36744,Python,lang_python,100000.0,1,1,0.769410547232614,True
17176,Python,lang_python,240000.0,1,1,0.9876329040706775,True
43310,Python,lang_python,81210.0,1,1,0.6737631742215741,True
27151,Python,lang_python,147000.0,1,1,0.9873934472619295,True
13217,Python,lang_python,250000.0,1,1,0.9715351418103266,True
38557,Python,lang_python,56604.0,0,1,0.7414654297612615,False
12566,Python,lang_python,124000.0,1,1,0.746961919458823,True
1178,Python,lang_python,70000.0,0,1,0.7119723492113766,False
1378,Python,lang_python,16374.0,0,0,0.04365042930816743,True
3986,Python,lang_python,41640.0,0,0,0.13848944965550486,True
34654,Python,lang_python,47566.0,0,0,0.149356502687841,True
5557,Python,lang_python,51407.0,0,0,0.3528345697910118,True
15673,Python,lang_python,40000.0,0,1,0.6335948108095363,False
284,Python,lang_python,76512.0,1,1,0.7930469928076325,True
31349,Python,lang_python,75472.0,0,0,0.35598174999512705,True
8655,Python,lang_python,46806.0,0,0,0.04463624556724205,True
42767,Python,lang_python,174022.0,1,1,0.6130282641962025,True
26349,Python,lang_python,150000.0,1,1,0.8979251427963486,True
8074,Python,lang_python,78890.0,1,0,0.4767276821754223,False
32330,Python,lang_python,1007.0,0,0,0.12310119221126485,True
13277,Python,lang_python,345724.0,1,1,0.8314681798467876,True
34622,Python,lang_python,27268.0,0,0,0.09095018307109497,True
12337,Python,lang_python,22056.0,0,1,0.7158492230919691,False
28550,Python,lang_python,43000.0,0,0,0.09957266288567249,True
39533,Python,lang_python,64933.0,0,1,0.743620082266653,False
27520,Python,lang_python,93000.0,1,1,0.8696211582975145,True
18545,Python,lang_python,105000.0,1,1,0.8321799853672601,True
24799,Python,lang_python,120000.0,1,1,0.9107035372442496,True
1289,Python,lang_python,200000.0,1,1,0.9400337766059342,True
46147,Python,lang_python,104413.0,1,1,0.5854125400499051,True
44558,Python,lang_python,90491.0,1,0,0.34782432861453083,False
24659,Python,lang_python,61759.0,0,1,0.6316289608871118,False
7738,Python,lang_python,2204.0,0,0,0.01192377892277519,True
33676,Python,lang_python,97452.0,1,0,0.3144786967479561,False
46475,Python,lang_python,160000.0,1,1,0.8565724938087613,True
26881,Python,lang_python,48726.0,0,0,0.4927532229294783,True
14975,Python,lang_python,139218.0,1,1,0.8505342679436269,True
45583,Python,lang_python,13922.0,0,0,0.3525214045833043,True
38320,Python,lang_python,116015.0,1,0,0.11197504257997438,False
42156,Python,lang_python,180000.0,1,1,0.978887664072915,True
6474,Python,lang_python,40127.0,0,1,0.6701165543212481,False
32057,Python,lang_python,162000.0,1,1,0.9030011547972527,True
9787,Python,lang_python,76566.0,1,1,0.7415546612655985,True
27212,Python,lang_python,54449.0,0,0,0.288904253912923,True
14163,Python,lang_python,55723.0,0,0,0.1311313047124675,True
3931,Python,lang_python,46496.0,0,0,0.20253988906354042,True
11890,Python,lang_python,66709.0,0,1,0.5429193325423207,False
17715,Python,lang_python,68581.0,0,1,0.604123586696726,False
1180,Python,lang_python,224000.0,1,1,0.9890004214309482,True
38335,Python,lang_python,210000.0,1,1,0.9628310808894922,True
10995,Python,lang_python,25000.0,0,0,0.15465559610720778,True
41664,Python,lang_python,99383.0,1,1,0.8440470277698546,True
24920,Python,lang_python,17402.0,0,0,0.0046233011179911115,True
38414,Python,lang_python,136141.0,1,1,0.9174715157627658,True
35275,Python,lang_python,180000.0,1,1,0.966024934580565,True
14073,Python,lang_python,46020.0,0,0,0.4862652608782451,True
24163,Python,lang_python,95299.0,1,1,0.8028469178788613,True
16252,Python,lang_python,266834.0,1,1,0.9728420850500987,True
41953,Python,lang_python,98612.0,1,1,0.6599727748671331,True
32988,Python,lang_python,92786.0,1,1,0.5233164124368114,True
20430,Python,lang_python,33849.0,0,0,0.03320752906100474,True
17561,Python,lang_python,174022.0,1,1,0.75309877735949,True
34241,Python,lang_python,115274.0,1,1,0.6888636502049598,True
29880,Python,lang_python,70208.0,0,0,0.21028506838528332,True
10596,Python,lang_python,200000.0,1,1,0.9224092433437558,True
37774,Python,lang_python,40663.0,0,0,0.2792550106868493,True
5258,Python,lang_python,6822.0,0,1,0.8524879609709515,False
37608,Python,lang_python,191424.0,1,1,0.707201723582854,True
16083,Python,lang_python,7541.0,0,1,0.505168491080828,False
26864,Python,lang_python,16564.0,0,0,0.06330940035113153,True
995,Python,lang_python,23203.0,0,1,0.6043775253571682,False
10686,Python,lang_python,26000.0,0,0,0.10105294529954187,True
735,Python,lang_python,175000.0,1,1,0.9803299890250503,True
10978,Python,lang_python,23590.0,0,0,0.001936926567352363,True
18156,Python,lang_python,170000.0,1,1,0.9673718482466472,True
15009,Python,lang_python,27306.0,0,1,0.5401947892988102,False
1380,Python,lang_python,89331.0,1,1,0.6611250907045569,True
5631,Python,lang_python,81038.0,1,1,0.7879578068570912,True
16849,Python,lang_python,106733.0,1,1,0.904402354038543,True
11512,Python,lang_python,4093.0,0,0,0.18571583668581498,True
464,Python,lang_python,67400.0,0,0,0.06670245973972659,True
2904,Python,lang_python,91215.0,1,1,0.7479307347480987,True
19798,Python,lang_python,58120.0,0,0,0.12760862497956096,True
22223,Python,lang_python,45480.0,0,1,0.6880790757228644,False
21067,Python,lang_python,157000.0,1,1,0.8481136110950925,True
13818,Python,lang_python,3000.0,0,0,0.05050890496997401,True
39849,Python,lang_python,26735.0,0,0,0.03338192948779012,True
11672,Python,lang_python,106000.0,1,1,0.9309662436785505,True
3566,Python,lang_python,81210.0,1,0,0.21611927160392894,False
37237,Python,lang_python,50000.0,0,0,0.20566263737114296,True
15564,Python,lang_python,114447.0,1,1,0.8255824631716078,True
15987,Python,lang_python,46496.0,0,0,0.10119131044721552,True
18264,Python,lang_python,165000.0,1,1,0.957503995226599,True
6724,Python,lang_python,176984.0,1,1,0.9015147593008532,True
17605,Python,lang_python,80000.0,1,1,0.8755963755539767,True
17435,Python,lang_python,180000.0,1,1,0.9853115754321089,True
14595,Python,lang_python,73375.0,0,0,0.38662096096496373,True
22039,Python,lang_python,40684.0,0,0,0.10975582426754321,True
37443,Python,lang_python,172000.0,1,1,0.9453954511391308,True
2187,Python,lang_python,235000.0,1,1,0.8839858940918681,True
40992,Python,lang_python,400000.0,1,1,0.9756165322882381,True
25928,Python,lang_python,11949.0,0,0,0.04755335503969289,True
34437,Python,lang_python,73089.0,0,0,0.3452636495681733,True
6590,Python,lang_python,204000.0,1,1,0.8234430746681505,True
2989,Python,lang_python,72870.0,0,0,0.05992933442500078,True
21028,Python,lang_python,220000.0,1,1,0.9625675164361894,True
45014,Python,lang_python,250000.0,1,1,0.9939356781375266,True
6695,Python,lang_python,150000.0,1,1,0.917229433490846,True
42418,Python,lang_python,116015.0,1,1,0.9358949247351173,True
40543,Python,lang_python,193000.0,1,1,0.875361943329712,True
38088,Python,lang_python,63808.0,0,1,0.5539662623576571,False
25914,Python,lang_python,43565.0,0,0,0.13525007507292827,True
40571,Python,lang_python,240000.0,1,1,0.9044263817586999,True
28444,Python,lang_python,5461.0,0,0,0.019615245753966604,True
28933,Python,lang_python,140000.0,1,1,0.9576315891591863,True
11269,Python,lang_python,98612.0,1,0,0.15252307696992376,False
15490,Python,lang_python,280000.0,1,1,0.8454606183778745,True
45949,Python,lang_python,98612.0,1,1,0.5743698602654768,True
14176,Python,lang_python,87550.0,1,1,0.9082958784691576,True
21584,Python,lang_python,9880.0,0,0,0.043281988075055226,True
4699,Python,lang_python,775.0,0,0,0.0177600982481486,True
22889,Python,lang_python,232029.0,1,1,0.8851065388882506,True
2450,Python,lang_python,61264.0,0,0,0.15361617005599787,True
12924,Python,lang_python,316.0,0,0,0.04134840503133082,True
21870,Python,lang_python,13922.0,0,0,0.003450429066719076,True
2532,Python,lang_python,10194.0,0,0,0.009971239148832516,True
14790,Python,lang_python,35949.0,0,0,0.02806855872807368,True
357,Python,lang_python,127616.0,1,0,0.3689036331621302,False
16770,Python,lang_python,20883.0,0,0,0.002663389095904828,True
6449,Python,lang_python,265000.0,1,1,0.9833400626523099,True
18518,Python,lang_python,16338.0,0,0,0.033335635649666594,True
38753,Python,lang_python,102106.0,1,1,0.7998696541411676,True
31989,Python,lang_python,114000.0,1,1,0.8205610966938259,True
3037,Python,lang_python,305000.0,1,1,0.9630838013475846,True
36745,Python,lang_python,100000.0,1,1,0.9308011282271149,True
28522,Python,lang_python,104829.0,1,0,0.4275369753543865,False
18879,Python,lang_python,140000.0,1,1,0.6988138879004168,True
45504,Python,lang_python,76412.0,1,0,0.33668095685441646,False
34462,Python,lang_python,74539.0,0,0,0.4679261683260563,True
1056,Python,lang_python,73901.0,0,0,0.010165499396929664,True
5248,Python,lang_python,68071.0,0,0,0.36527565859532996,True
4614,Python,lang_python,34804.0,0,0,0.03471094632959667,True
21047,Python,lang_python,1820.0,0,0,0.11068816664340192,True
33136,Python,lang_python,14592.0,0,1,0.5866766871963346,False
44910,Python,lang_python,145917.0,1,1,0.9497333187671363,True
19362,Python,lang_python,260000.0,1,1,0.9613782616457089,True
11394,Python,lang_python,162000.0,1,1,0.9245867569987462,True
43547,Python,lang_python,115.0,0,0,0.19021182929197564,True
21513,Python,lang_python,350000.0,1,1,0.9102847044877083,True
21110,Python,lang_python,340000.0,1,1,0.9907041974628493,True
25173,Python,lang_python,8007.0,0,0,0.06171526954291783,True
27224,Python,lang_python,58120.0,0,0,0.13849895225396075,True
39314,Python,lang_python,215000.0,1,1,0.9556549818582198,True
6535,Python,lang_python,160000.0,1,1,0.9628455415980975,True
20195,Python,lang_python,29060.0,0,0,0.05711146598752213,True
6970,Python,lang_python,4073.0,0,0,0.0028940332116914355,True
34902,Python,lang_python,128000.0,1,1,0.9614191942870226,True
46189,Python,lang_python,100000.0,1,0,0.09401898487480605,False
24805,Python,lang_python,267.0,0,0,0.04762959243078582,True
44250,Python,lang_python,49886.0,0,0,0.09441946985370886,True
11934,Python,lang_python,110000.0,1,1,0.8929727243989957,True
5558,Python,lang_python,50000.0,0,1,0.7984588345992231,False
45270,Python,lang_python,310000.0,1,1,0.9830325397380154,True
11972,Python,lang_python,43734.0,0,0,0.26064165089380925,True
29485,Python,lang_python,4412.0,0,0,0.015074822395474856,True
28655,Python,lang_python,58007.0,0,0,0.3668444609120233,True
16902,Python,lang_python,26474.0,0,0,0.06655909352150943,True
11600,Python,lang_python,58367.0,0,1,0.6813668188489918,False
8810,Python,lang_python,124029.0,1,1,0.8323404454256489,True
15190,Python,lang_python,55818.0,0,0,0.45677364057243275,True
5377,Python,lang_python,904.0,0,0,0.022438294607371987,True
21416,Python,lang_python,156000.0,1,1,0.8961538217238987,True
8353,Python,lang_python,29004.0,0,1,0.9245896461447357,False
38679,Python,lang_python,110000.0,1,1,0.9470671708654129,True
25939,Python,lang_python,60000.0,0,1,0.964295021329379,False
41162,Python,lang_python,65663.0,0,0,0.18549956739763887,True
11435,Python,lang_python,63808.0,0,0,0.10501470295988322,True
1904,Python,lang_python,275000.0,1,1,0.8934761921916766,True
48952,Python,lang_python,55795.0,0,0,0.10439685308653089,True
24249,Python,lang_python,5872.0,0,0,0.0361876230459376,True
12794,Python,lang_python,2654.0,0,0,0.03614329424835232,True
3077,Python,lang_python,76433.0,1,1,0.5618014760513044,True
19370,Python,lang_python,59826.0,0,0,0.4088241532620269,True
86,Python,lang_python,139218.0,1,0,0.3691997031861706,False
26117,Python,lang_python,180000.0,1,1,0.9774562289732337,True
1653,Python,lang_python,52207.0,0,1,0.6539913366177619,False
6903,Python,lang_python,63808.0,0,0,0.12706094883150107,True
35301,Python,lang_python,220000.0,1,1,0.97107600033409,True
10077,Python,lang_python,83102.0,1,1,0.5615324805036261,True
27297,Python,lang_python,464.0,0,0,0.027777744837787693,True
29692,Python,lang_python,96689.0,1,0,0.11230466078200868,False
38772,Python,lang_python,87328.0,1,0,0.40214426026624195,False
37718,Python,lang_python,110516.0,1,1,0.860928222524464,True
47213,Python,lang_python,74761.0,0,1,0.6487026801559359,False
8278,Python,lang_python,260000.0,1,1,0.9872938045135347,True
21106,Python,lang_python,44000.0,0,0,0.05848243418886157,True
10644,Python,lang_python,5801.0,0,0,0.0189657825015408,True
27421,Python,lang_python,75410.0,0,0,0.4972318931879469,True
7070,Python,lang_python,130703.0,1,1,0.5977157109374253,True
3326,Python,lang_python,45507.0,0,0,0.18079282356833665,True
19573,Python,lang_python,71510.0,0,0,0.44493643174484054,True
46638,Python,lang_python,94.0,0,1,0.7093718421842583,False
30412,Python,lang_python,100000.0,1,1,0.814719488805049,True
13485,Python,lang_python,85851.0,1,1,0.5117137643323955,True
15505,Python,lang_python,200000.0,1,1,0.8982970177541577,True
38142,Python,lang_python,81210.0,1,0,0.33196681512903375,False
27558,Python,lang_python,170000.0,1,1,0.9621692772556395,True
14290,Python,lang_python,13949.0,0,0,0.043053646306649034,True
20481,Python,lang_python,2300.0,0,0,0.008697143581799958,True
45479,Python,lang_python,54457.0,0,1,0.5663657128077401,False
4320,Python,lang_python,84691.0,1,0,0.44919095612211796,False
9778,Python,lang_python,38217.0,0,0,0.39446443951463034,True
43470,Python,lang_python,58120.0,0,0,0.09832970879356032,True
42608,Python,lang_python,200000.0,1,1,0.9567486555468925,True
12580,Python,lang_python,85088.0,1,0,0.4421368508616306,False
918,Python,lang_python,170000.0,1,1,0.9420355794782904,True
40718,Python,lang_python,300000.0,1,1,0.9945917420655843,True
31025,Python,lang_python,3835.0,0,0,0.02356143932974782,True
47257,Python,lang_python,7645.0,0,1,0.9274512137796322,False
41368,Python,lang_python,190000.0,1,1,0.9496188078535973,True
14910,Python,lang_python,148791.0,1,1,0.9679937035739897,True
14662,Python,lang_python,185623.0,1,1,0.7649123066750494,True
22878,Python,lang_python,31742.0,0,0,0.14224464971954393,True
8383,Python,lang_python,2945.0,0,0,0.0404470366756531,True
35204,Python,lang_python,58007.0,0,0,0.3939543292287653,True
11999,Python,lang_python,5097.0,0,0,0.008734282832501302,True
6795,Python,lang_python,117017.0,1,0,0.32417701803690824,False
9296,Python,lang_python,15285.0,0,0,0.02935753848036447,True
3008,Python,lang_python,200000.0,1,1,0.9469757274964132,True
46122,Python,lang_python,30164.0,0,0,0.1925333464965911,True
21715,Python,lang_python,81210.0,1,1,0.8594653599679624,True
37948,Python,lang_python,24363.0,0,0,0.03597602596000395,True
8665,Python,lang_python,135000.0,1,1,0.9592693021116816,True
39572,Python,lang_python,68449.0,0,0,0.23051342745965003,True
8400,Python,lang_python,19793.0,0,0,0.061221528167645624,True
634,Python,lang_python,89331.0,1,1,0.8112115539802002,True
33650,Python,lang_python,4273.0,0,0,0.012886810725392227,True
39372,Python,lang_python,11624.0,0,0,0.03585833343855341,True
17103,Python,lang_python,63808.0,0,0,0.15534215249705544,True
40662,Python,lang_python,100000.0,1,0,0.22992639529973036,False
8359,Python,lang_python,75410.0,0,0,0.3177278162548392,True
10789,Python,lang_python,101000.0,1,1,0.8918856824331928,True
8999,Python,lang_python,84512.0,1,1,0.794265268945041,True
2286,Python,lang_python,170000.0,1,1,0.9377554500583312,True
32339,Python,lang_python,580.0,0,0,0.015278389021622924,True
40420,Python,lang_python,81685.0,1,1,0.8703126213157233,True
15764,Python,lang_python,140000.0,1,1,0.679300711071963,True
40008,Python,lang_python,46289.0,0,0,0.14169758745367894,True
31544,Python,lang_python,58007.0,0,0,0.44681787845358273,True
5336,Python,lang_python,133000.0,1,1,0.9923947345265832,True
6607,Python,lang_python,67289.0,0,0,0.4620603626548005,True
5057,Python,lang_python,102106.0,1,1,0.556215736091869,True
17879,Python,lang_python,58007.0,0,0,0.33008527066647536,True
3238,Python,lang_python,99935.0,1,0,0.19251565850559346,False
28438,Python,lang_python,19761.0,0,0,0.06019606029336212,True
28805,Python,lang_python,30222.0,0,0,0.06541420600704999,True
3042,Python,lang_python,135000.0,1,1,0.9698469081131641,True
24720,Python,lang_python,360000.0,1,1,0.9924444552986237,True
21165,Python,lang_python,300000.0,1,1,0.9873543036914953,True
5705,Python,lang_python,92812.0,1,1,0.6149665726109599,True
375,Python,lang_python,90000.0,1,1,0.7537547362639715,True
12635,Python,lang_python,80966.0,1,0,0.14771492987615997,False
28927,Python,lang_python,5752.0,0,0,0.27131540403656856,True
15437,Python,lang_python,49122.0,0,0,0.4195216290511559,True
35449,Python,lang_python,64388.0,0,1,0.8119787563503734,False
38378,Python,lang_python,138000.0,1,1,0.9449174903092376,True
10002,Python,lang_python,58007.0,0,0,0.27753071678136226,True
28159,Python,lang_python,33644.0,0,0,0.02746848780053834,True
41056,Python,lang_python,174022.0,1,1,0.9650743252253434,True
2170,Python,lang_python,176485.0,1,1,0.8627429600731185,True
42858,Python,lang_python,102106.0,1,0,0.48888324774309405,False
11994,Python,lang_python,66000.0,0,0,0.06821528699936322,True
35099,Python,lang_python,240000.0,1,1,0.993628705683049,True
13487,Python,lang_python,56000.0,0,0,0.38557198895211997,True
17613,Python,lang_python,94339.0,1,1,0.6234378728847226,True
5487,Python,lang_python,190000.0,1,1,0.781696332231713,True
13434,Python,lang_python,104413.0,1,0,0.0767254843981118,False
40278,Python,lang_python,56167.0,0,0,0.32666661927214036,True
17127,Python,lang_python,175525.0,1,1,0.9896064271610128,True
9157,Python,lang_python,108000.0,1,1,0.8986553159842469,True
7087,Python,lang_python,104413.0,1,0,0.32684617773684127,False
251,Python,lang_python,60000.0,0,1,0.5666995381960629,False
43188,Python,lang_python,126456.0,1,0,0.42724742327178183,False
27472,Python,lang_python,4873.0,0,1,0.5176050600362729,False
9406,Python,lang_python,60000.0,0,1,0.7115795682302806,False
35803,Python,lang_python,364.0,0,0,0.010720449383882452,True
26426,Python,lang_python,100000.0,1,0,0.15208801112927764,False
18562,Python,lang_python,352971.0,1,1,0.8318473293681391,True
29064,Python,lang_python,55000.0,0,1,0.7261460077404579,False
934,Python,lang_python,110214.0,1,1,0.5025519860250696,True
46265,Python,lang_python,92812.0,1,0,0.49591779705381944,False
581,Python,lang_python,240000.0,1,1,0.9759067833542115,True
19421,Python,lang_python,7030.0,0,1,0.5760345526293857,False
38461,Python,lang_python,81685.0,1,0,0.17809437974322564,False
5294,Python,lang_python,185989.0,1,1,0.9812874153003963,True
30571,Python,lang_python,141000.0,1,1,0.9805334289732176,True
18530,Python,lang_python,104000.0,1,1,0.9665305595079631,True
11536,Python,lang_python,139218.0,1,1,0.8997350301992236,True
15917,Python,lang_python,20428.0,0,0,0.01741200787824276,True
14625,Python,lang_python,46406.0,0,0,0.08386460784038459,True
14143,Python,lang_python,325000.0,1,1,0.9937347184417404,True
14498,Python,lang_python,50000.0,0,1,0.9099042373759985,False
6161,Python,lang_python,6961.0,0,0,0.0009352050194556186,True
34605,Python,lang_python,6618.0,0,0,0.04346497065158993,True
19902,Python,lang_python,87011.0,1,1,0.811012733906648,True
20269,Python,lang_python,82906.0,1,0,0.40559384274237925,False
11070,Python,lang_python,63808.0,0,1,0.5450190705439223,False
19825,Python,lang_python,51046.0,0,0,0.4715461253937031,True
21248,Python,lang_python,220000.0,1,1,0.9939987712093289,True
22810,Python,lang_python,116015.0,1,1,0.8480615337161134,True
5232,Python,lang_python,74000.0,0,1,0.905631747927112,False
46665,Python,lang_python,165000.0,1,1,0.9715046214338451,True
33751,Python,lang_python,767.0,0,0,0.039452271469129274,True
48719,Python,lang_python,92812.0,1,1,0.7507186696314163,True
4428,Python,lang_python,34804.0,0,0,0.032656535314155036,True
26612,Python,lang_python,300000.0,1,1,0.8660784554654013,True
10091,Python,lang_python,309982.0,1,1,0.9961090505598434,True
16158,Python,lang_python,35965.0,0,0,0.33629070294696867,True
41197,Python,lang_python,64968.0,0,0,0.38982077309721147,True
37610,Python,lang_python,98612.0,1,0,0.37373705772164106,False
41952,Python,lang_python,120000.0,1,1,0.8898991248000533,True
37615,Python,lang_python,14502.0,0,0,0.03557833365054509,True
1461,Python,lang_python,46406.0,0,0,0.013141696585749409,True
15463,Python,lang_python,3282.0,0,0,0.21738816681426176,True
32195,Python,lang_python,42256.0,0,1,0.94136596780165,False
26916,Python,lang_python,62893.0,0,0,0.2465332760850466,True
30540,Python,lang_python,110000.0,1,1,0.9096491558442077,True
47002,Python,lang_python,179823.0,1,1,0.82575902839479,True
16100,Python,lang_python,81210.0,1,0,0.47722312663336275,False
43237,Python,lang_python,2075.0,0,0,0.04159677438618268,True
45104,Python,lang_python,101000.0,1,1,0.8955950179107546,True
41042,Python,lang_python,225000.0,1,1,0.981167551304381,True
13492,Python,lang_python,104413.0,1,1,0.7471332497932867,True
5426,Python,lang_python,138621.0,1,1,0.7551032533403819,True
46319,Python,lang_python,9586.0,0,0,0.001916663544587449,True
35506,Python,lang_python,25504.0,0,0,0.047428913296714476,True
1542,Python,lang_python,255000.0,1,1,0.9728471254587984,True
22652,Python,lang_python,54527.0,0,1,0.5940810710341194,False
12621,Python,lang_python,141587.0,1,1,0.8040023025890416,True
2310,Python,lang_python,198447.0,1,1,0.7040783426185653,True
38296,Python,lang_python,65885.0,0,1,0.6306268846834108,False
1122,Python,lang_python,175000.0,1,1,0.9606407862643382,True
26153,Python,lang_python,115648.0,1,1,0.6851366333959693,True
706,Python,lang_python,55687.0,0,0,0.24456158055228894,True
9384,Python,lang_python,155521.0,1,1,0.9861408004608488,True
25108,Python,lang_python,26141.0,0,0,0.31984881271508675,True
20866,Python,lang_python,364792.0,1,1,0.8426909460466445,True
29387,Python,lang_python,55258.0,0,1,0.8341274813593489,False
2938,Python,lang_python,153213.0,1,1,0.8268708177312265,True
3027,Python,lang_python,150000.0,1,1,0.7488027345660812,True
19214,Python,lang_python,80000.0,1,1,0.6006046409241058,True
28788,Python,lang_python,210000.0,1,1,0.9674106063248414,True
43904,Python,lang_python,130000.0,1,1,0.9833447385961532,True
19463,Python,lang_python,400000.0,1,1,0.9509211412112287,True
35423,Python,lang_python,69609.0,0,1,0.6978563875548268,False
11303,Python,lang_python,35118.0,0,0,0.14978948837265493,True
40564,Python,lang_python,55687.0,0,0,0.17002730254660595,True
18086,Python,lang_python,81685.0,1,1,0.5055872371271102,True
15513,Python,lang_python,180000.0,1,1,0.9327804360981428,True
3708,Python,lang_python,96750.0,1,1,0.6353530172026096,True
24606,Python,lang_python,58070.0,0,0,0.05647549882447586,True
45517,Python,lang_python,81761.0,1,0,0.2552570485086839,False
36631,Python,lang_python,275000.0,1,1,0.9622182029272437,True
43535,Python,lang_python,58007.0,0,0,0.12868723930380396,True
24352,Python,lang_python,60000.0,0,0,0.44873607775100877,True
7019,Python,lang_python,36747.0,0,0,0.02191545248273855,True
26477,Python,lang_python,2184.0,0,0,0.0002685931015967963,True
14526,Python,lang_python,12014.0,0,0,0.012455356048079297,True
1700,Python,lang_python,7536.0,0,0,0.01219398430203424,True
22958,Python,lang_python,40263.0,0,0,0.059424709664834464,True
50,Python,lang_python,117793.0,1,1,0.8153444841940091,True
44724,Python,lang_python,59902.0,0,0,0.3366444789283471,True
12441,Python,lang_python,204212.0,1,1,0.5738709666825472,True
22296,Python,lang_python,90468.0,1,1,0.7600872149493201,True
46882,Python,lang_python,52946.0,0,1,0.598221521269589,False
904,Python,lang_python,136000.0,1,1,0.7987901202909604,True
20272,Python,lang_python,153550.0,1,0,0.40464587160614,False
14022,Python,lang_python,34804.0,0,0,0.40054191968663827,True
30056,Python,lang_python,139218.0,1,1,0.7402667370109638,True
17682,Python,lang_python,52207.0,0,0,0.07195353986567547,True
3878,Python,lang_python,83531.0,1,0,0.49511382487335015,False
16746,Python,lang_python,69400.0,0,0,0.09144552740738715,True
22829,Python,lang_python,92812.0,1,0,0.383268597779034,False
17320,Python,lang_python,249432.0,1,1,0.666159041908657,True
38056,Python,lang_python,29060.0,0,0,0.08665867175304434,True
15621,Python,lang_python,1160.0,0,0,0.057204616245263,True
42027,Python,lang_python,38381.0,0,0,0.23855509371643577,True
4253,Python,lang_python,195000.0,1,0,0.35828958788739734,False
40924,Python,lang_python,30796.0,0,0,0.14466862229625096,True
44880,Python,lang_python,200635.0,1,1,0.8745600486861724,True
25296,Python,lang_python,73516.0,0,1,0.6709256948267917,False
27803,Python,lang_python,270000.0,1,1,0.933509758930384,True
19001,Python,lang_python,103520.0,1,1,0.9166007742936266,True
163,Python,lang_python,44086.0,0,0,0.19024533496691182,True
1336,Python,lang_python,20000.0,0,1,0.9370577671457427,False
21295,Python,lang_python,55000.0,0,1,0.5784115796108984,False
9710,Python,lang_python,15111.0,0,0,0.046793028323881866,True
37285,Python,lang_python,150000.0,1,1,0.9865509689983567,True
40763,Python,lang_python,104616.0,1,0,0.023679808530246073,False
40597,Python,lang_python,55000.0,0,0,0.10089416252569829,True
24979,Python,lang_python,71803.0,0,0,0.24160414498281607,True
43841,Python,lang_python,111594.0,1,1,0.9230745526549974,True
2395,Python,lang_python,200000.0,1,1,0.9603159456780532,True
27463,Python,lang_python,800.0,0,1,0.7324241637187352,False
4354,Python,lang_python,98612.0,1,0,0.2802712647306912,False
9522,Python,lang_python,25573.0,0,0,0.03996545534017464,True
36178,Python,lang_python,81685.0,1,0,0.4969305031990587,False
2212,Python,lang_python,34587.0,0,0,0.1508742404240882,True
30721,Python,lang_python,65009.0,0,1,0.7957906325068619,False
5801,Python,lang_python,69643.0,0,0,0.21780966354798012,True
29532,Python,lang_python,46496.0,0,0,0.11622808142920073,True
29334,Python,lang_python,29620.0,0,0,0.16815007116136416,True
1903,Python,lang_python,76606.0,1,1,0.662528277229612,True
2284,Python,lang_python,89739.0,1,1,0.6886303123019368,True
3641,Python,lang_python,11624.0,0,0,0.033274948656363754,True
3895,Python,lang_python,46406.0,0,0,0.13924544533183983,True
27249,Python,lang_python,120000.0,1,1,0.7340266500602058,True
5145,Python,lang_python,37125.0,0,0,0.39289310604146604,True
5526,Python,lang_python,87011.0,1,0,0.21277502458825773,False
29986,Python,lang_python,6321.0,0,0,0.006649595805581738,True
34601,Python,lang_python,46406.0,0,1,0.5245572278604916,False
11306,Python,lang_python,21000.0,0,1,0.5308846294826822,False
37795,Python,lang_python,48188.0,0,1,0.5780672158231379,False
5162,Python,lang_python,115720.0,1,1,0.5673372960714245,True
25003,Python,lang_python,140000.0,1,1,0.8822454074104829,True
4735,Python,lang_python,110214.0,1,0,0.19128258961061562,False
16375,Python,lang_python,142592.0,1,1,0.891170328273985,True
36660,Python,lang_python,51600.0,0,0,0.0381750745756077,True
25475,Python,lang_python,125000.0,1,1,0.9730313431164771,True
13746,Python,lang_python,52207.0,0,0,0.1314869806473086,True
4184,Python,lang_python,54112.0,0,0,0.4286527492120611,True
14747,Python,lang_python,91652.0,1,1,0.907434777019729,True
17384,Python,lang_python,56847.0,0,0,0.3112489178932368,True
2857,Python,lang_python,5461.0,0,0,0.07080510932576758,True
44719,Python,lang_python,169000.0,1,1,0.9718414479089816,True
20334,Python,lang_python,108710.0,1,0,0.48180941581304626,False
4701,Python,lang_python,150000.0,1,1,0.9313145699374311,True
21329,Python,lang_python,78306.0,1,1,0.577293521933727,True
338,Python,lang_python,148496.0,1,0,0.3368671229906846,False
15256,Python,lang_python,117175.0,1,0,0.29138077216150904,False
20228,Python,lang_python,719.0,0,0,0.0789531632959397,True
8673,Python,lang_python,143858.0,1,1,0.9013116795544014,True
11144,Python,lang_python,75410.0,0,1,0.5859142904377516,False
5357,Python,lang_python,220000.0,1,1,0.9899628173208914,True
9702,Python,lang_python,47389.0,0,0,0.33497086608075277,True
18121,Python,lang_python,13949.0,0,0,0.13593843364668565,True
41326,Python,lang_python,91013.0,1,1,0.8878059949894775,True
40967,Python,lang_python,65000.0,0,0,0.08730976322867713,True
32120,Python,lang_python,93.0,0,0,0.04515703134643717,True
39070,Python,lang_python,105573.0,1,1,0.7961160310621872,True
31981,Python,lang_python,105000.0,1,1,0.8592602855078183,True
43710,Python,lang_python,81210.0,1,1,0.8208392807976923,True
12875,Python,lang_python,73089.0,0,0,0.41657960414251494,True
37429,Python,lang_python,100000.0,1,1,0.8242437942075141,True
5909,Python,lang_python,6545.0,0,0,0.055650413488256015,True
14128,Python,lang_python,40842.0,0,0,0.3737499342007099,True
4163,Python,lang_python,89098.0,1,0,0.3614261373937248,False
20727,Python,lang_python,92576.0,1,1,0.6973227897285453,True
25888,Python,lang_python,89000.0,1,1,0.7815765571008528,True
3254,Python,lang_python,56795.0,0,0,0.28486812935471306,True
11637,Python,lang_python,13614.0,0,0,0.4631710965217912,True
48787,Python,lang_python,80050.0,1,0,0.41099715328945197,False
2451,Python,lang_python,139218.0,1,0,0.4921467698143765,False
26711,Python,lang_python,116015.0,1,0,0.23873871361351803,False
5815,Python,lang_python,34951.0,0,0,0.10091744912202906,True
12887,Python,lang_python,85851.0,1,1,0.6634629703316476,True
14955,Python,lang_python,200000.0,1,1,0.9402292082146418,True
30048,Python,lang_python,4177.0,0,0,0.004845836790767024,True
9169,Python,lang_python,52427.0,0,0,0.01027637015389722,True
5005,Python,lang_python,102142.0,1,1,0.9021698917016935,True
40244,Python,lang_python,132000.0,1,1,0.9871685415974428,True
5527,Python,lang_python,125000.0,1,1,0.8706900669013992,True
41065,Python,lang_python,52791.0,0,0,0.3062238378437994,True
30639,Python,lang_python,94339.0,1,1,0.7789690077505897,True
39155,Python,lang_python,174022.0,1,1,0.6186073625648403,True
42181,Python,lang_python,59722.0,0,0,0.23733991691150272,True
6301,Python,lang_python,81262.0,1,1,0.7027209483212133,True
22683,Python,lang_python,24872.0,0,0,0.2034158068440581,True
28050,Python,lang_python,58007.0,0,0,0.31124721176659004,True
9973,Python,lang_python,136392.0,1,1,0.9913351353180401,True
2182,Python,lang_python,230000.0,1,1,0.9463871437846091,True
42708,Python,lang_python,87011.0,1,0,0.334648799210116,False
30511,Python,lang_python,25523.0,0,0,0.00960667300684339,True
6027,Python,lang_python,4459.0,0,0,0.010543161055109227,True
47184,Python,lang_python,43565.0,0,1,0.5792799841122087,False
3654,Python,lang_python,81210.0,1,1,0.6460875279229976,True
39734,Python,lang_python,34804.0,0,0,0.17071765017833201,True
26488,Python,lang_python,63808.0,0,0,0.44959789145224044,True
26187,Python,lang_python,210000.0,1,1,0.9636638010193782,True
36028,Python,lang_python,68553.0,0,0,0.31941248700354746,True
19311,Python,lang_python,44096.0,0,0,0.059827385008877534,True
20637,Python,lang_python,5185.0,0,0,0.46571770896381526,True
40147,Python,lang_python,48726.0,0,1,0.5759892776267679,False
22676,Python,lang_python,40000.0,0,1,0.6216126470967297,False
30614,Python,lang_python,50242.0,0,0,0.2073458737523765,True
12671,Python,lang_python,6192.0,0,0,0.02662183730712578,True
17802,Python,lang_python,23203.0,0,0,0.16609187920628882,True
11292,Python,lang_python,86795.0,1,1,0.9981877388499579,True
38934,Python,lang_python,47932.0,0,0,0.226480460121672,True
11894,Python,lang_python,66709.0,0,1,0.6030821269917221,False
6776,Python,lang_python,13922.0,0,0,0.010027254558738362,True
8028,Python,lang_python,150000.0,1,1,0.8146860031252151,True
5969,Python,lang_python,280000.0,1,1,0.9624953594252846,True
32711,Python,lang_python,37004.0,0,0,0.22221907805221564,True
27690,Python,lang_python,47423.0,0,0,0.43505410615869333,True
5326,Python,lang_python,134973.0,1,1,0.7893668054750826,True
21066,Python,lang_python,95000.0,1,1,0.666637118362536,True
25142,Python,lang_python,78000.0,1,0,0.15070697556591892,False
19839,Python,lang_python,176984.0,1,1,0.8665254827606829,True
6770,Python,lang_python,100000.0,1,1,0.9083916035762368,True
12091,Python,lang_python,52946.0,0,1,0.6168968109678772,False
9141,Python,lang_python,170000.0,1,1,0.8538950390674689,True
43579,Python,lang_python,1698.0,0,0,0.08487077037563005,True
31880,Python,lang_python,195000.0,1,1,0.9721142140287691,True
40753,Python,lang_python,81210.0,1,1,0.5242835013774586,True
14687,Python,lang_python,7489.0,0,0,0.07154027706933958,True
35028,Python,lang_python,46406.0,0,0,0.2315069289414605,True
1512,Python,lang_python,131570.0,1,1,0.7088158188973154,True
41194,Python,lang_python,4641.0,0,0,0.001044870943023593,True
48617,Python,lang_python,105790.0,1,1,0.7147714155000744,True
43701,Python,lang_python,58007.0,0,1,0.7489121365323124,False
30995,Python,lang_python,24238.0,0,0,0.04513277683222542,True
12133,Python,lang_python,111374.0,1,1,0.922818124389842,True
131,Python,lang_python,80000.0,1,1,0.6848302317595373,True
12674,Python,lang_python,148791.0,1,1,0.9601982580479953,True
41839,Python,lang_python,78633.0,1,0,0.18857396588887154,False
38001,Python,lang_python,139218.0,1,1,0.6598861546559834,True
16751,Python,lang_python,87011.0,1,0,0.3465731284022532,False
28621,Python,lang_python,160000.0,1,1,0.9636508867783485,True
12616,Python,lang_python,63452.0,0,0,0.2611584666167026,True
37714,Python,lang_python,112000.0,1,1,0.605828955135285,True
8695,Python,lang_python,193744.0,1,1,0.8517607964335204,True
27957,Python,lang_python,135000.0,1,1,0.8732633815252344,True
31851,Python,lang_python,63932.0,0,0,0.05890797215179311,True
5884,Python,lang_python,105000.0,1,1,0.8889298120154128,True
1705,Python,lang_python,646.0,0,0,0.0002794432825269681,True
27742,Python,lang_python,81685.0,1,0,0.3411927220352257,False
39328,Python,lang_python,5900.0,0,1,0.9857246614938342,False
11946,Python,lang_python,80000.0,1,1,0.8499356870534718,True
1944,Python,lang_python,150000.0,1,1,0.9546654971081995,True
25556,Python,lang_python,120655.0,1,1,0.9721139309470078,True
38980,Python,lang_python,408424.0,1,1,0.657308565913555,True
3304,Python,lang_python,198000.0,1,1,0.9550946436220906,True
32110,Python,lang_python,162523.0,1,1,0.947244199779247,True
522,Python,lang_python,55511.0,0,0,0.2743119064844648,True
36562,Python,lang_python,271.0,0,0,0.003462303800661249,True
22173,Python,lang_python,227533.0,1,1,0.8889212247503825,True
27115,Python,lang_python,18598.0,0,0,0.15204938471998708,True
39024,Python,lang_python,204212.0,1,1,0.8245589532991046,True
820,Python,lang_python,84408.0,1,1,0.5074298112334312,True
45106,Python,lang_python,88000.0,1,1,0.8178799540442916,True
42979,Python,lang_python,5731.0,0,0,0.38980424220743115,True
35603,Python,lang_python,58120.0,0,0,0.03003327497595202,True
3831,Python,lang_python,166651.0,1,1,0.5847663068370007,True
36078,Python,lang_python,87763.0,1,1,0.6876940529161502,True
36483,Python,lang_python,154000.0,1,1,0.9679934259796559,True
4888,Python,lang_python,130000.0,1,1,0.9571107214249371,True
41751,Python,lang_python,87011.0,1,1,0.6855908581164104,True
12524,Python,lang_python,130222.0,1,1,0.9286022848560134,True
3089,Python,lang_python,116733.0,1,1,0.5922638116833465,True
35819,Python,lang_python,155521.0,1,1,0.9716939750009242,True
30241,Python,lang_python,108000.0,1,1,0.9385797007389943,True
33579,Python,lang_python,8353.0,0,0,0.01140211971297859,True
34200,Python,lang_python,20883.0,0,0,0.029558314162332074,True
5052,Python,lang_python,47589.0,0,1,0.5533056025593165,False
3689,Python,lang_python,150819.0,1,1,0.5896879671522554,True
42192,Python,lang_python,5589.0,0,0,0.004004098419451467,True
24134,Python,lang_python,72393.0,0,1,0.6925928249216702,False
1164,Python,lang_python,129000.0,1,1,0.8962783831773489,True
17198,Python,lang_python,179790.0,1,1,0.9925227773547305,True
19052,Python,lang_python,150000.0,1,1,0.91312348501286,True
46434,Python,lang_python,33000.0,0,0,0.1335657952368541,True
4001,Python,lang_python,15047.0,0,0,0.19282505534589867,True
2320,Python,lang_python,3600.0,0,1,0.55235549606705,False
46341,Python,lang_python,15311.0,0,0,0.20520411506481256,True
12286,Python,lang_python,62409.0,0,1,0.5263659954422817,False
26294,Python,lang_python,130992.0,1,0,0.4997377117649781,False
43148,Python,lang_python,118593.0,1,1,0.9187038708401981,True
13940,Python,lang_python,110214.0,1,1,0.6559189145473657,True
45428,Python,lang_python,90000.0,1,0,0.07415372455365322,False
6537,Python,lang_python,56167.0,0,0,0.4016160081367223,True
24791,Python,lang_python,1720.0,0,0,0.0019133590000652565,True
39791,Python,lang_python,82522.0,1,1,0.5073256563414251,True
36681,Python,lang_python,43775.0,0,0,0.2546102226411604,True
31295,Python,lang_python,109114.0,1,1,0.9306459544593029,True
4755,Python,lang_python,68071.0,0,1,0.5867252375276503,False
26868,Python,lang_python,5812.0,0,0,0.0013478095120752224,True
30360,Python,lang_python,185000.0,1,1,0.96501107387443,True
10963,Python,lang_python,47932.0,0,0,0.04349286899294707,True
6121,Python,lang_python,104413.0,1,1,0.8636178768200007,True
31842,Python,lang_python,116015.0,1,1,0.814646611645733,True
22439,Python,lang_python,81210.0,1,0,0.23603194792001672,False
41299,Python,lang_python,116015.0,1,1,0.577306236655422,True
42020,Python,lang_python,73669.0,0,1,0.7035253876660349,False
14522,Python,lang_python,48726.0,0,0,0.0773832273544006,True
48132,Python,lang_python,246000.0,1,1,0.9966706099828594,True
34464,Python,lang_python,57179.0,0,0,0.4568074624787911,True
46099,Python,lang_python,350000.0,1,1,0.940247164704764,True
37879,Python,lang_python,69609.0,0,0,0.30345766935665236,True
44572,Python,lang_python,27000.0,0,0,0.03323940896752733,True
44576,Python,lang_python,139218.0,1,1,0.7950370452173464,True
19824,Python,lang_python,2092.0,0,0,0.005056252411043292,True
27751,Python,lang_python,70000.0,0,1,0.655419059822774,False
20293,Python,lang_python,56167.0,0,1,0.5361496416184636,False
11727,Python,lang_python,20883.0,0,0,0.04183349945595796,True
21151,Python,lang_python,120471.0,1,1,0.9027996616888877,True
19006,Python,lang_python,83857.0,1,0,0.43150143258205326,False
29280,Python,lang_python,83212.0,1,1,0.5258065909828931,True
30648,Python,lang_python,215000.0,1,1,0.9492056351866772,True
48832,Python,lang_python,1624.0,0,0,0.09588812838089987,True
43454,Python,lang_python,23248.0,0,0,0.05012450016804822,True
27184,Python,lang_python,40842.0,0,0,0.4976744530751371,True
4413,Python,lang_python,174022.0,1,1,0.7633648810261777,True
6044,Python,lang_python,81210.0,1,1,0.7468995006352741,True
13007,Python,lang_python,32748.0,0,0,0.10585520336600823,True
36300,Python,lang_python,167653.0,1,1,0.938589848174241,True
18270,Python,lang_python,200000.0,1,1,0.8785104048815315,True
1821,Python,lang_python,49146.0,0,0,0.24924434344399476,True
21301,Python,lang_python,57000.0,0,0,0.4174028871539799,True
38387,Python,lang_python,34804.0,0,0,0.12145067366446524,True
15019,Python,lang_python,68071.0,0,1,0.6989881880935866,False
1575,Python,lang_python,150000.0,1,1,0.928231412276616,True
1646,Python,lang_python,230000.0,1,1,0.9381728396709753,True
30519,Python,lang_python,31156.0,0,0,0.05836807523812301,True
15555,Python,lang_python,217826.0,1,1,0.7161289450088868,True
6320,Python,lang_python,2798.0,0,0,0.011615877506596008,True
41516,Python,lang_python,208826.0,1,1,0.8339770702680215,True
30935,Python,lang_python,88492.0,1,1,0.6960263847000066,True
28534,Python,lang_python,46406.0,0,0,0.1706807171343413,True
18833,Python,lang_python,250000.0,1,1,0.9721280371198091,True
21190,Python,lang_python,19307.0,0,0,0.08335307054231741,True
41072,Python,lang_python,139218.0,1,1,0.8701296059991158,True
16213,Python,lang_python,87011.0,1,1,0.6161337561440399,True
37041,Python,lang_python,68924.0,0,1,0.6783308523510747,False
37154,Python,lang_python,28083.0,0,0,0.04737940159439124,True
36332,Python,lang_python,53989.0,0,0,0.27718072300034485,True
44857,Python,lang_python,138621.0,1,1,0.9744213498355686,True
46350,Python,lang_python,31324.0,0,0,0.03358059083781979,True
4149,Python,lang_python,30000.0,0,1,0.8815851085542148,False
48374,Python,lang_python,53260.0,0,1,0.5482635543097596,False
38211,Python,lang_python,245000.0,1,1,0.9480904638913887,True
16713,Python,lang_python,80000.0,1,1,0.6947054586310084,True
5053,Python,lang_python,113085.0,1,1,0.9044947216905478,True
45612,Python,lang_python,98612.0,1,1,0.8866855063308133,True
13745,Python,lang_python,240000.0,1,1,0.9193840753645719,True
6518,Python,lang_python,51486.0,0,0,0.09983815056272274,True
3929,Python,lang_python,167000.0,1,1,0.9450514101593287,True
28481,Python,lang_python,359.0,0,0,0.010728651281220506,True
27563,Python,lang_python,133750.0,1,1,0.9199408965956681,True
13415,Python,lang_python,74396.0,0,1,0.7375993978389117,False
14869,Python,lang_python,41515.0,0,0,0.19525090396123157,True
34046,Python,lang_python,40000.0,0,0,0.011908454188458676,True
40608,Python,lang_python,1200.0,0,0,0.030371775148606804,True
34050,Python,lang_python,230000.0,1,1,0.9856546185259455,True
44185,Python,lang_python,180000.0,1,1,0.9833246575099841,True
5841,Python,lang_python,115000.0,1,1,0.7937107890538367,True
1780,Python,lang_python,83792.0,1,1,0.8288808940149934,True
22198,Python,lang_python,10692.0,0,0,0.04009992107333719,True
18178,Python,lang_python,48756.0,0,0,0.09169891852905387,True
38340,Python,lang_python,5423.0,0,0,0.10244038704941541,True
12504,Python,lang_python,35346.0,0,0,0.0906566572337573,True
17322,Python,lang_python,200000.0,1,1,0.9603957217675347,True
9865,Python,lang_python,121815.0,1,0,0.05769815544520183,False
17896,Python,lang_python,50000.0,0,1,0.7860673933645638,False
34030,Python,lang_python,2400.0,0,0,0.003133476627707189,True
25516,Python,lang_python,58007.0,0,0,0.3830039357443794,True
36073,Python,lang_python,16706.0,0,0,0.019643901748539493,True
29041,Python,lang_python,2731.0,0,0,0.11440213685758961,True
16327,Python,lang_python,56847.0,0,0,0.06950200906118344,True
43115,Python,lang_python,86180.0,1,1,0.6639230315922408,True
23312,Python,lang_python,97452.0,1,1,0.555373702680765,True
26945,Python,lang_python,20458.0,0,0,0.05066621061548612,True
26895,Python,lang_python,1483.0,0,0,0.02990752200094687,True
17344,Python,lang_python,175000.0,1,1,0.8640867053477964,True
30416,Python,lang_python,70000.0,0,1,0.7882448072454592,False
44926,Python,lang_python,86750.0,1,0,0.1644737735986876,False
44803,Python,lang_python,40000.0,0,1,0.7930824095217177,False
32562,Python,lang_python,116015.0,1,0,0.3804244073230599,False
13160,Python,lang_python,115720.0,1,1,0.7580360661687003,True
16807,Python,lang_python,200000.0,1,1,0.904485867840615,True
40771,Python,lang_python,98612.0,1,1,0.6673468733180897,True
17148,Python,lang_python,300000.0,1,1,0.9632990762166476,True
15177,Python,lang_python,109434.0,1,1,0.6435111334666574,True
26451,Python,lang_python,88413.0,1,1,0.9761680621247443,True
21549,Python,lang_python,127000.0,1,1,0.9558333794374361,True
39926,Python,lang_python,160000.0,1,1,0.8635697083672078,True
5065,Python,lang_python,40684.0,0,0,0.0777884019582423,True
16262,Python,lang_python,41765.0,0,0,0.15216358291538065,True
4195,Python,lang_python,185000.0,1,1,0.8825465958815477,True
3176,Python,lang_python,75877.0,0,1,0.7520547417573068,False
11919,Python,lang_python,81210.0,1,1,0.8279861151683572,True
42988,Python,lang_python,160000.0,1,1,0.9175886347611285,True
31755,Python,lang_python,15792.0,0,0,0.24968350725400304,True
45080,Python,lang_python,117960.0,1,0,0.08617750226188456,False
364,Python,lang_python,9299.0,0,0,0.027674842881588217,True
4950,Python,lang_python,27217.0,0,0,0.006649120019982425,True
32782,Python,lang_python,54611.0,0,1,0.7596006909804348,False
10812,Python,lang_python,180000.0,1,1,0.9225383684361282,True
46556,Python,lang_python,53367.0,0,1,0.5433643334976143,False
13523,Python,lang_python,61836.0,0,0,0.4838813621227523,True
10455,Python,lang_python,127616.0,1,1,0.6895711731143506,True
35377,Python,lang_python,44000.0,0,0,0.08667094505750186,True
15726,Python,lang_python,150000.0,1,1,0.9184590039150397,True
30372,Python,lang_python,25223.0,0,0,0.0111562044024949,True
2469,Python,lang_python,89853.0,1,0,0.4604683988606899,False
27018,Python,lang_python,45826.0,0,0,0.12188861872151824,True
28532,Python,lang_python,87304.0,1,0,0.34632086027833836,False
29514,Python,lang_python,128518.0,1,1,0.9306535216741869,True
20460,Python,lang_python,180000.0,1,1,0.9950358051077486,True
46085,Python,lang_python,17436.0,0,0,0.09745266723664148,True
41492,Python,lang_python,69609.0,0,0,0.17924286079049356,True
34781,Python,lang_python,87011.0,1,1,0.6309505950465271,True
27708,Python,lang_python,150000.0,1,1,0.9448584014140025,True
37055,Python,lang_python,62648.0,0,0,0.37758721806841716,True
23018,Python,lang_python,204212.0,1,0,0.46887378263743235,False
31181,Python,lang_python,92812.0,1,1,0.8425865435498701,True
26718,Python,lang_python,55687.0,0,0,0.21030413834863426,True
11101,Python,lang_python,70794.0,0,1,0.9583397324172304,False
12852,Python,lang_python,51851.0,0,1,0.6723828330913075,False
45632,Python,lang_python,75294.0,0,1,0.867334552248402,False
2337,Python,lang_python,63808.0,0,0,0.2655895660511125,True
27710,Python,lang_python,69609.0,0,0,0.48552317602444467,True
23079,Python,lang_python,122527.0,1,1,0.6763642143987063,True
5003,Python,lang_python,140000.0,1,1,0.5767471121606653,True
17407,Python,lang_python,232.0,0,0,0.07122371553106879,True
5382,Python,lang_python,2455.0,0,0,0.031106234064998448,True
13716,Python,lang_python,27992.0,0,0,0.2328275541490912,True
19501,Python,lang_python,36000.0,0,0,0.16117078032207188,True
13859,Python,lang_python,16706.0,0,0,0.014676463044648463,True
26391,Python,lang_python,40048.0,0,0,0.23626570818127018,True
36443,Python,lang_python,30222.0,0,0,0.14082191246935868,True
37304,Python,lang_python,35684.0,0,1,0.6322379707205708,False
21919,Python,lang_python,71300.0,0,0,0.2893524581878185,True
4380,Python,lang_python,149756.0,1,1,0.9600404031203397,True
42907,Python,lang_python,75410.0,0,0,0.10671299924064666,True
27441,Python,lang_python,77760.0,1,1,0.8566562493031922,True
11873,Python,lang_python,100000.0,1,1,0.8659047261703335,True
6622,Python,lang_python,150819.0,1,1,0.7835997004068767,True
12999,Python,lang_python,58007.0,0,0,0.14882642762680343,True
12263,Python,lang_python,1099.0,0,0,0.13611788115467707,True
20013,Python,lang_python,46406.0,0,1,0.5460767782793322,False
6354,Python,lang_python,180000.0,1,1,0.9925167882136432,True
35217,Python,lang_python,81210.0,1,1,0.7175053666953596,True
21629,Python,lang_python,104413.0,1,1,0.7907008144286694,True
37919,Python,lang_python,47445.0,0,0,0.040075686617165374,True
28273,Python,lang_python,2492.0,0,0,0.0008312897889486778,True
33976,Python,lang_python,12291.0,0,0,0.027292555870533662,True
36627,Python,lang_python,260000.0,1,1,0.9868004093163901,True
26863,Python,lang_python,232029.0,1,1,0.8930403432302244,True
34971,Python,lang_python,102000.0,1,0,0.17691377778360592,False
5549,Python,lang_python,155000.0,1,1,0.9621831541734434,True
40322,Python,lang_python,35497.0,0,0,0.05468603551303942,True
14653,Python,lang_python,169176.0,1,1,0.9689056330035991,True
29063,Python,lang_python,135000.0,1,1,0.8438820191914888,True
14482,Python,lang_python,4882.0,0,0,0.03537156389235563,True
27709,Python,lang_python,133417.0,1,1,0.728943744311676,True
45837,Python,lang_python,182396.0,1,1,0.8856453470153743,True
4719,Python,lang_python,175000.0,1,1,0.8992902390943897,True
15511,Python,lang_python,118666.0,1,1,0.8583534766324602,True
7475,Python,lang_python,36011.0,0,0,0.16965541635664463,True
15171,Python,lang_python,29000.0,0,0,0.15772556762629952,True
537,Python,lang_python,104822.0,1,1,0.7511935304976105,True
5724,Python,lang_python,76570.0,1,1,0.7444682864956028,True
32560,Python,lang_python,87011.0,1,1,0.5943842641109255,True
34010,Python,lang_python,173590.0,1,1,0.9154805119976186,True
12734,Python,lang_python,44086.0,0,0,0.12041264153954197,True
35154,Python,lang_python,37900.0,0,0,0.07827973676808907,True
1334,Python,lang_python,81210.0,1,0,0.13779897742036543,False
36349,Python,lang_python,91928.0,1,0,0.35615073568761213,False
36571,Python,lang_python,45246.0,0,0,0.20219758390827292,True
10479,Python,lang_python,224633.0,1,1,0.928348795845266,True
41165,Python,lang_python,32000.0,0,1,0.9878381617924956,False
36704,Python,lang_python,54611.0,0,0,0.15159978294141238,True
15822,Python,lang_python,116015.0,1,0,0.3933184675684031,False
40856,Python,lang_python,132000.0,1,1,0.9234230888358648,True
19163,Python,lang_python,131325.0,1,1,0.8194287330232616,True
39013,Python,lang_python,15311.0,0,0,0.003934587241424089,True
3614,Python,lang_python,66128.0,0,1,0.7832409340864827,False
22589,Python,lang_python,153436.0,1,0,0.045680391733143165,False
15508,Python,lang_python,169381.0,1,1,0.907135365045558,True
36341,Python,lang_python,120000.0,1,1,0.8812541808931982,True
34802,Python,lang_python,122527.0,1,1,0.7674585984293875,True
10884,Python,lang_python,65000.0,0,1,0.8298664926473057,False
29085,Python,lang_python,9175.0,0,0,0.05433068071613588,True
35172,Python,lang_python,70000.0,0,0,0.47293869078473505,True
22846,Python,lang_python,6550.0,0,0,0.45834845467228513,True
12095,Python,lang_python,58007.0,0,0,0.2626784766424903,True
6340,Python,lang_python,20883.0,0,0,0.03817760428574546,True
12531,Python,lang_python,49886.0,0,0,0.29139714930006266,True
22757,Python,lang_python,140000.0,1,1,0.9611461706096383,True
652,Python,lang_python,182270.0,1,1,0.9389723842115993,True
28525,Python,lang_python,67289.0,0,0,0.28260457632314234,True
45552,Python,lang_python,157917.0,1,1,0.6809758229151821,True
35591,Python,lang_python,120471.0,1,1,0.8291056004177916,True
10461,Python,lang_python,69609.0,0,0,0.460016475286203,True
45365,Python,lang_python,143000.0,1,1,0.9503268541607004,True
30185,Python,lang_python,2731.0,0,0,0.4324041216675269,True
12571,Python,lang_python,1162.0,0,0,0.14812931879102822,True
17820,Python,lang_python,250000.0,1,1,0.9442848057937397,True
11552,Python,lang_python,94235.0,1,1,0.7376541524412855,True
10441,Python,lang_python,400000.0,1,1,0.9831312645202326,True
24335,Python,lang_python,335000.0,1,1,0.9869940788455944,True
33608,Python,lang_python,300000.0,1,1,0.9851455001076183,True
22671,Python,lang_python,160000.0,1,1,0.8834957243857945,True
36210,Python,lang_python,78890.0,1,0,0.3676348282180451,False
6274,Python,lang_python,105341.0,1,0,0.1325501735025842,False
5018,Python,lang_python,75410.0,0,0,0.3933643911921607,True
20613,Python,lang_python,81210.0,1,0,0.21596487172627868,False
41711,Python,lang_python,52308.0,0,0,0.27601455927628865,True
2860,Python,lang_python,92812.0,1,0,0.3829198736638111,False
3098,Python,lang_python,40000.0,0,0,0.470108712290047,True
30670,Python,lang_python,509.0,0,0,0.10490098880384158,True
17090,Python,lang_python,60796.0,0,0,0.4004187610176075,True
28284,Python,lang_python,54000.0,0,0,0.35252534730371615,True
2453,Python,lang_python,11766.0,0,1,0.7191167564963031,False
26078,Python,lang_python,40605.0,0,0,0.09537516498998122,True
3447,Python,lang_python,51816.0,0,0,0.27264365934494655,True
36964,Python,lang_python,30164.0,0,0,0.3261931541359741,True
6647,Python,lang_python,70000.0,0,1,0.8924888163395052,False
39661,Python,lang_python,69609.0,0,1,0.5561016461395524,False
9815,Python,lang_python,16242.0,0,0,0.0015878417686962312,True
14911,Python,lang_python,127616.0,1,1,0.5604652495308122,True
46109,Python,lang_python,69609.0,0,1,0.6765917325751989,False
42511,Python,lang_python,9299.0,0,0,0.013760523827020584,True
11650,Python,lang_python,100933.0,1,0,0.16856492851436153,False
35432,Python,lang_python,70000.0,0,1,0.7904989343527168,False
62,Python,lang_python,197225.0,1,1,0.7041126803293516,True
38182,Python,lang_python,136141.0,1,1,0.871094782885187,True
44758,Python,lang_python,116015.0,1,1,0.7116297343523831,True
40715,Python,lang_python,58007.0,0,0,0.34868853595285537,True
1128,Python,lang_python,215000.0,1,1,0.9745022267532975,True
10953,Python,lang_python,38000.0,0,0,0.21959034055066742,True
562,Python,lang_python,37125.0,0,0,0.12905256007245605,True
20606,Python,lang_python,4939.0,0,0,0.05949000560138075,True
10233,Python,lang_python,123109.0,1,1,0.8119275995105326,True
5739,Python,lang_python,62460.0,0,1,0.6495104216690861,False
35022,Python,lang_python,170000.0,1,1,0.9686473672236434,True
36134,Python,lang_python,98494.0,1,1,0.7561398486612243,True
45937,Python,lang_python,37197.0,0,0,0.27255106932615436,True
39255,Python,lang_python,50000.0,0,1,0.9651963713191856,False
6228,Python,lang_python,910.0,0,0,0.26599413460085525,True
40472,Python,lang_python,120145.0,1,1,0.800751485056704,True
69,Python,lang_python,174022.0,1,0,0.2832556983650799,False
47986,Python,lang_python,298.0,0,0,0.03859919939629006,True
11198,Python,lang_python,150000.0,1,0,0.12793513567423087,False
6483,Python,lang_python,108708.0,1,1,0.7334728798929541,True
20102,Python,lang_python,297.0,0,0,0.00923104451395195,True
30325,Python,lang_python,64709.0,0,0,0.1485686637146129,True
9300,Python,lang_python,145699.0,1,1,0.8718546195195275,True
10571,Python,lang_python,85000.0,1,1,0.7933325905198644,True
45620,Python,lang_python,201000.0,1,1,0.8668686509037599,True
30931,Python,lang_python,40000.0,0,0,0.08331444958350948,True
9959,Python,lang_python,7646.0,0,0,0.06783256595407006,True
10814,Python,lang_python,32484.0,0,0,0.013146836221327108,True
14510,Python,lang_python,116015.0,1,1,0.5868430277623164,True
11072,Python,lang_python,60000.0,0,1,0.5531191886786291,False
17886,Python,lang_python,69609.0,0,1,0.6497472960422213,False
43160,Python,lang_python,15000.0,0,0,0.015658091815640825,True
3592,Python,lang_python,117017.0,1,1,0.849120499094672,True
14268,Python,lang_python,69744.0,0,0,0.047308872287901024,True
31683,Python,lang_python,77150.0,1,1,0.8439690532328763,True
5846,Python,lang_python,182396.0,1,1,0.91663844992835,True
48877,Python,lang_python,200000.0,1,1,0.9286897371416732,True
38591,Python,lang_python,2322.0,0,0,0.07386030913827991,True
40489,Python,lang_python,29679.0,0,0,0.26088758442941384,True
45069,Python,lang_python,348.0,0,0,0.028421147043072463,True
6719,Python,lang_python,5451.0,0,0,0.2578332071329896,True
35907,Python,lang_python,40483.0,0,0,0.42045462489167656,True
41686,Python,lang_python,465.0,0,0,0.10077500104969388,True
33446,Python,lang_python,23203.0,0,0,0.00046979274106652923,True
43812,Python,lang_python,67868.0,0,0,0.15452135670832548,True
38906,Python,lang_python,63808.0,0,0,0.2255126673098984,True
831,Python,lang_python,115666.0,1,0,0.41195926190722143,False
16541,Python,lang_python,70769.0,0,0,0.04964592214943716,True
44778,Python,lang_python,92812.0,1,0,0.49143211956106253,False
24770,Python,lang_python,275000.0,1,1,0.9383371791444579,True
1167,Python,lang_python,90491.0,1,0,0.28231611255145234,False
13278,Python,lang_python,34804.0,0,0,0.03005501477897312,True
38159,Python,lang_python,1208.0,0,0,0.05974081912056537,True
17353,Python,lang_python,63713.0,0,1,0.6089912017983786,False
38741,Python,lang_python,150000.0,1,1,0.6950848800591004,True
37486,Python,lang_python,103386.0,1,1,0.5561395131396365,True
14665,Python,lang_python,6545.0,0,0,0.0038337582778368777,True
11063,Python,lang_python,69744.0,0,0,0.1897306252307791,True
4799,Python,lang_python,200000.0,1,1,0.9844392830538494,True
27824,Python,lang_python,88000.0,1,1,0.851824599144938,True
36406,Python,lang_python,195000.0,1,1,0.9749616483978454,True
44868,Python,lang_python,138621.0,1,1,0.8202299045688546,True
37022,Python,lang_python,48726.0,0,0,0.17619718246412538,True
38212,Python,lang_python,13348.0,0,0,0.02646616656015211,True
12906,Python,lang_python,149756.0,1,1,0.5292067342093163,True
919,Python,lang_python,55121.0,0,0,0.36128641789147403,True
20265,Python,lang_python,63808.0,0,0,0.38453628334380857,True
11481,Python,lang_python,81210.0,1,1,0.5986482141527624,True
9870,Python,lang_python,150819.0,1,1,0.8840520730471294,True
17097,Python,lang_python,52207.0,0,0,0.4453343731325583,True
42839,Python,lang_python,12796.0,0,0,0.11321151845470785,True
14354,Python,lang_python,8400.0,0,0,0.01689685700393668,True
38134,Python,lang_python,32547.0,0,0,0.20053309761693325,True
26407,Python,lang_python,109438.0,1,1,0.5407194521075167,True
37068,Python,lang_python,46337.0,0,0,0.09012810144191408,True
4625,Python,lang_python,49886.0,0,1,0.6616183912943877,False
33566,Python,lang_python,575.0,0,0,0.0002648966238446723,True
28174,Python,lang_python,52207.0,0,0,0.07791705250473605,True
7362,Python,lang_python,27960.0,0,0,0.04245835717765893,True
41873,Python,lang_python,10462.0,0,0,0.046136466444734674,True
44974,Python,lang_python,190000.0,1,1,0.9843507907747361,True
20715,Python,lang_python,83858.0,1,0,0.18701227810723103,False
30343,Python,lang_python,400000.0,1,1,0.9938514125289146,True
2038,Python,lang_python,210000.0,1,1,0.9093885417991476,True
19491,Python,lang_python,54000.0,0,0,0.12838179717260065,True
30733,Python,lang_python,160000.0,1,1,0.9644888196868832,True
37175,Python,lang_python,255000.0,1,1,0.9087442504942991,True
12121,Python,lang_python,400.0,0,1,0.9391546258641932,False
34935,Python,lang_python,168000.0,1,1,0.9752709618151517,True
37477,Python,lang_python,139218.0,1,1,0.5231154802755125,True
3330,Python,lang_python,80000.0,1,1,0.8715101285890188,True
12382,Python,lang_python,300000.0,1,1,0.9524937546088916,True
16012,Python,lang_python,205900.0,1,1,0.7437305002433006,True
35969,Python,lang_python,45246.0,0,0,0.014053145076697596,True
14669,Python,lang_python,81210.0,1,0,0.36651718337302874,False
30219,Python,lang_python,81210.0,1,0,0.213882191500699,False
1697,Python,lang_python,26683.0,0,0,0.07931479246428053,True
12180,Python,lang_python,195028.0,1,1,0.8351331378946042,True
640,Python,lang_python,95000.0,1,1,0.8631905208342873,True
17502,Python,lang_python,25620.0,0,0,0.029395681926236115,True
41231,Python,lang_python,185000.0,1,1,0.8449866438154442,True
5060,Python,lang_python,3641.0,0,0,0.08432953480687885,True
33347,Python,lang_python,58007.0,0,1,0.8983813915318016,False
21272,Python,lang_python,65663.0,0,1,0.5395666250578687,False
32362,Python,lang_python,90491.0,1,0,0.44830901694129194,False
38171,Python,lang_python,98612.0,1,0,0.4752087380180163,False
17420,Python,lang_python,61264.0,0,0,0.48457590099582804,True
1651,Python,lang_python,400000.0,1,1,0.9812952212251416,True
14074,Python,lang_python,120000.0,1,1,0.7992113390293067,True
27350,Python,lang_python,104413.0,1,1,0.5419984058578249,True
11635,Python,lang_python,29473.0,0,0,0.2821454026746239,True
1724,Python,lang_python,55687.0,0,0,0.4430160463212791,True
610,Python,lang_python,174022.0,1,0,0.021230550928334518,False
38198,Python,lang_python,19350.0,0,0,0.08065229028015812,True
31726,Python,lang_python,49240.0,0,0,0.0992638274190376,True
34911,Python,lang_python,170177.0,1,1,0.613145136585901,True
17270,Python,lang_python,36000.0,0,0,0.14843265912775014,True
24218,Python,lang_python,208826.0,1,0,0.49128159431865975,False
9514,Python,lang_python,29495.0,0,0,0.25618780021670295,True
18320,Python,lang_python,245.0,0,0,0.020836780007758734,True
3904,Python,lang_python,44086.0,0,1,0.6462053078973848,False
29878,Python,lang_python,69609.0,0,1,0.6615823016920872,False
34376,Python,lang_python,9299.0,0,0,0.03605349351283849,True
32517,Python,lang_python,150000.0,1,0,0.373729183996881,False
44198,Python,lang_python,48726.0,0,0,0.1288068742445807,True
44011,Python,lang_python,20923.0,0,0,0.07072190689193202,True
42722,Python,lang_python,95179.0,1,1,0.5398300648341289,True
18643,Python,lang_python,250000.0,1,1,0.911881211705962,True
18281,Python,lang_python,1361.0,0,0,0.015680667761156446,True
41207,Python,lang_python,240000.0,1,1,0.975466325423631,True
7028,Python,lang_python,83322.0,1,1,0.7336665697823519,True
32690,Python,lang_python,44096.0,0,0,0.07068049056245114,True
15097,Python,lang_python,3564.0,0,0,0.04909549016863536,True
44795,Python,lang_python,23203.0,0,0,0.044780301951320586,True
33083,Python,lang_python,160000.0,1,1,0.9731387760907979,True
37242,Python,lang_python,68071.0,0,0,0.39417991956870413,True
34921,Python,lang_python,140378.0,1,0,0.4151190039031508,False
30061,Python,lang_python,9824.0,0,0,0.010786941300926094,True
39322,Python,lang_python,21729.0,0,0,0.07419160542303566,True
35026,Python,lang_python,10000.0,0,1,0.5040343940038469,False
15305,Python,lang_python,6033.0,0,0,0.3816484426205032,True
403,Python,lang_python,250000.0,1,1,0.988024199324505,True
36439,Python,lang_python,88050.0,1,1,0.5110084140778045,True
17774,Python,lang_python,80050.0,1,1,0.7144259779608703,True
30079,Python,lang_python,165000.0,1,1,0.8168732803386602,True
14671,Python,lang_python,24183.0,0,0,0.0274456810218257,True
49107,Python,lang_python,69008.0,0,0,0.30502577737017733,True
20014,Python,lang_python,60328.0,0,1,0.5107223297509776,False
34888,Python,lang_python,98612.0,1,0,0.102688918629189,False
12174,Python,lang_python,156022.0,1,1,0.8167210306677654,True
6124,Python,lang_python,70305.0,0,1,0.7633037440837357,False
18982,Python,lang_python,140000.0,1,1,0.6440470975644402,True
48088,Python,lang_python,173590.0,1,1,0.9808745300668753,True
25765,Python,lang_python,12000.0,0,0,0.05486809548121987,True
17366,Python,lang_python,65316.0,0,0,0.4519441612299312,True
1301,Python,lang_python,190000.0,1,1,0.9130862813211573,True
16355,Python,lang_python,23203.0,0,0,0.03861326793649838,True
25377,Python,lang_python,17402.0,0,0,0.04233684000234547,True
2807,Python,lang_python,75147.0,0,1,0.9371465390466273,False
46120,Python,lang_python,139218.0,1,1,0.9763410755509562,True
2416,Python,lang_python,101088.0,1,1,0.9846132766144521,True
21307,Python,lang_python,193000.0,1,1,0.9454513486778864,True
5629,Python,lang_python,80000.0,1,1,0.8281706210067782,True
31034,Python,lang_python,4912.0,0,0,0.3155843150220485,True
2650,Python,lang_python,141188.0,1,1,0.5043859467438958,True
23841,Python,lang_python,72958.0,0,0,0.42650152929821206,True
13264,Python,lang_python,103000.0,1,1,0.5199168508573857,True
1640,Python,lang_python,102093.0,1,1,0.7793127921075194,True
45414,Python,lang_python,38285.0,0,0,0.12401606052933864,True
19100,Python,lang_python,187500.0,1,1,0.9943914326500467,True
25884,Python,lang_python,75000.0,0,1,0.805409532086272,False
3917,Python,lang_python,55687.0,0,0,0.07963400706479898,True
14391,Python,lang_python,82906.0,1,0,0.313250195125512,False
6463,Python,lang_python,200000.0,1,1,0.9685119183462472,True
13800,Python,lang_python,112000.0,1,1,0.9120509502940524,True
11604,Python,lang_python,175000.0,1,1,0.9438925372180845,True
4937,Python,lang_python,25447.0,0,0,0.048466940183132724,True
28895,Python,lang_python,39138.0,0,0,0.059140257501661055,True
21581,Python,lang_python,7369.0,0,0,0.05943576298302122,True
25707,Python,lang_python,2904.0,0,1,0.5107468536217289,False
39484,Python,lang_python,48821.0,0,0,0.11178370444608197,True
37568,Python,lang_python,67289.0,0,0,0.28236464042397275,True
26343,Python,lang_python,71278.0,0,0,0.13680911591854164,True
14441,Python,lang_python,4710.0,0,0,0.00201786679233376,True
21540,Python,lang_python,200000.0,1,1,0.9854766030788653,True
15206,Python,lang_python,81210.0,1,0,0.1418428414437198,False
4237,Python,lang_python,48757.0,0,0,0.3892062994053568,True
27662,Python,lang_python,57179.0,0,0,0.31867623368628245,True
36872,Python,lang_python,20071.0,0,0,0.06462083195032078,True
1905,Python,lang_python,89183.0,1,1,0.7652138731260728,True
34091,Python,lang_python,325000.0,1,1,0.9694345434081635,True
12344,Python,lang_python,325000.0,1,1,0.9096815185369396,True
1054,Python,lang_python,46406.0,0,0,0.22195273946909552,True
19736,Python,lang_python,81210.0,1,0,0.2248012553092016,False
23123,Python,lang_python,160000.0,1,0,0.10986358676054697,False
17757,Python,lang_python,123993.0,1,0,0.42124460694971255,False
38766,Python,lang_python,110000.0,1,1,0.681230596013564,True
24121,Python,lang_python,173000.0,1,1,0.9924855572955866,True
16004,Python,lang_python,134000.0,1,1,0.836863487264437,True
36464,Python,lang_python,190000.0,1,1,0.9376834764972296,True
10246,Python,lang_python,149756.0,1,1,0.7516429878709616,True
1630,Python,lang_python,4545.0,0,0,0.05667707819612324,True
28400,Python,lang_python,10682.0,0,0,0.04930944699828507,True
1748,Python,lang_python,71929.0,0,1,0.6147190989863079,False
48410,Python,lang_python,52207.0,0,0,0.0839547713925627,True
40961,Python,lang_python,106733.0,1,1,0.8337023821505359,True
25325,Python,lang_python,24561.0,0,0,0.14003128100521003,True
16861,Python,lang_python,41765.0,0,1,0.7058442119491415,False
36588,Python,lang_python,150000.0,1,1,0.9467440730398656,True
9713,Python,lang_python,127616.0,1,0,0.42957862035344224,False
10685,Python,lang_python,161191.0,1,1,0.9882990374076963,True
38189,Python,lang_python,68225.0,0,1,0.5191240461368606,False
38276,Python,lang_python,215000.0,1,1,0.924750917623359,True
36703,Python,lang_python,136141.0,1,1,0.8428207274362233,True
3734,Python,lang_python,81210.0,1,1,0.5863996856800437,True
48241,Python,lang_python,117017.0,1,0,0.41116935865755333,False
18010,Python,lang_python,7793.0,0,0,0.021626090443780104,True
5463,Python,lang_python,31904.0,0,0,0.10771008941523214,True
40474,Python,lang_python,177889.0,1,1,0.9286482025177576,True
17334,Python,lang_python,32980.0,0,0,0.032739780134857455,True
1917,Python,lang_python,45934.0,0,0,0.060113491707350114,True
38128,Python,lang_python,29060.0,0,0,0.018029833524587105,True
5883,Python,lang_python,84512.0,1,1,0.9169359273637385,True
45916,Python,lang_python,1000.0,0,0,0.04678067842086365,True
2732,Python,lang_python,95000.0,1,1,0.9551891559869292,True
15246,Python,lang_python,144580.0,1,1,0.861233066003827,True
46110,Python,lang_python,95179.0,1,1,0.7180593963248175,True
28518,Python,lang_python,77760.0,1,1,0.6904966204563263,True
22669,Python,lang_python,40000.0,0,1,0.9419912948979353,False
44035,Python,lang_python,6940.0,0,0,0.06396063108465334,True
35304,Python,lang_python,20358.0,0,0,0.03735285330532361,True
35561,Python,lang_python,232029.0,1,1,0.9568096723453957,True
12821,Python,lang_python,57179.0,0,0,0.39031917012899114,True
41260,Python,lang_python,54212.0,0,0,0.13567594318950607,True
11413,Python,lang_python,76825.0,1,1,0.7370341893501885,True
26166,Python,lang_python,121383.0,1,1,0.6276652237818039,True
43370,Python,lang_python,27857.0,0,0,0.41543374992328436,True
35448,Python,lang_python,116015.0,1,1,0.5841817738372272,True
6739,Python,lang_python,96000.0,1,1,0.839480739723809,True
47433,Python,lang_python,156620.0,1,1,0.6529863478566742,True
4688,Python,lang_python,24124.0,0,0,0.20582607876502956,True
26158,Python,lang_python,85739.0,1,0,0.2316395518205127,False
28334,Python,lang_python,15111.0,0,0,0.05665333074550658,True
12541,Python,lang_python,96000.0,1,0,0.2595232583441317,False
12530,Python,lang_python,49270.0,0,0,0.20722377005650097,True
45311,Python,lang_python,225000.0,1,1,0.9406004936216128,True
10092,Python,lang_python,41765.0,0,0,0.14483431108585226,True
6917,Python,lang_python,104413.0,1,1,0.7098958278165635,True
2819,Python,lang_python,60328.0,0,0,0.3123182040457546,True
34952,Python,lang_python,4000.0,0,1,0.7682360859683814,False
37032,Python,lang_python,19722.0,0,0,0.005191280583300491,True
23172,Python,lang_python,300000.0,1,1,0.9030575965040504,True
8345,Python,lang_python,58007.0,0,0,0.32648953045137824,True
27209,Python,lang_python,98244.0,1,0,0.2751905054541626,False
35760,Python,lang_python,110000.0,1,1,0.9682546219024994,True
15781,Python,lang_python,51000.0,0,0,0.48179370844020997,True
16035,Python,lang_python,173590.0,1,1,0.9671373178708887,True
11540,Python,lang_python,150000.0,1,1,0.7563654831186855,True
47404,Python,lang_python,50538.0,0,0,0.07378200202387938,True
9096,Python,lang_python,183000.0,1,1,0.9339766450009664,True
37737,Python,lang_python,150000.0,1,1,0.9611868032200096,True
43319,Python,lang_python,69609.0,0,0,0.2514959802728422,True
5936,Python,lang_python,149756.0,1,1,0.7469054061402183,True
38234,Python,lang_python,40605.0,0,0,0.18593687657090205,True
29509,Python,lang_python,14000.0,0,0,0.058218979844300404,True
367,Python,lang_python,109438.0,1,1,0.9308207279075362,True
9982,Python,lang_python,73089.0,0,1,0.7266711111567201,False
11467,Python,lang_python,185234.0,1,1,0.9695369761770658,True
35102,Python,lang_python,116015.0,1,0,0.22412766739562112,False
18576,Python,lang_python,23404.0,0,0,0.13622562113977033,True
4903,Python,lang_python,185623.0,1,1,0.6245036289134993,True
15631,Python,lang_python,112334.0,1,0,0.41085233298138646,False
45066,Python,lang_python,139218.0,1,0,0.32438422809050177,False
6117,Python,lang_python,29805.0,0,0,0.21408502910247862,True
44317,Python,lang_python,232479.0,1,0,0.05467972938729919,False
15749,Python,lang_python,81210.0,1,0,0.15671948050951137,False
41910,Python,lang_python,54457.0,0,0,0.27358083712458425,True
31310,Python,lang_python,88846.0,1,1,0.8105665465134,True
46697,Python,lang_python,94659.0,1,0,0.13549158955894672,False
25338,Python,lang_python,76570.0,1,1,0.6584193361950006,True
27943,Python,lang_python,6202.0,0,0,0.2762533149919509,True
11365,Python,lang_python,200000.0,1,1,0.9576647826262662,True
43128,Python,lang_python,116733.0,1,1,0.6622768688178647,True
32012,Python,lang_python,63808.0,0,0,0.3707834740233503,True
5017,Python,lang_python,131097.0,1,1,0.5431037569255297,True
37409,Python,lang_python,6974.0,0,0,0.0017944135661620525,True
19238,Python,lang_python,75000.0,0,0,0.4760232243115199,True
33666,Python,lang_python,69609.0,0,1,0.8387900485399807,False
924,Python,lang_python,146000.0,1,1,0.9816456707327592,True
12055,Python,lang_python,60118.0,0,0,0.29609759586677975,True
5178,Python,lang_python,125000.0,1,1,0.9582421074710237,True
4837,Python,lang_python,60072.0,0,0,0.04473630996523422,True
10192,Python,lang_python,89868.0,1,1,0.7793638846790913,True
34136,Python,lang_python,66310.0,0,1,0.5019783138970928,False
9601,Python,lang_python,69609.0,0,1,0.5120017056079497,False
36033,Python,lang_python,275000.0,1,1,0.991416137657068,True
25282,Python,lang_python,83234.0,1,0,0.39776280033631617,False
34751,Python,lang_python,98244.0,1,0,0.23598307989444509,False
37100,Python,lang_python,69609.0,0,0,0.2263186073135373,True
40150,Python,lang_python,3336.0,0,0,0.001691610978526555,True
44958,Python,lang_python,218875.0,1,1,0.9514436755160837,True
2037,Python,lang_python,14987.0,0,0,0.08745531655437837,True
33387,Python,lang_python,64968.0,0,0,0.391214050162339,True
19874,Python,lang_python,25573.0,0,0,0.06639557955825878,True
5757,Python,lang_python,34804.0,0,0,0.11317671923226193,True
27545,Python,lang_python,81964.0,1,0,0.2614809549166304,False
27653,Python,lang_python,371247.0,1,1,0.8904943889432251,True
39756,Python,lang_python,47650.0,0,0,0.4050427304176401,True
16715,Python,lang_python,9409.0,0,0,0.23521873890362402,True
25693,Python,lang_python,75000.0,0,1,0.7872689559958868,False
11789,Python,lang_python,255232.0,1,1,0.7113034630289332,True
36573,Python,lang_python,145000.0,1,1,0.9126737658715438,True
2462,Python,lang_python,140000.0,1,1,0.9318557766544905,True
9532,Python,lang_python,162421.0,1,1,0.8613703262190054,True
38190,Python,lang_python,59167.0,0,0,0.3975997575743751,True
18428,Python,lang_python,53989.0,0,1,0.6608116415903432,False
28240,Python,lang_python,6902.0,0,0,0.07367068169319362,True
30784,Python,lang_python,233.0,0,0,0.12219548389085963,True
15173,Python,lang_python,95000.0,1,1,0.7703740741628031,True
13725,Python,lang_python,63932.0,0,0,0.22163390440078196,True
14002,Python,lang_python,125000.0,1,1,0.7808126562737614,True
31479,Python,lang_python,132576.0,1,1,0.627742756279135,True
29134,Python,lang_python,46000.0,0,0,0.12549888971721004,True
40933,Python,lang_python,170000.0,1,1,0.9434272276253516,True
1684,Python,lang_python,180000.0,1,1,0.9873554452377904,True
4042,Python,lang_python,2729.0,0,0,0.0051990044487013835,True
45656,Python,lang_python,69000.0,0,1,0.9826326686078866,False
1280,Python,lang_python,39445.0,0,0,0.3657995002097843,True
30213,Python,lang_python,30164.0,0,0,0.043311005110573064,True
14181,Python,lang_python,49744.0,0,0,0.09693158053042017,True
13361,Python,lang_python,87011.0,1,0,0.17172546001817188,False
2599,Python,lang_python,69609.0,0,1,0.6387029679972557,False
45059,Python,lang_python,27306.0,0,0,0.3648617904527473,True
48683,Python,lang_python,75000.0,0,1,0.6290889486539698,False
17592,Python,lang_python,81870.0,1,0,0.25115559517473135,False
25919,Python,lang_python,116733.0,1,1,0.7797489350045999,True
1479,Python,lang_python,87011.0,1,0,0.2920921793186085,False
5673,Python,lang_python,100000.0,1,1,0.9440264679402656,True
33079,Python,lang_python,63540.0,0,0,0.1472617492426858,True
41405,Python,lang_python,118593.0,1,1,0.9453286693611114,True
3537,Python,lang_python,200000.0,1,1,0.9166924616416239,True
40367,Python,lang_python,91000.0,1,1,0.578038059602535,True
28638,Python,lang_python,12399.0,0,0,0.026993874716600138,True
36167,Python,lang_python,69609.0,0,0,0.49137173518595234,True
20962,Python,lang_python,87011.0,1,1,0.6999271873178025,True
5900,Python,lang_python,2000.0,0,0,0.024656459311178026,True
32951,Python,lang_python,56934.0,0,1,0.7336953697619275,False
10124,Python,lang_python,75410.0,0,1,0.5327410094138277,False
5851,Python,lang_python,120471.0,1,0,0.3491608271417682,False
11593,Python,lang_python,98612.0,1,0,0.3944667274068585,False
28837,Python,lang_python,5089.0,0,0,0.0011108988203869942,True
37148,Python,lang_python,250000.0,1,1,0.9664498496184144,True
199,Python,lang_python,8357.0,0,0,0.04329732789029138,True
13969,Python,lang_python,125000.0,1,1,0.6393956052424131,True
36304,Python,lang_python,35000.0,0,0,0.08684890811340389,True
33774,Python,lang_python,16274.0,0,0,0.11101829910434131,True
30192,Python,lang_python,87011.0,1,1,0.6492937074480634,True
38181,Python,lang_python,190000.0,1,1,0.8233574176859807,True
16511,Python,lang_python,106615.0,1,0,0.48431424989873695,False
14774,Python,lang_python,3675.0,0,0,0.026974352971279328,True
2985,Python,lang_python,200000.0,1,1,0.9464501602614832,True
3984,Python,lang_python,155895.0,1,1,0.9213457730568221,True
394,Python,lang_python,110000.0,1,0,0.4685519710253842,False
25165,Python,lang_python,6974.0,0,0,0.08222257943396609,True
43560,Python,lang_python,77000.0,1,0,0.1386282885612272,False
4808,Python,lang_python,98612.0,1,1,0.6402712673158115,True
27781,Python,lang_python,47423.0,0,0,0.1344241010939374,True
512,Python,lang_python,200000.0,1,1,0.8053395193868481,True
38015,Python,lang_python,69609.0,0,1,0.5521477642333429,False
11855,Python,lang_python,143100.0,1,1,0.9101679960840147,True
29389,Python,lang_python,90353.0,1,0,0.2552973199781225,False
15685,Python,lang_python,120000.0,1,1,0.8797605324867889,True
27916,Python,lang_python,77707.0,1,0,0.48451185777764433,False
8460,Python,lang_python,27898.0,0,0,0.05521423250742496,True
28646,Python,lang_python,5596.0,0,0,0.06934259852176056,True
18404,Python,lang_python,141595.0,1,1,0.5423519424274292,True
21007,Python,lang_python,175000.0,1,1,0.9383163983839147,True
21605,Python,lang_python,34804.0,0,0,0.033499030742534325,True
9646,Python,lang_python,46406.0,0,0,0.28090892957657126,True
25339,Python,lang_python,116015.0,1,0,0.33396800471036786,False
45122,Python,lang_python,185989.0,1,1,0.9819025840221152,True
22415,Python,lang_python,6858.0,0,0,0.013684319472776728,True
19594,Python,lang_python,34804.0,0,0,0.03199383839137631,True
5693,Python,lang_python,110000.0,1,1,0.7083891400008638,True
9923,Python,lang_python,97452.0,1,1,0.9071987447479674,True
35870,Python,lang_python,39445.0,0,0,0.07737000497442709,True
22310,Python,lang_python,180000.0,1,1,0.901466835570393,True
36291,Python,lang_python,170000.0,1,1,0.891186583288563,True
35256,Python,lang_python,49904.0,0,1,0.5019090425273348,False
36309,Python,lang_python,69609.0,0,0,0.24195006356032753,True
19869,Python,lang_python,47508.0,0,0,0.09934035797698736,True
27357,Python,lang_python,47566.0,0,1,0.5102724546254203,False
25154,Python,lang_python,116640.0,1,1,0.6206582497460758,True
22933,Python,lang_python,174682.0,1,1,0.812881508511508,True
2417,Python,lang_python,20000.0,0,0,0.08710836670957313,True
46043,Python,lang_python,31982.0,0,0,0.0784451212740483,True
5842,Python,lang_python,225000.0,1,1,0.9739087672316239,True
8941,Python,lang_python,49122.0,0,0,0.3259610842138864,True
15033,Python,lang_python,92812.0,1,0,0.1940695433113222,False
671,Python,lang_python,66824.0,0,0,0.19860445628132528,True
11813,Python,lang_python,255232.0,1,1,0.957502390056912,True
28914,Python,lang_python,145000.0,1,1,0.9836616678439034,True
17154,Python,lang_python,21888.0,0,0,0.029776155257492356,True
27576,Python,lang_python,69310.0,0,0,0.45194957600590374,True
16165,Python,lang_python,8718.0,0,0,0.034822612956992495,True
33220,Python,lang_python,12492.0,0,0,0.016327792472251055,True
40672,Python,lang_python,13458.0,0,0,0.011179232049386726,True
15697,Python,lang_python,64040.0,0,1,0.7728828331674991,False
11821,Python,lang_python,34035.0,0,0,0.0024389951109535825,True
19707,Python,lang_python,13922.0,0,0,0.007772279710863879,True
10012,Python,lang_python,69609.0,0,0,0.39030857850371914,True
34203,Python,lang_python,45246.0,0,0,0.1654838584603516,True
4424,Python,lang_python,697.0,0,0,0.000499379528757702,True
4015,Python,lang_python,13949.0,0,0,0.014578686616941392,True
14943,Python,lang_python,69116.0,0,0,0.1133244629765786,True
1390,Python,lang_python,30164.0,0,0,0.06270273105680034,True
28773,Python,lang_python,54000.0,0,0,0.2033112581536362,True
14738,Python,lang_python,40000.0,0,0,0.06530141519655841,True
40208,Python,lang_python,90000.0,1,1,0.9229913876247532,True
46906,Python,lang_python,52207.0,0,0,0.07702602258220559,True
38284,Python,lang_python,35822.0,0,0,0.484817477123177,True
41472,Python,lang_python,29847.0,0,0,0.04901571659672634,True
12812,Python,lang_python,136392.0,1,1,0.9363551698897188,True
14031,Python,lang_python,300000.0,1,1,0.98386111516007,True
45316,Python,lang_python,66259.0,0,1,0.5114440202012995,False
4551,Python,lang_python,5300.0,0,0,0.07022360272861716,True
35762,Python,lang_python,13949.0,0,0,0.21853291509803707,True
14040,Python,lang_python,207000.0,1,1,0.9467223902956113,True
36315,Python,lang_python,76570.0,1,1,0.7437816594413552,True
48780,Python,lang_python,54853.0,0,1,0.5691413576972038,False
10467,Python,lang_python,24003.0,0,0,0.2449610467031511,True
4678,Python,lang_python,105624.0,1,1,0.7806797053197153,True
41523,Python,lang_python,13949.0,0,0,6.142978537715449e-05,True
36281,Python,lang_python,25272.0,0,0,0.22327015640753262,True
32483,Python,lang_python,82623.0,1,0,0.3576928061723248,False
32902,Python,lang_python,131814.0,1,0,0.21857651025062,False
5863,Python,lang_python,12786.0,0,0,0.029114884835862505,True
46838,Python,lang_python,18071.0,0,0,0.007058436502075873,True
30373,Python,lang_python,300000.0,1,1,0.8745032151005075,True
5882,Python,lang_python,50000.0,0,1,0.6994999283718665,False
13063,Python,lang_python,51071.0,0,0,0.43792670956699664,True
1516,Python,lang_python,16706.0,0,0,0.013023245781587024,True
10507,Python,lang_python,52411.0,0,0,0.1027675134787217,True
15938,Python,lang_python,40000.0,0,0,0.10312240270240228,True
15472,Python,lang_python,350000.0,1,1,0.9868887599147877,True
43993,Python,lang_python,63808.0,0,0,0.1113086084662739,True
38551,Python,lang_python,195000.0,1,1,0.9430551695893428,True
43551,Python,lang_python,88784.0,1,1,0.5160583724490829,True
35511,Python,lang_python,110214.0,1,1,0.7628343435815897,True
36157,Python,lang_python,52207.0,0,0,0.3006425741920653,True
2051,Python,lang_python,69609.0,0,0,0.26894363203908944,True
13937,Python,lang_python,215000.0,1,1,0.9741191443462134,True
28237,Python,lang_python,33131.0,0,0,0.39691967144313234,True
9944,Python,lang_python,88492.0,1,1,0.7900640629281557,True
35685,Python,lang_python,230000.0,1,1,0.9911386059370098,True
40989,Python,lang_python,37439.0,0,1,0.5590152351684958,False
6852,Python,lang_python,139218.0,1,1,0.8431023412616225,True
36412,Python,lang_python,60000.0,0,0,0.03971001782229904,True
6713,Python,lang_python,87341.0,1,0,0.39359413538256904,False
490,Python,lang_python,75410.0,0,1,0.6507357595671,False
40901,Python,lang_python,115000.0,1,1,0.9012498157177751,True
29990,Python,lang_python,97452.0,1,0,0.3831982641792886,False
28216,Python,lang_python,81368.0,1,0,0.006037120484937157,False
2754,Python,lang_python,170000.0,1,1,0.9701362858690652,True
30776,Python,lang_python,12000.0,0,0,0.01822980436362185,True
5974,Python,lang_python,200000.0,1,1,0.9835622498492002,True
26607,Python,lang_python,150000.0,1,1,0.9744476426861053,True
29098,Python,lang_python,90000.0,1,1,0.6964268466005066,True
46399,Python,lang_python,230000.0,1,1,0.6901384930772403,True
6918,Python,lang_python,117017.0,1,1,0.9437673757084684,True
1322,Python,lang_python,200000.0,1,1,0.9843846313539985,True
12725,Python,lang_python,18605.0,0,0,0.03757364919300037,True
5091,Python,lang_python,83531.0,1,1,0.7855226328843109,True
5220,Python,lang_python,71929.0,0,1,0.5409361245584013,False
34048,Python,lang_python,170000.0,1,1,0.9741057676328454,True
4366,Python,lang_python,78890.0,1,0,0.16777358858171948,False
44690,Python,lang_python,2906.0,0,0,0.0983423662052487,True
4931,Python,lang_python,107000.0,1,1,0.9010196523152865,True
15571,Python,lang_python,69310.0,0,0,0.4135052286801074,True
45879,Python,lang_python,72282.0,0,1,0.8179360885256387,False
29025,Python,lang_python,24561.0,0,0,0.1260956963787889,True
1938,Python,lang_python,65663.0,0,0,0.2929487903598316,True
33057,Python,lang_python,125000.0,1,1,0.8700956012981926,True
40734,Python,lang_python,265000.0,1,1,0.9433510888384853,True
32276,Python,lang_python,93972.0,1,0,0.3704744952588076,False
14083,Python,lang_python,213000.0,1,1,0.9259155074456573,True
23022,Python,lang_python,68333.0,0,1,0.8299294546934193,False
35974,Python,lang_python,16274.0,0,0,0.027221735867437025,True
31314,Python,lang_python,41786.0,0,0,0.15163971159102102,True
37483,Python,lang_python,5487.0,0,0,0.21496414617005613,True
15812,Python,lang_python,75000.0,0,1,0.6103260728299993,False
15788,Python,lang_python,500.0,0,0,0.006797530740975075,True
45234,Python,lang_python,224633.0,1,1,0.514883538943733,True
12274,Python,lang_python,104413.0,1,0,0.18173346366798526,False
27452,Python,lang_python,63713.0,0,0,0.48025491514163055,True
37634,Python,lang_python,300000.0,1,1,0.8190520815259992,True
3481,Python,lang_python,185000.0,1,1,0.8756519280507891,True
13040,Python,lang_python,75410.0,0,0,0.344544179177568,True
3422,Python,lang_python,84512.0,1,1,0.6849960029742718,True
27105,Python,lang_python,17759.0,0,0,0.03443507346986625,True
34298,Python,lang_python,75410.0,0,1,0.601644980996413,False
4197,Python,lang_python,95299.0,1,1,0.8645627500858528,True
43135,Python,lang_python,40684.0,0,0,0.03218694284087203,True
18000,Python,lang_python,80000.0,1,0,0.13112030451070844,False
325,Python,lang_python,119495.0,1,1,0.8651826680597201,True
1967,Python,lang_python,31324.0,0,0,0.048025015663049765,True
12800,Python,lang_python,28772.0,0,0,0.09422382865406763,True
27456,Python,lang_python,70000.0,0,1,0.5031489585095278,False
3976,Python,lang_python,81210.0,1,1,0.6361204774538388,True
35564,Python,lang_python,96724.0,1,0,0.07928731979180284,False
17309,Python,lang_python,68449.0,0,0,0.15171923968794462,True
10224,Python,lang_python,76570.0,1,1,0.8117017838804962,True
13520,Python,lang_python,61264.0,0,0,0.3093486404061332,True
237,Python,lang_python,61996.0,0,1,0.8761213886707994,False
13333,Python,lang_python,34872.0,0,0,0.05046190244176896,True
27172,Python,lang_python,76570.0,1,0,0.3586632341546336,False
13272,Python,lang_python,190604.0,1,1,0.8792106772033211,True
11612,Python,lang_python,99383.0,1,1,0.6654756256360841,True
21425,Python,lang_python,180000.0,1,1,0.9166298536555556,True
15073,Python,lang_python,5383.0,0,0,0.011882884837124925,True
787,Python,lang_python,163370.0,1,0,0.30716951242285484,False
4756,Python,lang_python,130000.0,1,1,0.9447700957062896,True
24201,Python,lang_python,400000.0,1,1,0.6571712348689192,True
33812,Python,lang_python,27228.0,0,0,0.0374861646655889,True
42682,Python,lang_python,386000.0,1,1,0.9931992513788044,True
35820,Python,lang_python,27844.0,0,0,0.3771882458046893,True
196,Python,lang_python,108000.0,1,0,0.44970523670041057,False
16496,Python,lang_python,46969.0,0,1,0.5447327806702772,False
14892,Python,lang_python,81210.0,1,1,0.8022786616461056,True
9179,Python,lang_python,97514.0,1,1,0.8085514905714254,True
31221,Python,lang_python,23203.0,0,0,0.009927484407642032,True
15183,Python,lang_python,56847.0,0,0,0.2625995266966083,True
18150,Python,lang_python,62015.0,0,1,0.9667810387817535,False
44279,Python,lang_python,110000.0,1,1,0.9528488387651671,True
9804,Python,lang_python,133417.0,1,1,0.6601305404826854,True
4137,Python,lang_python,69609.0,0,0,0.09667935156346705,True
15136,Python,lang_python,107874.0,1,1,0.9747723258557843,True
17506,Python,lang_python,22000.0,0,1,0.6635381237648313,False
4864,Python,lang_python,92812.0,1,1,0.7745941678925378,True
6951,Python,lang_python,162421.0,1,0,0.4113062559363858,False
16671,Python,lang_python,13922.0,0,0,0.1927254973877208,True
11342,Python,lang_python,140000.0,1,1,0.9381501047043518,True
45288,Python,lang_python,195000.0,1,1,0.9869187129789796,True
40710,Python,lang_python,21888.0,0,0,0.0121860118864057,True
9126,Python,lang_python,31090.0,0,0,0.26042628359698033,True
4952,Python,lang_python,16075.0,0,0,0.05446439349040918,True
26633,Python,lang_python,110000.0,1,1,0.7299415690228918,True
45341,Python,lang_python,45847.0,0,0,0.35240536911152665,True
5643,Python,lang_python,15909.0,0,0,0.03917284231752235,True
26618,Python,lang_python,95596.0,1,1,0.5882389094607835,True
16513,Python,lang_python,54457.0,0,1,0.5038404318545128,False
39833,Python,lang_python,1078.0,0,0,0.014153494167884034,True
6278,Python,lang_python,130000.0,1,1,0.9929606599769955,True
20676,Python,lang_python,190000.0,1,1,0.9657532509822928,True
5465,Python,lang_python,120000.0,1,1,0.9653636410635161,True
21725,Python,lang_python,98612.0,1,1,0.9190144060855947,True
3635,Python,lang_python,83571.0,1,0,0.13257612420007708,False
8590,Python,lang_python,4214.0,0,0,0.030215895215677812,True
48931,Python,lang_python,165000.0,1,1,0.8960745574690321,True
29038,Python,lang_python,29004.0,0,0,0.031970642266589064,True
35375,Python,lang_python,240000.0,1,1,0.9233877065636402,True
3606,Python,lang_python,55687.0,0,1,0.6409749245101614,False
27015,Python,lang_python,147071.0,1,1,0.7231856796302489,True
45137,Python,lang_python,69609.0,0,0,0.24497175319482473,True
44615,Python,lang_python,46406.0,0,1,0.7980658435497601,False
16372,Python,lang_python,85851.0,1,0,0.168276901870555,False
8319,Python,lang_python,61919.0,0,0,0.029908746315133142,True
38379,Python,lang_python,6381.0,0,0,0.005592792698831311,True
5296,Python,lang_python,61770.0,0,1,0.6638186944458693,False
35596,Python,lang_python,100000.0,1,1,0.9300450909976723,True
30042,Python,lang_python,350000.0,1,1,0.9574945606776144,True
28150,Python,lang_python,69609.0,0,0,0.49044905196690114,True
40118,Python,lang_python,78000.0,1,1,0.9684357399506666,True
25061,Python,lang_python,58302.0,0,0,0.31707730980144994,True
13686,Python,lang_python,185623.0,1,1,0.7361886525943904,True
40052,Python,lang_python,87011.0,1,1,0.7632356865876887,True
31596,Python,lang_python,34872.0,0,0,0.02641499343811676,True
36423,Python,lang_python,92812.0,1,0,0.1762152010142408,False
15056,Python,lang_python,195280.0,1,1,0.9735363432251054,True
11216,Python,lang_python,200000.0,1,1,0.9790328115345796,True
16712,Python,lang_python,58007.0,0,0,0.03203634015373021,True
35634,Python,lang_python,75744.0,0,0,0.20529428286332874,True
46920,Python,lang_python,58471.0,0,1,0.645306206152989,False
38138,Python,lang_python,60328.0,0,0,0.2573166819034732,True
22585,Python,lang_python,348.0,0,0,0.010214648576424108,True
2377,Python,lang_python,142592.0,1,1,0.9637038175984368,True
1022,Python,lang_python,71001.0,0,0,0.4371579277919626,True
3880,Python,lang_python,6000.0,0,0,0.15828551444257588,True
10245,Python,lang_python,38171.0,0,0,0.05224589761030293,True
28252,Python,lang_python,42356.0,0,0,0.35166310378551546,True
31582,Python,lang_python,75495.0,0,0,0.13125898426457172,True
13497,Python,lang_python,78962.0,1,1,0.610273562830022,True
5452,Python,lang_python,150000.0,1,1,0.9718866560274806,True
5076,Python,lang_python,272536.0,1,1,0.5747553549189756,True
27700,Python,lang_python,170000.0,1,1,0.9370293243580151,True
13002,Python,lang_python,81262.0,1,1,0.500091805045036,True
3969,Python,lang_python,46406.0,0,1,0.5235775076618905,False
18993,Python,lang_python,250000.0,1,1,0.9703197454923123,True
20069,Python,lang_python,81761.0,1,1,0.6651414972451777,True
10578,Python,lang_python,130193.0,1,1,0.9792961588776734,True
39664,Python,lang_python,87011.0,1,0,0.19895887971062362,False
6236,Python,lang_python,81210.0,1,1,0.7416773163227911,True
41936,Python,lang_python,200000.0,1,1,0.9494456634052977,True
13919,Python,lang_python,180000.0,1,1,0.9403929605279717,True
11804,Python,lang_python,92812.0,1,0,0.31601252400455143,False
34230,Python,lang_python,48726.0,0,0,0.4271824363672263,True
43575,Python,lang_python,125000.0,1,1,0.772066419490256,True
20309,Python,lang_python,2000.0,0,0,0.33571207597680486,True
11453,Python,lang_python,55687.0,0,0,0.33916491420227984,True
18819,Python,lang_python,234000.0,1,1,0.9920296048418262,True
36122,Python,lang_python,71929.0,0,1,0.5418390241381289,False
36330,Python,lang_python,220000.0,1,1,0.9836345965077951,True
5616,Python,lang_python,62180.0,0,0,0.35309866639726456,True
1464,Python,lang_python,71168.0,0,0,0.3538103261513704,True
37087,Python,lang_python,104413.0,1,1,0.5327776732066583,True
11922,Python,lang_python,134577.0,1,1,0.8231688422258637,True
21486,Python,lang_python,75943.0,0,1,0.5677451357792233,False
41821,Python,lang_python,73375.0,0,0,0.4161929361755627,True
26984,Python,lang_python,116015.0,1,1,0.8194972051700385,True
34929,Python,lang_python,121815.0,1,1,0.7407287309901376,True
6077,Python,lang_python,66128.0,0,1,0.5008206425473236,False
22635,Python,lang_python,96000.0,1,0,0.08410495178670652,False
38093,Python,lang_python,122976.0,1,0,0.293197191688346,False
30531,Python,lang_python,72000.0,0,1,0.7710441190521717,False
12427,Python,lang_python,116015.0,1,1,0.8319856005322576,True
35125,Python,lang_python,91829.0,1,0,0.05362266866627474,False
35302,Python,lang_python,170177.0,1,1,0.8574859822006915,True
27548,Python,lang_python,37000.0,0,1,0.761088011406219,False
19181,Python,lang_python,315000.0,1,1,0.7819949639266149,True
41507,Python,lang_python,57858.0,0,0,0.382985022667869,True
38640,Python,lang_python,80050.0,1,1,0.7413531439063209,True
4534,Python,lang_python,168221.0,1,1,0.7439878085927965,True
28224,Python,lang_python,126769.0,1,1,0.6489521226297046,True
12002,Python,lang_python,81262.0,1,1,0.795380461480454,True
36748,Python,lang_python,240000.0,1,1,0.9757955416459796,True
15344,Python,lang_python,20047.0,0,0,0.04204273738771349,True
13609,Python,lang_python,148791.0,1,1,0.9189472065508002,True
5317,Python,lang_python,78890.0,1,1,0.5137135155179668,True
37683,Python,lang_python,140000.0,1,1,0.9711814811799562,True
11840,Python,lang_python,2790.0,0,0,0.02150876590671794,True
17565,Python,lang_python,63808.0,0,0,0.37247212067427604,True
34806,Python,lang_python,81685.0,1,1,0.7886840074532754,True
18957,Python,lang_python,310000.0,1,1,0.9932361258369211,True
20312,Python,lang_python,167454.0,1,1,0.7330195343835179,True
45571,Python,lang_python,7691.0,0,0,0.1369792794585688,True
17930,Python,lang_python,44086.0,0,0,0.4805643563556166,True
5061,Python,lang_python,32484.0,0,1,0.6080523280559914,False
26687,Python,lang_python,234337.0,1,1,0.9002571424398638,True
34795,Python,lang_python,54457.0,0,1,0.5365821646404393,False
6644,Python,lang_python,19028.0,0,0,0.11267255336898224,True
45603,Python,lang_python,190000.0,1,1,0.9041179252932808,True
7427,Python,lang_python,1515.0,0,0,0.1187254833949228,True
6336,Python,lang_python,61996.0,0,0,0.2740208245873278,True
13505,Python,lang_python,100000.0,1,1,0.8725656269044454,True
18935,Python,lang_python,163000.0,1,1,0.9726935723128904,True
44843,Python,lang_python,73553.0,0,0,0.1492707343022477,True
6749,Python,lang_python,78000.0,1,1,0.7049830556673884,True
27506,Python,lang_python,46918.0,0,1,0.8236622340710263,False
2369,Python,lang_python,81870.0,1,0,0.4108221919429826,False
16170,Python,lang_python,70000.0,0,1,0.946752390893253,False
8279,Python,lang_python,130000.0,1,1,0.6899749791692555,True
28109,Python,lang_python,235314.0,1,1,0.7933235140734158,True
11051,Python,lang_python,169000.0,1,1,0.8426628722390956,True
41086,Python,lang_python,250000.0,1,1,0.9953225838058118,True
1645,Python,lang_python,8271.0,0,0,0.05944269054403718,True
33918,Python,lang_python,170000.0,1,1,0.959480947939236,True
12243,Python,lang_python,164000.0,1,1,0.968329007472278,True
16895,Python,lang_python,27306.0,0,0,0.03596237088503057,True
30423,Python,lang_python,92000.0,1,1,0.6697674809170072,True
43685,Python,lang_python,4650.0,0,0,0.007097326352480373,True
35427,Python,lang_python,92812.0,1,1,0.5362332524978478,True
18917,Python,lang_python,83857.0,1,1,0.5146087770898732,True
31460,Python,lang_python,16706.0,0,0,0.002407354137809519,True
12356,Python,lang_python,180000.0,1,1,0.9685203894991756,True
685,Python,lang_python,73017.0,0,1,0.5661666037052588,False
31953,Python,lang_python,110000.0,1,1,0.9809730874487653,True
47338,Python,lang_python,69609.0,0,0,0.3174511394941752,True
42219,Python,lang_python,85000.0,1,1,0.9804659398298922,True
3256,Python,lang_python,13000.0,0,0,0.3008045672243207,True
6175,Python,lang_python,3863.0,0,0,0.036316520266226046,True
24689,Python,lang_python,20000.0,0,0,0.050375875755753245,True
6470,Python,lang_python,87550.0,1,1,0.5783255107584744,True
38173,Python,lang_python,36000.0,0,0,0.10487225390264833,True
37391,Python,lang_python,63808.0,0,1,0.6442846463008512,False
20513,Python,lang_python,340354.0,1,0,0.4390429059053863,False
2341,Python,lang_python,97452.0,1,1,0.8988149394008919,True
24474,Python,lang_python,105000.0,1,1,0.9407158072704725,True
43428,Python,lang_python,40684.0,0,0,0.08090124582867225,True
4233,Python,lang_python,33881.0,0,1,0.6620084847896739,False
25990,Python,lang_python,50000.0,0,0,0.026310235870987155,True
12715,Python,lang_python,66128.0,0,1,0.6253398913660627,False
15428,Python,lang_python,96000.0,1,1,0.9647760070732989,True
3867,Python,lang_python,63808.0,0,1,0.5771696345726146,False
6404,Python,lang_python,8755.0,0,0,0.11375746392939058,True
19951,Python,lang_python,15004.0,0,0,0.14204734398525284,True
41375,Python,lang_python,60000.0,0,1,0.625838479283476,False
11355,Python,lang_python,124029.0,1,1,0.566156297157301,True
8372,Python,lang_python,16914.0,0,0,0.03760715841435435,True
10765,Python,lang_python,150000.0,1,1,0.9259103464809781,True
28098,Python,lang_python,31324.0,0,0,0.07642809831294338,True
3803,Python,lang_python,65258.0,0,0,0.1551063310396408,True
35494,Python,lang_python,116015.0,1,1,0.5046312309988759,True
43123,Python,lang_python,139218.0,1,1,0.7921595805920154,True
37422,Python,lang_python,230000.0,1,1,0.9926286529283654,True
4596,Python,lang_python,61187.0,0,0,0.004448511481091382,True
21606,Python,lang_python,144310.0,1,1,0.5544365185400143,True
3100,Python,lang_python,30000.0,0,0,0.0039993283682115705,True
45698,Python,lang_python,350000.0,1,1,0.9846650818247082,True
49090,Python,lang_python,4650.0,0,0,0.0010831147326197262,True
6558,Python,lang_python,325000.0,1,1,0.9728340893909198,True
15169,Python,lang_python,28772.0,0,0,0.17395081594715597,True
2891,Python,lang_python,40000.0,0,1,0.7492874349692177,False
49008,Python,lang_python,112334.0,1,0,0.48942555427386786,False
28341,Python,lang_python,50400.0,0,0,0.047635225696926645,True
1805,Python,lang_python,78000.0,1,1,0.9223311297658012,True
13335,Python,lang_python,150095.0,1,1,0.696079363631963,True
41840,Python,lang_python,34804.0,0,0,0.04744993004519449,True
21821,Python,lang_python,69609.0,0,1,0.7777936115872579,False
33251,Python,lang_python,19085.0,0,0,0.034344717375105076,True
40635,Python,lang_python,39445.0,0,0,0.09702837202783209,True
27319,Python,lang_python,120000.0,1,1,0.9822758777396375,True
41374,Python,lang_python,1500.0,0,0,0.02048253518798995,True
25766,Python,lang_python,58000.0,0,0,0.03648358927279657,True
18124,Python,lang_python,116733.0,1,1,0.8086008746299418,True
4023,Python,lang_python,364859.0,1,1,0.8917576379887479,True
9238,Python,lang_python,320000.0,1,1,0.9882067924921015,True
20229,Python,lang_python,50118.0,0,0,0.21610526664450935,True
46559,Python,lang_python,140080.0,1,1,0.6368565892754661,True
9016,Python,lang_python,49886.0,0,0,0.1235557191644177,True
17269,Python,lang_python,99953.0,1,1,0.6532076673973174,True
16604,Python,lang_python,97341.0,1,1,0.6135608238248752,True
36969,Python,lang_python,92812.0,1,1,0.8289185619379419,True
3961,Python,lang_python,81210.0,1,1,0.583930766985602,True
28398,Python,lang_python,46541.0,0,0,0.18238742153432977,True
15456,Python,lang_python,192000.0,1,1,0.8501399493921612,True
20614,Python,lang_python,75410.0,0,1,0.8405285521337605,False
15212,Python,lang_python,68071.0,0,1,0.9439805138136923,False
2250,Python,lang_python,220000.0,1,1,0.9920732910933795,True
4282,Python,lang_python,11043.0,0,0,0.018344998967578918,True
20219,Python,lang_python,103021.0,1,1,0.8485145723074399,True
683,Python,lang_python,41765.0,0,0,0.424722580778323,True
43978,Python,lang_python,95955.0,1,1,0.9057161479967116,True
37524,Python,lang_python,69609.0,0,1,0.6029846079517408,False
17529,Python,lang_python,1123.0,0,0,0.003290408329553862,True
3161,Python,lang_python,232000.0,1,1,0.9375803527257774,True
16750,Python,lang_python,27109.0,0,0,0.0026917097499989866,True
26546,Python,lang_python,118602.0,1,0,0.09206914486913445,False
44316,Python,lang_python,147000.0,1,1,0.9401893688807522,True
13777,Python,lang_python,100000.0,1,1,0.652878160720447,True
18409,Python,lang_python,75410.0,0,0,0.4164889891653258,True
16076,Python,lang_python,89933.0,1,0,0.4927676632728341,False
3693,Python,lang_python,48726.0,0,0,0.24500952068238063,True
5614,Python,lang_python,48726.0,0,0,0.11986403887127106,True
33811,Python,lang_python,11601.0,0,0,0.005404659685669567,True
41184,Python,lang_python,81210.0,1,1,0.5130927093057105,True
40337,Python,lang_python,18562.0,0,0,0.059494612376167745,True
40874,Python,lang_python,100745.0,1,1,0.530340698105862,True
41050,Python,lang_python,1416.0,0,0,0.017962804881279753,True
27543,Python,lang_python,280224.0,1,1,0.9728301313138666,True
854,Python,lang_python,35965.0,0,0,0.15043194388138062,True
46431,Python,lang_python,140000.0,1,1,0.9812351804347536,True
41550,Python,lang_python,558.0,0,0,0.01935492610257865,True
28293,Python,lang_python,117793.0,1,1,0.629500424773293,True
35350,Python,lang_python,18204.0,0,0,0.033165200165789256,True
6693,Python,lang_python,103137.0,1,1,0.9076176958615896,True
36799,Python,lang_python,30000.0,0,0,0.15662134157048685,True
13956,R,lang_r,80000.0,1,1,0.8546789256221922,True
3049,R,lang_r,69609.0,0,0,0.2303702329836045,True
20665,R,lang_r,80000.0,1,1,0.9369253379831284,True
47372,R,lang_r,63808.0,0,0,0.0703301923234885,True
41416,R,lang_r,200000.0,1,1,0.9547859153064746,True
42092,R,lang_r,1600.0,0,0,0.47026086759119434,True
27025,R,lang_r,40605.0,0,0,0.02355812925362072,True
2143,R,lang_r,65528.0,0,0,0.16650483435231758,True
6216,R,lang_r,52207.0,0,0,0.420014093271,True
16151,R,lang_r,69609.0,0,0,0.2937118002803575,True
12836,R,lang_r,74878.0,0,0,0.4459832117514722,True
18979,R,lang_r,60235.0,0,0,0.11336164577409848,True
7273,R,lang_r,83000.0,1,0,0.47393241018057086,False
9217,R,lang_r,133919.0,1,1,0.8440496363665941,True
2821,R,lang_r,50000.0,0,0,0.023326132404089955,True
46615,R,lang_r,171073.0,1,1,0.9055710706547062,True
25557,R,lang_r,8425.0,0,0,0.0028841605549767614,True
43897,R,lang_r,81210.0,1,0,0.4105185712099822,False
30296,R,lang_r,116733.0,1,1,0.7285098316376818,True
28357,R,lang_r,23203.0,0,0,0.009288990119677442,True
46755,R,lang_r,27844.0,0,0,0.214613533812443,True
44980,R,lang_r,144000.0,1,1,0.935000027204908,True
2034,R,lang_r,194000.0,1,1,0.9759044949700357,True
601,R,lang_r,139218.0,1,1,0.7106870166325419,True
3478,R,lang_r,95000.0,1,1,0.9672356647166735,True
21096,R,lang_r,210000.0,1,1,0.9979915945649732,True
35609,R,lang_r,40000.0,0,1,0.8172701251480142,False
43989,R,lang_r,24363.0,0,0,0.03490156125166851,True
44746,R,lang_r,306.0,0,0,0.010918971323688713,True
38917,R,lang_r,266000.0,1,1,0.9892545549070618,True
34342,R,lang_r,84691.0,1,0,0.10151636454622329,False
11418,R,lang_r,98612.0,1,1,0.8818982056010635,True
42901,R,lang_r,6974.0,0,0,0.0022732265204644026,True
12279,R,lang_r,78000.0,1,1,0.7351352699470066,True
46811,R,lang_r,29254.0,0,0,0.24051972289321236,True
18515,R,lang_r,67204.0,0,0,0.11783798133692013,True
2060,R,lang_r,170000.0,1,1,0.8842496352103449,True
26046,R,lang_r,63000.0,0,0,0.2928116266732724,True
19812,R,lang_r,39445.0,0,0,0.03853829264092615,True
6460,R,lang_r,139218.0,1,0,0.3267075013150608,False
16182,R,lang_r,11601.0,0,1,0.7090195922379049,False
1549,R,lang_r,73000.0,0,0,0.17696001690157395,True
36153,R,lang_r,34804.0,0,1,0.6413736507669547,False
7003,R,lang_r,260037.0,1,1,0.9868519245458157,True
35527,R,lang_r,170000.0,1,1,0.9674478680390723,True
31982,R,lang_r,165000.0,1,1,0.9716617294362578,True
43917,R,lang_r,29004.0,0,0,0.055183503842866126,True
24261,R,lang_r,75410.0,0,0,0.10857973059309835,True
19417,R,lang_r,260000.0,1,1,0.995842057430823,True
3191,R,lang_r,1162.0,0,0,0.01733556757948272,True
37579,R,lang_r,73541.0,0,1,0.6259912880458804,False
30635,R,lang_r,104015.0,1,1,0.9574868764445823,True
2099,R,lang_r,66709.0,0,0,0.3406941605827434,True
41151,R,lang_r,512.0,0,0,0.003067178257013879,True
2437,R,lang_r,170000.0,1,1,0.9897682602880712,True
19593,R,lang_r,84512.0,1,1,0.7612268963160426,True
11159,R,lang_r,19103.0,0,0,0.009842118059278706,True
44905,R,lang_r,10462.0,0,0,0.00994523344149305,True
17385,R,lang_r,138431.0,1,1,0.9193267099792313,True
14847,R,lang_r,16706.0,0,0,0.016529618796748503,True
3738,R,lang_r,59301.0,0,0,0.3017937492166258,True
44204,R,lang_r,108913.0,1,1,0.5261571265972648,True
1178,R,lang_r,70000.0,0,1,0.7119723492113766,False
24799,R,lang_r,120000.0,1,1,0.9107035372442496,True
7738,R,lang_r,2204.0,0,0,0.01192377892277519,True
38320,R,lang_r,116015.0,1,0,0.11197504257997438,False
15410,R,lang_r,95299.0,1,1,0.7293383219357256,True
14909,R,lang_r,205000.0,1,1,0.9908010029757124,True
37443,R,lang_r,172000.0,1,1,0.9453954511391308,True
40992,R,lang_r,400000.0,1,1,0.9756165322882381,True
2450,R,lang_r,61264.0,0,0,0.15361617005599787,True
21870,R,lang_r,13922.0,0,0,0.003450429066719076,True
21047,R,lang_r,1820.0,0,0,0.11068816664340192,True
3086,R,lang_r,128068.0,1,1,0.7134855721422463,True
26351,R,lang_r,81210.0,1,1,0.6515690327824131,True
13485,R,lang_r,85851.0,1,1,0.5117137643323955,True
8383,R,lang_r,2945.0,0,0,0.0404470366756531,True
35008,R,lang_r,132057.0,1,1,0.7924090630058228,True
3008,R,lang_r,200000.0,1,1,0.9469757274964132,True
18390,R,lang_r,54214.0,0,0,0.17078706664581148,True
41197,R,lang_r,64968.0,0,0,0.38982077309721147,True
1542,R,lang_r,255000.0,1,1,0.9728471254587984,True
3027,R,lang_r,150000.0,1,1,0.7488027345660812,True
43904,R,lang_r,130000.0,1,1,0.9833447385961532,True
40564,R,lang_r,55687.0,0,0,0.17002730254660595,True
3708,R,lang_r,96750.0,1,1,0.6353530172026096,True
24352,R,lang_r,60000.0,0,0,0.44873607775100877,True
15621,R,lang_r,1160.0,0,0,0.057204616245263,True
27803,R,lang_r,270000.0,1,1,0.933509758930384,True
19001,R,lang_r,103520.0,1,1,0.9166007742936266,True
37285,R,lang_r,150000.0,1,1,0.9865509689983567,True
21545,R,lang_r,150819.0,1,1,0.9597790170426439,True
25009,R,lang_r,87011.0,1,0,0.25448290520674915,False
9522,R,lang_r,25573.0,0,0,0.03996545534017464,True
2284,R,lang_r,89739.0,1,1,0.6886303123019368,True
4184,R,lang_r,54112.0,0,0,0.4286527492120611,True
4701,R,lang_r,150000.0,1,1,0.9313145699374311,True
21329,R,lang_r,78306.0,1,1,0.577293521933727,True
20228,R,lang_r,719.0,0,0,0.0789531632959397,True
14955,R,lang_r,200000.0,1,1,0.9402292082146418,True
42181,R,lang_r,59722.0,0,0,0.23733991691150272,True
19311,R,lang_r,44096.0,0,0,0.059827385008877534,True
22676,R,lang_r,40000.0,0,1,0.6216126470967297,False
11292,R,lang_r,86795.0,1,1,0.9981877388499579,True
27957,R,lang_r,135000.0,1,1,0.8732633815252344,True
5884,R,lang_r,105000.0,1,1,0.8889298120154128,True
39328,R,lang_r,5900.0,0,1,0.9857246614938342,False
1944,R,lang_r,150000.0,1,1,0.9546654971081995,True
36562,R,lang_r,271.0,0,0,0.003462303800661249,True
4888,R,lang_r,130000.0,1,1,0.9571107214249371,True
33579,R,lang_r,8353.0,0,0,0.01140211971297859,True
6121,R,lang_r,104413.0,1,1,0.8636178768200007,True
22439,R,lang_r,81210.0,1,0,0.23603194792001672,False
40130,R,lang_r,49011.0,0,0,0.3880838733309218,True
34464,R,lang_r,57179.0,0,0,0.4568074624787911,True
44576,R,lang_r,139218.0,1,1,0.7950370452173464,True
27184,R,lang_r,40842.0,0,0,0.4976744530751371,True
16213,R,lang_r,87011.0,1,1,0.6161337561440399,True
13745,R,lang_r,240000.0,1,1,0.9193840753645719,True
43115,R,lang_r,86180.0,1,1,0.6639230315922408,True
17344,R,lang_r,175000.0,1,1,0.8640867053477964,True
44926,R,lang_r,86750.0,1,0,0.1644737735986876,False
39926,R,lang_r,160000.0,1,1,0.8635697083672078,True
16262,R,lang_r,41765.0,0,0,0.15216358291538065,True
42997,R,lang_r,51046.0,0,0,0.3014893931840304,True
12852,R,lang_r,51851.0,0,1,0.6723828330913075,False
37304,R,lang_r,35684.0,0,1,0.6322379707205708,False
28273,R,lang_r,2492.0,0,0,0.0008312897889486778,True
40322,R,lang_r,35497.0,0,0,0.05468603551303942,True
35509,R,lang_r,22739.0,0,0,0.19742198221043036,True
7475,R,lang_r,36011.0,0,0,0.16965541635664463,True
35154,R,lang_r,37900.0,0,0,0.07827973676808907,True
21086,R,lang_r,2205.0,0,0,0.020250775692284635,True
25679,R,lang_r,81377.0,1,0,0.11144890976413468,False
45365,R,lang_r,143000.0,1,1,0.9503268541607004,True
30185,R,lang_r,2731.0,0,0,0.4324041216675269,True
12571,R,lang_r,1162.0,0,0,0.14812931879102822,True
11552,R,lang_r,94235.0,1,1,0.7376541524412855,True
36964,R,lang_r,30164.0,0,0,0.3261931541359741,True
6228,R,lang_r,910.0,0,0,0.26599413460085525,True
69,R,lang_r,174022.0,1,0,0.2832556983650799,False
45620,R,lang_r,201000.0,1,1,0.8668686509037599,True
43160,R,lang_r,15000.0,0,0,0.015658091815640825,True
38906,R,lang_r,63808.0,0,0,0.2255126673098984,True
44778,R,lang_r,92812.0,1,0,0.49143211956106253,False
13278,R,lang_r,34804.0,0,0,0.03005501477897312,True
16012,R,lang_r,205900.0,1,1,0.7437305002433006,True
27350,R,lang_r,104413.0,1,1,0.5419984058578249,True
42722,R,lang_r,95179.0,1,1,0.5398300648341289,True
18281,R,lang_r,1361.0,0,0,0.015680667761156446,True
412,R,lang_r,71657.0,0,1,0.5299443023858632,False
39484,R,lang_r,48821.0,0,0,0.11178370444608197,True
23123,R,lang_r,160000.0,1,0,0.10986358676054697,False
20927,R,lang_r,45636.0,0,0,0.2544575909717799,True
15246,R,lang_r,144580.0,1,1,0.861233066003827,True
46110,R,lang_r,95179.0,1,1,0.7180593963248175,True
35304,R,lang_r,20358.0,0,0,0.03735285330532361,True
11413,R,lang_r,76825.0,1,1,0.7370341893501885,True
43370,R,lang_r,27857.0,0,0,0.41543374992328436,True
11467,R,lang_r,185234.0,1,1,0.9695369761770658,True
34136,R,lang_r,66310.0,0,1,0.5019783138970928,False
16715,R,lang_r,9409.0,0,0,0.23521873890362402,True
30213,R,lang_r,30164.0,0,0,0.043311005110573064,True
5673,R,lang_r,100000.0,1,1,0.9440264679402656,True
36304,R,lang_r,35000.0,0,0,0.08684890811340389,True
30192,R,lang_r,87011.0,1,1,0.6492937074480634,True
16511,R,lang_r,106615.0,1,0,0.48431424989873695,False
14774,R,lang_r,3675.0,0,0,0.026974352971279328,True
394,R,lang_r,110000.0,1,0,0.4685519710253842,False
512,R,lang_r,200000.0,1,1,0.8053395193868481,True
15685,R,lang_r,120000.0,1,1,0.8797605324867889,True
30274,R,lang_r,89118.0,1,0,0.4529763013552325,False
27357,R,lang_r,47566.0,0,1,0.5102724546254203,False
12867,R,lang_r,71929.0,0,0,0.34606590572206125,True
46906,R,lang_r,52207.0,0,0,0.07702602258220559,True
40476,R,lang_r,136520.0,1,1,0.8692665853527931,True
15812,R,lang_r,75000.0,0,1,0.6103260728299993,False
18000,R,lang_r,80000.0,1,0,0.13112030451070844,False
9648,R,lang_r,53367.0,0,0,0.21350789250026822,True
16496,R,lang_r,46969.0,0,1,0.5447327806702772,False
31221,R,lang_r,23203.0,0,0,0.009927484407642032,True
44279,R,lang_r,110000.0,1,1,0.9528488387651671,True
19821,R,lang_r,111374.0,1,0,0.1246330457016634,False
16671,R,lang_r,13922.0,0,0,0.1927254973877208,True
6278,R,lang_r,130000.0,1,1,0.9929606599769955,True
31582,R,lang_r,75495.0,0,0,0.13125898426457172,True
5452,R,lang_r,150000.0,1,1,0.9718866560274806,True
11453,R,lang_r,55687.0,0,0,0.33916491420227984,True
18819,R,lang_r,234000.0,1,1,0.9920296048418262,True
26984,R,lang_r,116015.0,1,1,0.8194972051700385,True
13609,R,lang_r,148791.0,1,1,0.9189472065508002,True
12385,R,lang_r,43985.0,0,1,0.7549811705103482,False
18957,R,lang_r,310000.0,1,1,0.9932361258369211,True
3256,R,lang_r,13000.0,0,0,0.3008045672243207,True
20229,R,lang_r,50118.0,0,0,0.21610526664450935,True
17529,R,lang_r,1123.0,0,0,0.003290408329553862,True
13777,R,lang_r,100000.0,1,1,0.652878160720447,True
13692,Java,lang_java,58007.0,0,0,0.35876323331252097,True
38048,Java,lang_java,13949.0,0,0,0.04807261115023051,True
19436,Java,lang_java,83571.0,1,0,0.04546485480340267,False
6538,Java,lang_java,16364.0,0,0,0.03924665765380134,True
5253,Java,lang_java,59902.0,0,0,0.22937201812970157,True
7420,Java,lang_java,106733.0,1,0,0.2414804031637187,False
24440,Java,lang_java,240000.0,1,1,0.9529660979569738,True
36755,Java,lang_java,44096.0,0,0,0.09912875308089202,True
40334,Java,lang_java,11880.0,0,0,0.024267576330100356,True
40381,Java,lang_java,34804.0,0,0,0.34732068165981594,True
25708,Java,lang_java,13172.0,0,0,0.019464685317180364,True
37749,Java,lang_java,85534.0,1,0,0.20948593017631142,False
26172,Java,lang_java,98612.0,1,1,0.5156985973845255,True
45868,Java,lang_java,52007.0,0,1,0.6254569805039668,False
1308,Java,lang_java,8100.0,0,0,0.012297898645310378,True
16774,Java,lang_java,45195.0,0,0,0.15185678972538683,True
47170,Java,lang_java,43505.0,0,1,0.733472162858954,False
46054,Java,lang_java,58120.0,0,0,0.06476569677049036,True
20665,Java,lang_java,80000.0,1,1,0.9369253379831284,True
2238,Java,lang_java,320000.0,1,1,0.9848799047029756,True
6597,Java,lang_java,217729.0,1,1,0.986026734052115,True
3165,Java,lang_java,131000.0,1,1,0.919562131380862,True
18656,Java,lang_java,52207.0,0,0,0.07695000010725021,True
16659,Java,lang_java,6553.0,0,0,0.0044019087102418345,True
39759,Java,lang_java,68071.0,0,1,0.7139872070512596,False
16956,Java,lang_java,148791.0,1,1,0.955978366290725,True
17212,Java,lang_java,118000.0,1,1,0.8729823783837102,True
26780,Java,lang_java,108913.0,1,1,0.5322805968892628,True
37554,Java,lang_java,100000.0,1,1,0.9733999769767477,True
5965,Java,lang_java,367.0,0,0,0.017534269562538438,True
37293,Java,lang_java,15082.0,0,0,0.06513278349178846,True
30478,Java,lang_java,204212.0,1,1,0.8895767566868091,True
19925,Java,lang_java,5221.0,0,1,0.6438023819769819,False
35719,Java,lang_java,1584.0,0,0,0.0713036128874495,True
21747,Java,lang_java,139218.0,1,1,0.9790268122340079,True
46569,Java,lang_java,83531.0,1,0,0.058399338201030986,False
20662,Java,lang_java,27844.0,0,0,0.024613599058983877,True
18208,Java,lang_java,250000.0,1,1,0.988413662913059,True
43835,Java,lang_java,18598.0,0,0,0.029348529501213083,True
35949,Java,lang_java,87011.0,1,0,0.1730348464800646,False
40279,Java,lang_java,104413.0,1,1,0.6731353118129937,True
20310,Java,lang_java,14879.0,0,1,0.9924936995768319,False
8527,Java,lang_java,200000.0,1,1,0.9830079599750328,True
2403,Java,lang_java,127616.0,1,1,0.5380523003630545,True
41963,Java,lang_java,88960.0,1,1,0.5244060063001104,True
34329,Java,lang_java,50496.0,0,0,0.16242337329436426,True
41416,Java,lang_java,200000.0,1,1,0.9547859153064746,True
16667,Java,lang_java,80000.0,1,0,0.1186225088078477,False
42092,Java,lang_java,1600.0,0,0,0.47026086759119434,True
17241,Java,lang_java,80000.0,1,0,0.21445277339788282,False
31534,Java,lang_java,185623.0,1,1,0.9228875243161627,True
13290,Java,lang_java,24813.0,0,0,0.2307836528691627,True
4258,Java,lang_java,66128.0,0,0,0.1717484844997552,True
1860,Java,lang_java,58429.0,0,0,0.11315574622460878,True
1689,Java,lang_java,58007.0,0,0,0.4745115696912473,True
40534,Java,lang_java,120000.0,1,1,0.9901016692873577,True
12680,Java,lang_java,78616.0,1,1,0.751999993634409,True
3609,Java,lang_java,96292.0,1,0,0.4578992468647229,False
38332,Java,lang_java,17000.0,0,0,0.04858824033852678,True
14059,Java,lang_java,168000.0,1,1,0.9024744105893133,True
19012,Java,lang_java,400000.0,1,1,0.9386153683837879,True
30439,Java,lang_java,60328.0,0,0,0.4134322210409075,True
45025,Java,lang_java,80000.0,1,1,0.6449324428083973,True
32298,Java,lang_java,148394.0,1,1,0.7848187205345735,True
27259,Java,lang_java,10871.0,0,1,0.8413092125895353,False
11016,Java,lang_java,78962.0,1,1,0.6511721842618688,True
16108,Java,lang_java,60377.0,0,0,0.1297595304691518,True
31452,Java,lang_java,49886.0,0,0,0.33495430165114193,True
1347,Java,lang_java,38216.0,0,0,0.2722676966484484,True
10295,Java,lang_java,142949.0,1,1,0.8705440597398477,True
41474,Java,lang_java,4185.0,0,0,0.0013643960295331423,True
27323,Java,lang_java,29397.0,0,0,0.07482944214357475,True
35000,Java,lang_java,8726.0,0,0,0.011357063572727037,True
19443,Java,lang_java,22000.0,0,1,0.5716539441799161,False
28156,Java,lang_java,92812.0,1,1,0.7862598659837078,True
45173,Java,lang_java,84691.0,1,1,0.7153589250439145,True
13179,Java,lang_java,20883.0,0,1,0.6601982941529049,False
30558,Java,lang_java,81210.0,1,0,0.3754723225417633,False
10198,Java,lang_java,57320.0,0,0,0.33861880587788734,True
42011,Java,lang_java,173544.0,1,1,0.9311061584062433,True
46310,Java,lang_java,109438.0,1,1,0.8817607296587557,True
40755,Java,lang_java,32000.0,0,0,0.1274578191605691,True
17593,Java,lang_java,185989.0,1,1,0.9817906100641771,True
46142,Java,lang_java,125296.0,1,1,0.7699027467615239,True
11621,Java,lang_java,7052.0,0,0,0.0035340509641852164,True
37031,Java,lang_java,58975.0,0,0,0.27591638330357215,True
37602,Java,lang_java,270000.0,1,1,0.9928903730508867,True
14728,Java,lang_java,68071.0,0,1,0.598219228850785,False
46315,Java,lang_java,33151.0,0,0,0.22393024279816123,True
711,Java,lang_java,407645.0,1,1,0.8007414565055463,True
12076,Java,lang_java,92812.0,1,1,0.7629431341505549,True
20760,Java,lang_java,72958.0,0,0,0.40916136808833736,True
20936,Java,lang_java,7251.0,0,0,0.03365480614865268,True
14347,Java,lang_java,52308.0,0,0,0.08713238758628981,True
36209,Java,lang_java,58007.0,0,0,0.406498482392352,True
45752,Java,lang_java,3487.0,0,0,0.025067143333457963,True
4633,Java,lang_java,150000.0,1,1,0.8804697228506505,True
2821,Java,lang_java,50000.0,0,0,0.023326132404089955,True
7416,Java,lang_java,66128.0,0,1,0.6351827661924145,False
12486,Java,lang_java,3487.0,0,0,0.007928711186551335,True
22532,Java,lang_java,61264.0,0,1,0.5417667155305986,False
1756,Java,lang_java,347180.0,1,1,0.9923911339197355,True
12386,Java,lang_java,160000.0,1,1,0.9847987155735388,True
4816,Java,lang_java,21844.0,0,0,0.04064848484482245,True
16785,Java,lang_java,54580.0,0,1,0.6173028774409689,False
9663,Java,lang_java,99915.0,1,0,0.055825342355628735,False
27568,Java,lang_java,187875.0,1,1,0.8274747377078012,True
9950,Java,lang_java,61264.0,0,1,0.8183193424923804,False
1402,Java,lang_java,98612.0,1,1,0.7604261551822722,True
4662,Java,lang_java,225.0,0,1,0.9970499379517151,False
13093,Java,lang_java,232029.0,1,1,0.8996724187672214,True
985,Java,lang_java,280000.0,1,1,0.9755662149488541,True
3129,Java,lang_java,138541.0,1,1,0.8571606220012035,True
26642,Java,lang_java,29975.0,0,0,0.06934927447850714,True
5679,Java,lang_java,167000.0,1,1,0.9564436175336389,True
31092,Java,lang_java,102972.0,1,0,0.3747655374764128,False
37291,Java,lang_java,69609.0,0,0,0.2387411067479707,True
28151,Java,lang_java,59734.0,0,0,0.3347765842363905,True
22573,Java,lang_java,330871.0,1,0,0.1268053823225574,False
8787,Java,lang_java,8388.0,0,0,0.05537352824807433,True
296,Java,lang_java,74878.0,0,1,0.6932939446504937,False
13098,Java,lang_java,150819.0,1,1,0.8008881583931572,True
3227,Java,lang_java,300000.0,1,1,0.9064559764810163,True
1514,Java,lang_java,112534.0,1,1,0.885782665083345,True
29273,Java,lang_java,6000.0,0,0,0.1000421347087944,True
7256,Java,lang_java,32531.0,0,0,0.05169960416997473,True
31578,Java,lang_java,87550.0,1,0,0.3452857785800858,False
16882,Java,lang_java,92812.0,1,1,0.7206534359652456,True
41608,Java,lang_java,139218.0,1,1,0.7257463349474581,True
27989,Java,lang_java,81210.0,1,1,0.7432215968444161,True
21512,Java,lang_java,88191.0,1,1,0.5644568649155474,True
5181,Java,lang_java,13836.0,0,0,0.009440358695908002,True
14009,Java,lang_java,130000.0,1,1,0.8586367732555622,True
35223,Java,lang_java,54719.0,0,0,0.42080528399093686,True
41708,Java,lang_java,245.0,0,1,0.7303526775248728,False
298,Java,lang_java,24211.0,0,0,0.20299546899081167,True
19432,Java,lang_java,53095.0,0,1,0.9114877064628049,False
28413,Java,lang_java,116015.0,1,1,0.9275724604127487,True
42419,Java,lang_java,151000.0,1,1,0.9153382573930179,True
30296,Java,lang_java,116733.0,1,1,0.7285098316376818,True
41158,Java,lang_java,80254.0,1,1,0.7207247240890735,True
42254,Java,lang_java,7646.0,0,0,0.16664516748897265,True
28357,Java,lang_java,23203.0,0,0,0.009288990119677442,True
16040,Java,lang_java,150300.0,1,1,0.7235245860271998,True
2645,Java,lang_java,62648.0,0,0,0.24318671460256863,True
39436,Java,lang_java,5284.0,0,0,0.2287009193855857,True
25158,Java,lang_java,211280.0,1,1,0.9935591763597191,True
16544,Java,lang_java,81368.0,1,0,0.0877824389889642,False
29191,Java,lang_java,50000.0,0,0,0.11415674914577568,True
41997,Java,lang_java,52348.0,0,1,0.5381128283698561,False
3823,Java,lang_java,92812.0,1,0,0.24624613534359346,False
42118,Java,lang_java,351.0,0,0,0.03180910380108562,True
15357,Java,lang_java,150000.0,1,1,0.955812782296151,True
28755,Java,lang_java,130000.0,1,1,0.8876617348399605,True
10717,Java,lang_java,113085.0,1,1,0.9566975007190404,True
41927,Java,lang_java,81210.0,1,0,0.2616414370808637,False
35531,Java,lang_java,100000.0,1,1,0.8348256958112117,True
36515,Java,lang_java,48726.0,0,0,0.3119940054798028,True
25361,Java,lang_java,24028.0,0,0,0.0281620125654337,True
38651,Java,lang_java,182843.0,1,1,0.5773288224043901,True
14453,Java,lang_java,36688.0,0,0,0.22503262326622014,True
38334,Java,lang_java,58367.0,0,0,0.3908054040333464,True
32405,Java,lang_java,136450.0,1,0,0.4775208002659164,False
42914,Java,lang_java,127616.0,1,1,0.6786974990276015,True
23758,Java,lang_java,104413.0,1,1,0.5659912490257771,True
6453,Java,lang_java,180000.0,1,1,0.9653170763379739,True
9971,Java,lang_java,75410.0,0,1,0.7394123507084122,False
2848,Java,lang_java,169024.0,1,1,0.7529567562399292,True
39467,Java,lang_java,174022.0,1,1,0.8886279272111093,True
42959,Java,lang_java,46406.0,0,0,0.23793956064203903,True
23852,Java,lang_java,120000.0,1,1,0.9809267682563453,True
10954,Java,lang_java,45234.0,0,0,0.0480933492171765,True
21855,Java,lang_java,81210.0,1,1,0.6239245409269678,True
39539,Java,lang_java,58007.0,0,0,0.2756374058237549,True
22059,Java,lang_java,81210.0,1,0,0.4103681078234089,False
4388,Java,lang_java,54580.0,0,0,0.39948131575932,True
16542,Java,lang_java,75410.0,0,1,0.5008822469212538,False
6969,Java,lang_java,51500.0,0,0,0.08748387896980944,True
17306,Java,lang_java,200000.0,1,1,0.6990728361259936,True
14065,Java,lang_java,115000.0,1,1,0.8822055776663756,True
13878,Java,lang_java,101482.0,1,0,0.22649946395164813,False
5246,Java,lang_java,24943.0,0,0,0.31148817933323397,True
39976,Java,lang_java,100000.0,1,1,0.9922781834421049,True
26103,Java,lang_java,10462.0,0,0,0.025340168011282218,True
3177,Java,lang_java,78011.0,1,0,0.4818598595526352,False
12682,Java,lang_java,41846.0,0,0,0.2216788615784785,True
45694,Java,lang_java,29060.0,0,0,0.15709214746472006,True
34632,Java,lang_java,110000.0,1,1,0.9044316973288449,True
15017,Java,lang_java,250000.0,1,1,0.9784083493150197,True
33856,Java,lang_java,104.0,0,0,0.004535450599336871,True
44728,Java,lang_java,161191.0,1,1,0.9855376237362303,True
45675,Java,lang_java,81210.0,1,1,0.7040702113929889,True
12819,Java,lang_java,187000.0,1,1,0.6516378839002555,True
37014,Java,lang_java,9299.0,0,0,0.01824073452327423,True
36919,Java,lang_java,66128.0,0,0,0.27377941765107155,True
38232,Java,lang_java,175000.0,1,1,0.9459004248033244,True
17356,Java,lang_java,83531.0,1,1,0.5509738691568261,True
2760,Java,lang_java,70769.0,0,0,0.467677230935858,True
17911,Java,lang_java,120000.0,1,1,0.9296897165407723,True
28047,Java,lang_java,39445.0,0,0,0.06537594403105276,True
34839,Java,lang_java,36893.0,0,0,0.24585345069434827,True
3947,Java,lang_java,32764.0,0,0,0.014916064083658974,True
16449,Java,lang_java,81870.0,1,0,0.4327024426648613,False
34258,Java,lang_java,58120.0,0,0,0.08642065996532204,True
17358,Java,lang_java,73375.0,0,0,0.357276067191782,True
34922,Java,lang_java,60038.0,0,0,0.16226243708816235,True
35093,Java,lang_java,34872.0,0,0,0.2038502460315171,True
20383,Java,lang_java,24452.0,0,0,0.04308057245029593,True
4167,Java,lang_java,45028.0,0,0,0.22982891950330775,True
26660,Java,lang_java,22275.0,0,0,0.06410843952307008,True
19479,Java,lang_java,48030.0,0,1,0.6338623473961369,False
44746,Java,lang_java,306.0,0,0,0.010918971323688713,True
45398,Java,lang_java,156620.0,1,1,0.6705593785823387,True
23399,Java,lang_java,240763.0,1,1,0.8566181596878469,True
11030,Java,lang_java,38120.0,0,0,0.2622517754850611,True
28786,Java,lang_java,300000.0,1,1,0.9164889301511921,True
6956,Java,lang_java,106871.0,1,1,0.8100204594685053,True
39644,Java,lang_java,95299.0,1,0,0.2695311319887329,False
40149,Java,lang_java,131325.0,1,1,0.9608744412761349,True
4334,Java,lang_java,81685.0,1,0,0.42410886791573066,False
6723,Java,lang_java,400000.0,1,1,0.8748746117732555,True
29469,Java,lang_java,45688.0,0,0,0.29696898038757924,True
14008,Java,lang_java,6881.0,0,0,0.019487593395332,True
34512,Java,lang_java,101710.0,1,1,0.8243293256118238,True
17548,Java,lang_java,65000.0,0,0,0.09968845588423557,True
35346,Java,lang_java,136392.0,1,1,0.9857168971490984,True
42792,Java,lang_java,195028.0,1,1,0.9818918195117977,True
5183,Java,lang_java,15082.0,0,0,0.06079205104619172,True
15241,Java,lang_java,22998.0,0,0,0.2798378497216686,True
1841,Java,lang_java,4438.0,0,0,0.02602243490460916,True
38342,Java,lang_java,66128.0,0,0,0.10412881473561868,True
30549,Java,lang_java,112663.0,1,1,0.9610964021818973,True
5085,Java,lang_java,107795.0,1,1,0.674039014191577,True
6030,Java,lang_java,80763.0,1,0,0.4185706078494009,False
4470,Java,lang_java,23203.0,0,0,0.09002534151463301,True
34799,Java,lang_java,32484.0,0,0,0.0624074324580022,True
18219,Java,lang_java,146312.0,1,1,0.9517286976310674,True
46667,Java,lang_java,22975.0,0,0,0.14175509019123228,True
22236,Java,lang_java,28425.0,0,0,0.08210990540823014,True
22549,Java,lang_java,87011.0,1,0,0.46046456184228185,False
12716,Java,lang_java,74878.0,0,0,0.18618239118239555,True
19513,Java,lang_java,130000.0,1,1,0.9267285023414114,True
15603,Java,lang_java,10000.0,0,1,0.6042866441917408,False
27890,Java,lang_java,131325.0,1,1,0.8348530031438404,True
36386,Java,lang_java,111374.0,1,1,0.5432262830036015,True
15133,Java,lang_java,60000.0,0,1,0.5901785167918596,False
27502,Java,lang_java,11233.0,0,0,0.17705074187854736,True
15279,Java,lang_java,154000.0,1,1,0.9806023855938114,True
11418,Java,lang_java,98612.0,1,1,0.8818982056010635,True
42901,Java,lang_java,6974.0,0,0,0.0022732265204644026,True
15061,Java,lang_java,78890.0,1,0,0.35175635057014587,False
30979,Java,lang_java,12367.0,0,0,0.037794369162195585,True
34516,Java,lang_java,72644.0,0,1,0.8023420156258703,False
14171,Java,lang_java,30946.0,0,0,0.17848811428904485,True
6788,Java,lang_java,10000.0,0,0,0.02251551469502968,True
46811,Java,lang_java,29254.0,0,0,0.24051972289321236,True
32606,Java,lang_java,82426.0,1,1,0.866993868832562,True
28428,Java,lang_java,56604.0,0,0,0.07744557511386028,True
40786,Java,lang_java,45446.0,0,0,0.16480344136932806,True
6364,Java,lang_java,170000.0,1,1,0.9548128210241568,True
2060,Java,lang_java,170000.0,1,1,0.8842496352103449,True
32145,Java,lang_java,120000.0,1,1,0.8913151888331702,True
15247,Java,lang_java,47330.0,0,0,0.2008167005713927,True
9337,Java,lang_java,11613.0,0,0,0.06756255867064327,True
17125,Java,lang_java,132660.0,1,1,0.9539198858432343,True
6876,Java,lang_java,6974.0,0,0,0.009689407468470416,True
12799,Java,lang_java,23203.0,0,0,0.017853564474484464,True
5164,Java,lang_java,46406.0,0,0,0.18171712292985187,True
668,Java,lang_java,56499.0,0,0,0.47279719473294163,True
36336,Java,lang_java,121815.0,1,1,0.5591456000961672,True
41760,Java,lang_java,35965.0,0,0,0.11607863600064519,True
13912,Java,lang_java,350000.0,1,1,0.9737491866767906,True
46209,Java,lang_java,46406.0,0,0,0.26378246743540384,True
16182,Java,lang_java,11601.0,0,1,0.7090195922379049,False
20837,Java,lang_java,20500.0,0,0,0.04075085538916792,True
10287,Java,lang_java,7122.0,0,0,0.31775714594757587,True
17830,Java,lang_java,89867.0,1,0,0.2611215378978215,False
13228,Java,lang_java,92812.0,1,1,0.6310736246593033,True
6991,Java,lang_java,47566.0,0,0,0.48117369035203295,True
17043,Java,lang_java,23403.0,0,0,0.009588113981395988,True
41037,Java,lang_java,108160.0,1,1,0.9806492770381215,True
43141,Java,lang_java,95132.0,1,1,0.6080308439337377,True
17714,Java,lang_java,63808.0,0,0,0.3608339083242814,True
9863,Java,lang_java,11159.0,0,0,0.11169110522830156,True
48377,Java,lang_java,75000.0,0,1,0.6962349508736421,False
25606,Java,lang_java,4068.0,0,0,0.023958794569973373,True
5186,Java,lang_java,120000.0,1,1,0.9856301652769724,True
22644,Java,lang_java,11601.0,0,0,0.04124211805499087,True
8817,Java,lang_java,92812.0,1,1,0.671807334983056,True
8928,Java,lang_java,6000.0,0,0,0.09039144272630951,True
33945,Java,lang_java,116015.0,1,1,0.6598211893171936,True
27689,Java,lang_java,148791.0,1,1,0.9237580997866583,True
6583,Java,lang_java,39445.0,0,0,0.1797982614478685,True
29757,Java,lang_java,92812.0,1,1,0.7278813616684172,True
23619,Java,lang_java,69400.0,0,0,0.2061723286285563,True
26143,Java,lang_java,102.0,0,0,0.37034837973549445,True
2067,Java,lang_java,81835.0,1,1,0.6755746277525229,True
1554,Java,lang_java,89000.0,1,0,0.36915764417454044,False
4086,Java,lang_java,97452.0,1,1,0.8533691259296405,True
3074,Java,lang_java,171927.0,1,1,0.5646327382586287,True
21792,Java,lang_java,29060.0,0,0,0.19271082073563595,True
36992,Java,lang_java,45879.0,0,1,0.6146150317995083,False
20943,Java,lang_java,90000.0,1,1,0.8731170216549591,True
36153,Java,lang_java,34804.0,0,1,0.6413736507669547,False
25789,Java,lang_java,104225.0,1,1,0.8262423735725419,True
5099,Java,lang_java,5097.0,0,0,0.17985268953622036,True
38880,Java,lang_java,81000.0,1,1,0.8635594033246158,True
5766,Java,lang_java,260000.0,1,1,0.919603975841534,True
678,Java,lang_java,121815.0,1,1,0.720956036526183,True
21619,Java,lang_java,195028.0,1,1,0.9545354818136316,True
12666,Java,lang_java,54527.0,0,0,0.36538011987035596,True
17829,Java,lang_java,1162.0,0,0,0.03696822369367762,True
37567,Java,lang_java,200000.0,1,1,0.9542959320244299,True
15561,Java,lang_java,54457.0,0,1,0.9846030817503251,False
26412,Java,lang_java,280000.0,1,1,0.9715874532535362,True
2836,Java,lang_java,100000.0,1,1,0.8512139241265065,True
7769,Java,lang_java,240000.0,1,1,0.9752387811907544,True
31982,Java,lang_java,165000.0,1,1,0.9716617294362578,True
36334,Java,lang_java,43680.0,0,1,0.7549773697360712,False
24270,Java,lang_java,250000.0,1,1,0.8558170575060836,True
46061,Java,lang_java,125357.0,1,0,0.31055250769069337,False
11668,Java,lang_java,112334.0,1,1,0.6215477856492103,True
4834,Java,lang_java,174022.0,1,1,0.9706840077926416,True
26653,Java,lang_java,18557.0,0,0,0.11699908325047657,True
11828,Java,lang_java,64968.0,0,0,0.4823429348158893,True
32491,Java,lang_java,104413.0,1,1,0.6455958646992567,True
24261,Java,lang_java,75410.0,0,0,0.10857973059309835,True
5221,Java,lang_java,254851.0,1,1,0.8025340944762656,True
45208,Java,lang_java,37900.0,0,0,0.12941794593793893,True
37108,Java,lang_java,62409.0,0,1,0.8001531897749888,False
25872,Java,lang_java,5580.0,0,0,0.001682865724750001,True
36763,Java,lang_java,16507.0,0,0,0.024719786922385592,True
18089,Java,lang_java,69609.0,0,0,0.11782978639556765,True
19417,Java,lang_java,260000.0,1,1,0.995842057430823,True
10199,Java,lang_java,48726.0,0,0,0.37821051530578126,True
2773,Java,lang_java,62625.0,0,1,0.5651290914601306,False
46022,Java,lang_java,33886.0,0,0,0.006300797567535785,True
1534,Java,lang_java,110000.0,1,1,0.9283592123065005,True
27611,Java,lang_java,1790.0,0,0,0.0016299224621957379,True
43813,Java,lang_java,122527.0,1,1,0.8516756403895703,True
22065,Java,lang_java,139218.0,1,1,0.7438672971155585,True
46149,Java,lang_java,84691.0,1,1,0.6952523708076569,True
2431,Java,lang_java,34804.0,0,0,0.172654817134683,True
20480,Java,lang_java,138358.0,1,1,0.9572751033122993,True
45798,Java,lang_java,96864.0,1,1,0.7099348798697641,True
9349,Java,lang_java,50000.0,0,0,0.20472573212029357,True
26915,Java,lang_java,70794.0,0,0,0.15034322949257345,True
3472,Java,lang_java,330000.0,1,1,0.9785413230496358,True
1247,Java,lang_java,29060.0,0,0,0.06499373339304616,True
24076,Java,lang_java,220000.0,1,1,0.9742303200085464,True
43609,Java,lang_java,52207.0,0,0,0.07380938217486947,True
41842,Java,lang_java,162523.0,1,1,0.9056864469086573,True
44247,Java,lang_java,110000.0,1,1,0.6332744696565871,True
46804,Java,lang_java,72958.0,0,1,0.8627987004899899,False
14884,Java,lang_java,36753.0,0,0,0.10844070793528088,True
36282,Java,lang_java,29060.0,0,0,0.037917534314659634,True
22286,Java,lang_java,148791.0,1,1,0.9673262041886913,True
11415,Java,lang_java,65000.0,0,1,0.6180881347016761,False
44191,Java,lang_java,26683.0,0,0,0.3764760818850418,True
38249,Java,lang_java,39000.0,0,1,0.8704718568151734,False
36642,Java,lang_java,46406.0,0,0,0.44381206655483496,True
43194,Java,lang_java,65348.0,0,1,0.7620107291564663,False
11239,Java,lang_java,149756.0,1,1,0.8867494640963383,True
40100,Java,lang_java,350000.0,1,1,0.97492839780508,True
1718,Java,lang_java,12060.0,0,0,0.12392968734712106,True
13222,Java,lang_java,46406.0,0,0,0.15857656334268574,True
5038,Java,lang_java,153113.0,1,0,0.40215246750181965,False
37579,Java,lang_java,73541.0,0,1,0.6259912880458804,False
2333,Java,lang_java,10800.0,0,0,0.03612168342987341,True
4716,Java,lang_java,69744.0,0,0,0.165979077043591,True
36844,Java,lang_java,97452.0,1,1,0.8126777672060341,True
28983,Java,lang_java,145000.0,1,1,0.9932517028010397,True
48336,Java,lang_java,55714.0,0,0,0.1946749513975915,True
42744,Java,lang_java,43009.0,0,0,0.09454490471694076,True
15874,Java,lang_java,72958.0,0,1,0.7326546016478612,False
46134,Java,lang_java,116015.0,1,1,0.6392812968264553,True
32196,Java,lang_java,40000.0,0,0,0.1975561034940754,True
3158,Java,lang_java,77361.0,1,1,0.567403538498273,True
24250,Java,lang_java,32484.0,0,0,0.10889757197926637,True
21263,Java,lang_java,60000.0,0,1,0.9406788158756728,False
9338,Java,lang_java,87011.0,1,1,0.7228838355696571,True
13456,Java,lang_java,45294.0,0,0,0.1301841912325268,True
409,Java,lang_java,205000.0,1,1,0.9901091797772663,True
18603,Java,lang_java,7541.0,0,0,0.007652938891203252,True
44335,Java,lang_java,74878.0,0,1,0.6495312367740131,False
41286,Java,lang_java,135000.0,1,1,0.969398324345658,True
45621,Java,lang_java,70208.0,0,0,0.1326936589954018,True
36524,Java,lang_java,53367.0,0,1,0.5195784405014313,False
2684,Java,lang_java,130000.0,1,1,0.9001730259837871,True
35804,Java,lang_java,60000.0,0,0,0.008032409986071498,True
19772,Java,lang_java,84691.0,1,1,0.8151308499547741,True
38108,Java,lang_java,5250.0,0,0,0.06556292012336047,True
26902,Java,lang_java,87011.0,1,1,0.6036262988993816,True
14382,Java,lang_java,30164.0,0,0,0.16572688624096513,True
16376,Java,lang_java,52308.0,0,0,0.09066881021361754,True
2099,Java,lang_java,66709.0,0,0,0.3406941605827434,True
1800,Java,lang_java,58946.0,0,0,0.28419989794908396,True
22000,Java,lang_java,12273.0,0,0,0.05951735620271373,True
3205,Java,lang_java,315000.0,1,1,0.9490223055648045,True
35222,Java,lang_java,33886.0,0,0,0.08429964920784963,True
4807,Java,lang_java,40605.0,0,0,0.11753684690375459,True
12868,Java,lang_java,20883.0,0,0,0.08325005687768638,True
30499,Java,lang_java,3190.0,0,0,0.42078089289486376,True
14978,Java,lang_java,52207.0,0,0,0.2222111273098179,True
10873,Java,lang_java,35500.0,0,0,0.1297338321731158,True
44964,Java,lang_java,173000.0,1,1,0.955580934236843,True
20777,Java,lang_java,46406.0,0,0,0.13234277726837002,True
18926,Java,lang_java,143356.0,1,1,0.8641467173947884,True
41219,Java,lang_java,185623.0,1,1,0.7683272415558939,True
31746,Java,lang_java,60328.0,0,1,0.7350740542056751,False
21078,Java,lang_java,32831.0,0,1,0.7149268878655465,False
11631,Java,lang_java,210000.0,1,1,0.9951775897341891,True
40122,Java,lang_java,46845.0,0,0,0.22920295243122704,True
15794,Java,lang_java,31324.0,0,0,0.04757936496424088,True
463,Java,lang_java,130000.0,1,1,0.8854072379906198,True
4997,Java,lang_java,93611.0,1,0,0.3043647645577251,False
37839,Java,lang_java,320000.0,1,1,0.9707407213297158,True
29219,Java,lang_java,104015.0,1,1,0.7144438406999346,True
28990,Java,lang_java,58320.0,0,1,0.6021432442327618,False
11159,Java,lang_java,19103.0,0,0,0.009842118059278706,True
21531,Java,lang_java,114545.0,1,1,0.8601153107219729,True
6794,Java,lang_java,267500.0,1,1,0.8949009464570818,True
29169,Java,lang_java,340000.0,1,1,0.9979619244044445,True
2098,Java,lang_java,23759.0,0,0,0.18547227399951907,True
34178,Java,lang_java,65634.0,0,0,0.13084556000769734,True
40958,Java,lang_java,27359.0,0,0,0.1390576623894597,True
18825,Java,lang_java,218875.0,1,1,0.6267785385696446,True
42034,Java,lang_java,11504.0,0,0,0.01623971552192529,True
30289,Java,lang_java,150000.0,1,1,0.9803384639908368,True
5576,Java,lang_java,4873.0,0,0,0.006315915515920146,True
46702,Java,lang_java,25523.0,0,0,0.08772072205629491,True
15544,Java,lang_java,206000.0,1,1,0.9542921989485178,True
169,Java,lang_java,46406.0,0,0,0.3056414917709406,True
8901,Java,lang_java,68071.0,0,1,0.812934798072569,False
10182,Java,lang_java,94262.0,1,0,0.1798613173914205,False
35686,Java,lang_java,180000.0,1,1,0.9670788768112543,True
1032,Java,lang_java,14502.0,0,0,0.014442295519394664,True
3116,Java,lang_java,135000.0,1,1,0.6381958791834799,True
17932,Java,lang_java,140000.0,1,1,0.6757621991158882,True
36822,Java,lang_java,25485.0,0,0,0.207107504858192,True
3448,Java,lang_java,85271.0,1,0,0.369711219125038,False
32561,Java,lang_java,200000.0,1,1,0.9943021838018966,True
40369,Java,lang_java,67289.0,0,0,0.47588435528015394,True
3983,Java,lang_java,66128.0,0,0,0.44330274158354765,True
4766,Java,lang_java,71899.0,0,0,0.15697212514996814,True
1417,Java,lang_java,221402.0,1,1,0.9805671930415795,True
14847,Java,lang_java,16706.0,0,0,0.016529618796748503,True
25764,Java,lang_java,148791.0,1,1,0.8121281847834015,True
22417,Java,lang_java,116015.0,1,0,0.45676183318164215,False
28167,Java,lang_java,127616.0,1,1,0.904717341394692,True
40865,Java,lang_java,11978.0,0,0,0.10436084124664008,True
39378,Java,lang_java,91018.0,1,0,0.1402178330791237,False
7024,Java,lang_java,6177.0,0,0,0.029961085502674626,True
35756,Java,lang_java,300000.0,1,1,0.9560993167942686,True
29282,Java,lang_java,36034.0,0,0,0.15904123311380583,True
15341,Java,lang_java,81210.0,1,0,0.45520356477451573,False
12894,Java,lang_java,92812.0,1,0,0.4732997386675863,False
443,Java,lang_java,55687.0,0,0,0.41893076529070006,True
25124,Java,lang_java,58007.0,0,0,0.4089713045709148,True
1951,Java,lang_java,99773.0,1,1,0.7064030500667999,True
45640,Java,lang_java,500.0,0,0,0.013408297573100462,True
12552,Java,lang_java,58007.0,0,0,0.23851430331294307,True
28045,Java,lang_java,17436.0,0,0,0.05474766375750316,True
4999,Java,lang_java,69609.0,0,1,0.7402534147546277,False
3986,Java,lang_java,41640.0,0,0,0.13848944965550486,True
15673,Java,lang_java,40000.0,0,1,0.6335948108095363,False
15628,Java,lang_java,104413.0,1,1,0.8722125308432342,True
11507,Java,lang_java,66128.0,0,0,0.3871542268730098,True
5047,Java,lang_java,13209.0,0,0,0.07685975449585798,True
8074,Java,lang_java,78890.0,1,0,0.4767276821754223,False
46147,Java,lang_java,104413.0,1,1,0.5854125400499051,True
21284,Java,lang_java,47500.0,0,1,0.5268078082546046,False
26217,Java,lang_java,42412.0,0,0,0.42969130694663327,True
26881,Java,lang_java,48726.0,0,0,0.4927532229294783,True
45583,Java,lang_java,13922.0,0,0,0.3525214045833043,True
46865,Java,lang_java,257770.0,1,1,0.8728082101601691,True
6474,Java,lang_java,40127.0,0,1,0.6701165543212481,False
32057,Java,lang_java,162000.0,1,1,0.9030011547972527,True
9787,Java,lang_java,76566.0,1,1,0.7415546612655985,True
27212,Java,lang_java,54449.0,0,0,0.288904253912923,True
3931,Java,lang_java,46496.0,0,0,0.20253988906354042,True
10995,Java,lang_java,25000.0,0,0,0.15465559610720778,True
41953,Java,lang_java,98612.0,1,1,0.6599727748671331,True
37181,Java,lang_java,48726.0,0,0,0.2290372998303998,True
31012,Java,lang_java,266834.0,1,1,0.93540951578556,True
16119,Java,lang_java,73375.0,0,0,0.3019536276673071,True
29880,Java,lang_java,70208.0,0,0,0.21028506838528332,True
10596,Java,lang_java,200000.0,1,1,0.9224092433437558,True
28084,Java,lang_java,46429.0,0,0,0.053668452873966384,True
16083,Java,lang_java,7541.0,0,1,0.505168491080828,False
10978,Java,lang_java,23590.0,0,0,0.001936926567352363,True
15009,Java,lang_java,27306.0,0,1,0.5401947892988102,False
5631,Java,lang_java,81038.0,1,1,0.7879578068570912,True
16849,Java,lang_java,106733.0,1,1,0.904402354038543,True
950,Java,lang_java,47650.0,0,0,0.46216211600725576,True
19798,Java,lang_java,58120.0,0,0,0.12760862497956096,True
22223,Java,lang_java,45480.0,0,1,0.6880790757228644,False
13818,Java,lang_java,3000.0,0,0,0.05050890496997401,True
15987,Java,lang_java,46496.0,0,0,0.10119131044721552,True
6724,Java,lang_java,176984.0,1,1,0.9015147593008532,True
17095,Java,lang_java,232029.0,1,0,0.3863267361853096,False
14595,Java,lang_java,73375.0,0,0,0.38662096096496373,True
22039,Java,lang_java,40684.0,0,0,0.10975582426754321,True
10769,Java,lang_java,154000.0,1,1,0.8686075142944363,True
40992,Java,lang_java,400000.0,1,1,0.9756165322882381,True
34437,Java,lang_java,73089.0,0,0,0.3452636495681733,True
6590,Java,lang_java,204000.0,1,1,0.8234430746681505,True
42418,Java,lang_java,116015.0,1,1,0.9358949247351173,True
20803,Java,lang_java,75472.0,0,0,0.15976910085285187,True
48794,Java,lang_java,92576.0,1,1,0.8983809615819612,True
25914,Java,lang_java,43565.0,0,0,0.13525007507292827,True
13559,Java,lang_java,229431.0,1,1,0.8828434344998402,True
28444,Java,lang_java,5461.0,0,0,0.019615245753966604,True
44645,Java,lang_java,34804.0,0,0,0.10478438205920367,True
28933,Java,lang_java,140000.0,1,1,0.9576315891591863,True
11269,Java,lang_java,98612.0,1,0,0.15252307696992376,False
14176,Java,lang_java,87550.0,1,1,0.9082958784691576,True
4240,Java,lang_java,29004.0,0,0,0.01728384088429479,True
22889,Java,lang_java,232029.0,1,1,0.8851065388882506,True
14790,Java,lang_java,35949.0,0,0,0.02806855872807368,True
16770,Java,lang_java,20883.0,0,0,0.002663389095904828,True
6449,Java,lang_java,265000.0,1,1,0.9833400626523099,True
38753,Java,lang_java,102106.0,1,1,0.7998696541411676,True
1056,Java,lang_java,73901.0,0,0,0.010165499396929664,True
4614,Java,lang_java,34804.0,0,0,0.03471094632959667,True
21047,Java,lang_java,1820.0,0,0,0.11068816664340192,True
44910,Java,lang_java,145917.0,1,1,0.9497333187671363,True
11394,Java,lang_java,162000.0,1,1,0.9245867569987462,True
42127,Java,lang_java,117657.0,1,1,0.8800282414386097,True
43547,Java,lang_java,115.0,0,0,0.19021182929197564,True
25173,Java,lang_java,8007.0,0,0,0.06171526954291783,True
39314,Java,lang_java,215000.0,1,1,0.9556549818582198,True
45214,Java,lang_java,12254.0,0,0,0.007701380292973178,True
20195,Java,lang_java,29060.0,0,0,0.05711146598752213,True
37095,Java,lang_java,69609.0,0,1,0.6763789542770842,False
11934,Java,lang_java,110000.0,1,1,0.8929727243989957,True
45270,Java,lang_java,310000.0,1,1,0.9830325397380154,True
11972,Java,lang_java,43734.0,0,0,0.26064165089380925,True
29485,Java,lang_java,4412.0,0,0,0.015074822395474856,True
28655,Java,lang_java,58007.0,0,0,0.3668444609120233,True
8810,Java,lang_java,124029.0,1,1,0.8323404454256489,True
34671,Java,lang_java,46406.0,0,0,0.4006511181539243,True
41162,Java,lang_java,65663.0,0,0,0.18549956739763887,True
11435,Java,lang_java,63808.0,0,0,0.10501470295988322,True
2155,Java,lang_java,88960.0,1,0,0.29245197361123676,False
48952,Java,lang_java,55795.0,0,0,0.10439685308653089,True
3077,Java,lang_java,76433.0,1,1,0.5618014760513044,True
5092,Java,lang_java,140000.0,1,1,0.9557107363018048,True
5322,Java,lang_java,30164.0,0,0,0.014791909916081,True
26117,Java,lang_java,180000.0,1,1,0.9774562289732337,True
9725,Java,lang_java,73089.0,0,1,0.653840921920843,False
35301,Java,lang_java,220000.0,1,1,0.97107600033409,True
29356,Java,lang_java,72608.0,0,0,0.09627053419217807,True
17427,Java,lang_java,200000.0,1,1,0.948358562845872,True
31119,Java,lang_java,77730.0,1,0,0.1843023717463519,False
32080,Java,lang_java,89065.0,1,0,0.393837556800933,False
8278,Java,lang_java,260000.0,1,1,0.9872938045135347,True
21106,Java,lang_java,44000.0,0,0,0.05848243418886157,True
10644,Java,lang_java,5801.0,0,0,0.0189657825015408,True
3326,Java,lang_java,45507.0,0,0,0.18079282356833665,True
30412,Java,lang_java,100000.0,1,1,0.814719488805049,True
13485,Java,lang_java,85851.0,1,1,0.5117137643323955,True
15505,Java,lang_java,200000.0,1,1,0.8982970177541577,True
38142,Java,lang_java,81210.0,1,0,0.33196681512903375,False
41371,Java,lang_java,39966.0,0,0,0.25678531672282495,True
14290,Java,lang_java,13949.0,0,0,0.043053646306649034,True
9778,Java,lang_java,38217.0,0,0,0.39446443951463034,True
32290,Java,lang_java,64674.0,0,0,0.18899422500378435,True
47257,Java,lang_java,7645.0,0,1,0.9274512137796322,False
46537,Java,lang_java,69609.0,0,0,0.4908138112571882,True
8383,Java,lang_java,2945.0,0,0,0.0404470366756531,True
9296,Java,lang_java,15285.0,0,0,0.02935753848036447,True
37948,Java,lang_java,24363.0,0,0,0.03597602596000395,True
8400,Java,lang_java,19793.0,0,0,0.061221528167645624,True
634,Java,lang_java,89331.0,1,1,0.8112115539802002,True
17103,Java,lang_java,63808.0,0,0,0.15534215249705544,True
8359,Java,lang_java,75410.0,0,0,0.3177278162548392,True
8999,Java,lang_java,84512.0,1,1,0.794265268945041,True
40420,Java,lang_java,81685.0,1,1,0.8703126213157233,True
314,Java,lang_java,109438.0,1,1,0.7976428197220553,True
9243,Java,lang_java,42413.0,0,0,0.08947143770736077,True
6607,Java,lang_java,67289.0,0,0,0.4620603626548005,True
17879,Java,lang_java,58007.0,0,0,0.33008527066647536,True
28438,Java,lang_java,19761.0,0,0,0.06019606029336212,True
3042,Java,lang_java,135000.0,1,1,0.9698469081131641,True
21165,Java,lang_java,300000.0,1,1,0.9873543036914953,True
12635,Java,lang_java,80966.0,1,0,0.14771492987615997,False
15437,Java,lang_java,49122.0,0,0,0.4195216290511559,True
10002,Java,lang_java,58007.0,0,0,0.27753071678136226,True
41056,Java,lang_java,174022.0,1,1,0.9650743252253434,True
11994,Java,lang_java,66000.0,0,0,0.06821528699936322,True
13487,Java,lang_java,56000.0,0,0,0.38557198895211997,True
13434,Java,lang_java,104413.0,1,0,0.0767254843981118,False
17127,Java,lang_java,175525.0,1,1,0.9896064271610128,True
7087,Java,lang_java,104413.0,1,0,0.32684617773684127,False
16817,Java,lang_java,36841.0,0,0,0.32489893575644535,True
27472,Java,lang_java,4873.0,0,1,0.5176050600362729,False
34653,Java,lang_java,103702.0,1,1,0.6405880753223321,True
35803,Java,lang_java,364.0,0,0,0.010720449383882452,True
16009,Java,lang_java,63808.0,0,1,0.8229398440287583,False
19421,Java,lang_java,7030.0,0,1,0.5760345526293857,False
15917,Java,lang_java,20428.0,0,0,0.01741200787824276,True
22315,Java,lang_java,34804.0,0,0,0.10200045874124616,True
14143,Java,lang_java,325000.0,1,1,0.9937347184417404,True
14498,Java,lang_java,50000.0,0,1,0.9099042373759985,False
34605,Java,lang_java,6618.0,0,0,0.04346497065158993,True
11070,Java,lang_java,63808.0,0,1,0.5450190705439223,False
27432,Java,lang_java,30222.0,0,0,0.09551733341439587,True
19825,Java,lang_java,51046.0,0,0,0.4715461253937031,True
14184,Java,lang_java,32123.0,0,0,0.11689427141557894,True
22810,Java,lang_java,116015.0,1,1,0.8480615337161134,True
5232,Java,lang_java,74000.0,0,1,0.905631747927112,False
48719,Java,lang_java,92812.0,1,1,0.7507186696314163,True
26821,Java,lang_java,139218.0,1,1,0.9724163841547171,True
41197,Java,lang_java,64968.0,0,0,0.38982077309721147,True
993,Java,lang_java,170177.0,1,1,0.9350588293098118,True
41952,Java,lang_java,120000.0,1,1,0.8898991248000533,True
37615,Java,lang_java,14502.0,0,0,0.03557833365054509,True
1461,Java,lang_java,46406.0,0,0,0.013141696585749409,True
26916,Java,lang_java,62893.0,0,0,0.2465332760850466,True
30540,Java,lang_java,110000.0,1,1,0.9096491558442077,True
47002,Java,lang_java,179823.0,1,1,0.82575902839479,True
41042,Java,lang_java,225000.0,1,1,0.981167551304381,True
36593,Java,lang_java,27864.0,0,0,0.14455700504303218,True
15802,Java,lang_java,18900.0,0,1,0.9857119037266227,False
2310,Java,lang_java,198447.0,1,1,0.7040783426185653,True
35159,Java,lang_java,240000.0,1,1,0.9510847369691969,True
38296,Java,lang_java,65885.0,0,1,0.6306268846834108,False
1122,Java,lang_java,175000.0,1,1,0.9606407862643382,True
26153,Java,lang_java,115648.0,1,1,0.6851366333959693,True
25108,Java,lang_java,26141.0,0,0,0.31984881271508675,True
29387,Java,lang_java,55258.0,0,1,0.8341274813593489,False
3027,Java,lang_java,150000.0,1,1,0.7488027345660812,True
28788,Java,lang_java,210000.0,1,1,0.9674106063248414,True
43904,Java,lang_java,130000.0,1,1,0.9833447385961532,True
35423,Java,lang_java,69609.0,0,1,0.6978563875548268,False
40564,Java,lang_java,55687.0,0,0,0.17002730254660595,True
24606,Java,lang_java,58070.0,0,0,0.05647549882447586,True
18723,Java,lang_java,12433.0,0,0,0.042389434856872,True
36631,Java,lang_java,275000.0,1,1,0.9622182029272437,True
24352,Java,lang_java,60000.0,0,0,0.44873607775100877,True
2413,Java,lang_java,60328.0,0,0,0.26090494752439214,True
14526,Java,lang_java,12014.0,0,0,0.012455356048079297,True
1700,Java,lang_java,7536.0,0,0,0.01219398430203424,True
44724,Java,lang_java,59902.0,0,0,0.3366444789283471,True
12441,Java,lang_java,204212.0,1,1,0.5738709666825472,True
22296,Java,lang_java,90468.0,1,1,0.7600872149493201,True
30056,Java,lang_java,139218.0,1,1,0.7402667370109638,True
3878,Java,lang_java,83531.0,1,0,0.49511382487335015,False
40344,Java,lang_java,36000.0,0,0,0.11506698937429338,True
19416,Java,lang_java,71168.0,0,1,0.666182165747004,False
22829,Java,lang_java,92812.0,1,0,0.383268597779034,False
6621,Java,lang_java,82370.0,1,1,0.6391050701115321,True
19152,Java,lang_java,104330.0,1,1,0.5805845435100893,True
15621,Java,lang_java,1160.0,0,0,0.057204616245263,True
40924,Java,lang_java,30796.0,0,0,0.14466862229625096,True
6261,Java,lang_java,92812.0,1,1,0.6180951286182601,True
45627,Java,lang_java,150000.0,1,1,0.9822835676622717,True
16716,Java,lang_java,336327.0,1,1,0.9977049631689101,True
38807,Java,lang_java,159000.0,1,1,0.9786674452837193,True
22568,Java,lang_java,15041.0,0,0,0.06274914098589403,True
1336,Java,lang_java,20000.0,0,1,0.9370577671457427,False
9710,Java,lang_java,15111.0,0,0,0.046793028323881866,True
37285,Java,lang_java,150000.0,1,1,0.9865509689983567,True
23184,Java,lang_java,46614.0,0,0,0.072150876627381,True
40763,Java,lang_java,104616.0,1,0,0.023679808530246073,False
40597,Java,lang_java,55000.0,0,0,0.10089416252569829,True
9522,Java,lang_java,25573.0,0,0,0.03996545534017464,True
36178,Java,lang_java,81685.0,1,0,0.4969305031990587,False
2212,Java,lang_java,34587.0,0,0,0.1508742404240882,True
43647,Java,lang_java,32484.0,0,0,0.08690356968020453,True
11058,Java,lang_java,92812.0,1,0,0.3757654107279014,False
30721,Java,lang_java,65009.0,0,1,0.7957906325068619,False
15330,Java,lang_java,27898.0,0,0,0.08243016785031122,True
3641,Java,lang_java,11624.0,0,0,0.033274948656363754,True
29986,Java,lang_java,6321.0,0,0,0.006649595805581738,True
38371,Java,lang_java,115000.0,1,1,0.9152226671669748,True
25044,Java,lang_java,2325.0,0,0,0.00503961721707566,True
37795,Java,lang_java,48188.0,0,1,0.5780672158231379,False
47027,Java,lang_java,119392.0,1,1,0.9617742124667149,True
5171,Java,lang_java,81685.0,1,1,0.5481502688853657,True
20334,Java,lang_java,108710.0,1,0,0.48180941581304626,False
9439,Java,lang_java,111594.0,1,1,0.9662309086666501,True
338,Java,lang_java,148496.0,1,0,0.3368671229906846,False
25684,Java,lang_java,110214.0,1,0,0.4747502784484037,False
8673,Java,lang_java,143858.0,1,1,0.9013116795544014,True
9702,Java,lang_java,47389.0,0,0,0.33497086608075277,True
41326,Java,lang_java,91013.0,1,1,0.8878059949894775,True
39070,Java,lang_java,105573.0,1,1,0.7961160310621872,True
25807,Java,lang_java,331000.0,1,1,0.9537249346913788,True
10007,Java,lang_java,83632.0,1,1,0.7607214002271199,True
14128,Java,lang_java,40842.0,0,0,0.3737499342007099,True
48787,Java,lang_java,80050.0,1,0,0.41099715328945197,False
40244,Java,lang_java,132000.0,1,1,0.9871685415974428,True
5527,Java,lang_java,125000.0,1,1,0.8706900669013992,True
16071,Java,lang_java,41765.0,0,0,0.14807332324401007,True
25035,Java,lang_java,46406.0,0,0,0.21956944207453172,True
6301,Java,lang_java,81262.0,1,1,0.7027209483212133,True
22683,Java,lang_java,24872.0,0,0,0.2034158068440581,True
28050,Java,lang_java,58007.0,0,0,0.31124721176659004,True
17692,Java,lang_java,39785.0,0,0,0.15924459301450586,True
30511,Java,lang_java,25523.0,0,0,0.00960667300684339,True
5978,Java,lang_java,216988.0,1,1,0.9944470831557843,True
38410,Java,lang_java,93312.0,1,1,0.7130117548061317,True
24152,Java,lang_java,7672.0,0,0,0.004463923283991416,True
6027,Java,lang_java,4459.0,0,0,0.010543161055109227,True
37877,Java,lang_java,129936.0,1,1,0.8968460938308631,True
2428,Java,lang_java,107894.0,1,1,0.6485894135832531,True
19311,Java,lang_java,44096.0,0,0,0.059827385008877534,True
37012,Java,lang_java,163370.0,1,1,0.8888676635881195,True
4166,Java,lang_java,62648.0,0,1,0.6042140556780411,False
22676,Java,lang_java,40000.0,0,1,0.6216126470967297,False
12671,Java,lang_java,6192.0,0,0,0.02662183730712578,True
20498,Java,lang_java,63808.0,0,0,0.40609636519972986,True
17802,Java,lang_java,23203.0,0,0,0.16609187920628882,True
41899,Java,lang_java,36672.0,0,0,0.07336191288790858,True
38934,Java,lang_java,47932.0,0,0,0.226480460121672,True
6776,Java,lang_java,13922.0,0,0,0.010027254558738362,True
5969,Java,lang_java,280000.0,1,1,0.9624953594252846,True
32711,Java,lang_java,37004.0,0,0,0.22221907805221564,True
27690,Java,lang_java,47423.0,0,0,0.43505410615869333,True
21066,Java,lang_java,95000.0,1,1,0.666637118362536,True
25142,Java,lang_java,78000.0,1,0,0.15070697556591892,False
19182,Java,lang_java,98612.0,1,1,0.6486503164594198,True
5351,Java,lang_java,72815.0,0,0,0.19717492438718257,True
12091,Java,lang_java,52946.0,0,1,0.6168968109678772,False
43579,Java,lang_java,1698.0,0,0,0.08487077037563005,True
48873,Java,lang_java,79041.0,1,0,0.22628684030136853,False
6053,Java,lang_java,60000.0,0,0,0.1239324109422215,True
41194,Java,lang_java,4641.0,0,0,0.001044870943023593,True
25949,Java,lang_java,192000.0,1,1,0.9980722519939049,True
131,Java,lang_java,80000.0,1,1,0.6848302317595373,True
20800,Java,lang_java,29004.0,0,0,0.33921088316982423,True
31851,Java,lang_java,63932.0,0,0,0.05890797215179311,True
13755,Java,lang_java,54719.0,0,0,0.0922197550288523,True
38980,Java,lang_java,408424.0,1,1,0.657308565913555,True
3304,Java,lang_java,198000.0,1,1,0.9550946436220906,True
522,Java,lang_java,55511.0,0,0,0.2743119064844648,True
6694,Java,lang_java,58007.0,0,0,0.3790480724060986,True
46976,Java,lang_java,25071.0,0,0,0.081989397029479,True
39024,Java,lang_java,204212.0,1,1,0.8245589532991046,True
36078,Java,lang_java,87763.0,1,1,0.6876940529161502,True
43584,Java,lang_java,74249.0,0,1,0.7495553611411936,False
3689,Java,lang_java,150819.0,1,1,0.5896879671522554,True
37099,Java,lang_java,127616.0,1,1,0.6070294987600233,True
22918,Java,lang_java,52000.0,0,0,0.3495423243200396,True
17198,Java,lang_java,179790.0,1,1,0.9925227773547305,True
6133,Java,lang_java,5196.0,0,0,0.09568934000893102,True
2320,Java,lang_java,3600.0,0,1,0.55235549606705,False
46341,Java,lang_java,15311.0,0,0,0.20520411506481256,True
40301,Java,lang_java,4644.0,0,0,0.09745905553212311,True
12286,Java,lang_java,62409.0,0,1,0.5263659954422817,False
2002,Java,lang_java,58382.0,0,0,0.22793959203042494,True
24791,Java,lang_java,1720.0,0,0,0.0019133590000652565,True
30360,Java,lang_java,185000.0,1,1,0.96501107387443,True
40528,Java,lang_java,25248.0,0,0,0.1209050376547458,True
4488,Java,lang_java,4200.0,0,0,0.07820767086137075,True
36894,Java,lang_java,33710.0,0,0,0.0879965894719108,True
38055,Java,lang_java,64208.0,0,1,0.7403212561693383,False
46099,Java,lang_java,350000.0,1,1,0.940247164704764,True
37879,Java,lang_java,69609.0,0,0,0.30345766935665236,True
20293,Java,lang_java,56167.0,0,1,0.5361496416184636,False
19006,Java,lang_java,83857.0,1,0,0.43150143258205326,False
30648,Java,lang_java,215000.0,1,1,0.9492056351866772,True
48832,Java,lang_java,1624.0,0,0,0.09588812838089987,True
13007,Java,lang_java,32748.0,0,0,0.10585520336600823,True
1821,Java,lang_java,49146.0,0,0,0.24924434344399476,True
37224,Java,lang_java,12743.0,0,0,0.01086214313788887,True
15019,Java,lang_java,68071.0,0,1,0.6989881880935866,False
1575,Java,lang_java,150000.0,1,1,0.928231412276616,True
4512,Java,lang_java,92812.0,1,1,0.676118336420832,True
37473,Java,lang_java,85851.0,1,1,0.648175728105751,True
28534,Java,lang_java,46406.0,0,0,0.1706807171343413,True
40688,Java,lang_java,109054.0,1,1,0.8615342376139176,True
21567,Java,lang_java,169000.0,1,1,0.9538361151233619,True
2093,Java,lang_java,140000.0,1,1,0.9921202088741884,True
36332,Java,lang_java,53989.0,0,0,0.27718072300034485,True
16713,Java,lang_java,80000.0,1,1,0.6947054586310084,True
13745,Java,lang_java,240000.0,1,1,0.9193840753645719,True
6518,Java,lang_java,51486.0,0,0,0.09983815056272274,True
27563,Java,lang_java,133750.0,1,1,0.9199408965956681,True
14869,Java,lang_java,41515.0,0,0,0.19525090396123157,True
34046,Java,lang_java,40000.0,0,0,0.011908454188458676,True
35720,Java,lang_java,6553.0,0,0,0.044028250163382486,True
34050,Java,lang_java,230000.0,1,1,0.9856546185259455,True
44185,Java,lang_java,180000.0,1,1,0.9833246575099841,True
21888,Java,lang_java,24000.0,0,0,0.04143869617024676,True
26362,Java,lang_java,35477.0,0,0,0.137663316530715,True
4729,Java,lang_java,63713.0,0,0,0.3184693632589562,True
16327,Java,lang_java,56847.0,0,0,0.06950200906118344,True
43115,Java,lang_java,86180.0,1,1,0.6639230315922408,True
26945,Java,lang_java,20458.0,0,0,0.05066621061548612,True
8679,Java,lang_java,54411.0,0,0,0.23053169012800895,True
29413,Java,lang_java,90491.0,1,1,0.7219777574403665,True
17148,Java,lang_java,300000.0,1,1,0.9632990762166476,True
15177,Java,lang_java,109434.0,1,1,0.6435111334666574,True
3778,Java,lang_java,173590.0,1,1,0.9587881636107664,True
31471,Java,lang_java,106000.0,1,1,0.8235119719747113,True
9998,Java,lang_java,9745.0,0,0,0.18656777780733388,True
4950,Java,lang_java,27217.0,0,0,0.006649120019982425,True
31896,Java,lang_java,105000.0,1,1,0.8803880172186666,True
46556,Java,lang_java,53367.0,0,1,0.5433643334976143,False
10455,Java,lang_java,127616.0,1,1,0.6895711731143506,True
15726,Java,lang_java,150000.0,1,1,0.9184590039150397,True
30372,Java,lang_java,25223.0,0,0,0.0111562044024949,True
2469,Java,lang_java,89853.0,1,0,0.4604683988606899,False
28532,Java,lang_java,87304.0,1,0,0.34632086027833836,False
34781,Java,lang_java,87011.0,1,1,0.6309505950465271,True
27708,Java,lang_java,150000.0,1,1,0.9448584014140025,True
42997,Java,lang_java,51046.0,0,0,0.3014893931840304,True
11547,Java,lang_java,73089.0,0,1,0.592546665174483,False
40724,Java,lang_java,310000.0,1,1,0.98659878820929,True
5003,Java,lang_java,140000.0,1,1,0.5767471121606653,True
5382,Java,lang_java,2455.0,0,0,0.031106234064998448,True
13859,Java,lang_java,16706.0,0,0,0.014676463044648463,True
11522,Java,lang_java,115000.0,1,1,0.9093000310353011,True
37304,Java,lang_java,35684.0,0,1,0.6322379707205708,False
4380,Java,lang_java,149756.0,1,1,0.9600404031203397,True
12999,Java,lang_java,58007.0,0,0,0.14882642762680343,True
12263,Java,lang_java,1099.0,0,0,0.13611788115467707,True
6354,Java,lang_java,180000.0,1,1,0.9925167882136432,True
35217,Java,lang_java,81210.0,1,1,0.7175053666953596,True
32680,Java,lang_java,83531.0,1,1,0.8248220721370745,True
37919,Java,lang_java,47445.0,0,0,0.040075686617165374,True
36627,Java,lang_java,260000.0,1,1,0.9868004093163901,True
26863,Java,lang_java,232029.0,1,1,0.8930403432302244,True
40322,Java,lang_java,35497.0,0,0,0.05468603551303942,True
27709,Java,lang_java,133417.0,1,1,0.728943744311676,True
31595,Java,lang_java,25523.0,0,0,0.2145492907438342,True
7475,Java,lang_java,36011.0,0,0,0.16965541635664463,True
3300,Java,lang_java,232000.0,1,1,0.9699126055822206,True
17400,Java,lang_java,5801.0,0,1,0.5167508214089487,False
537,Java,lang_java,104822.0,1,1,0.7511935304976105,True
32560,Java,lang_java,87011.0,1,1,0.5943842641109255,True
35154,Java,lang_java,37900.0,0,0,0.07827973676808907,True
36571,Java,lang_java,45246.0,0,0,0.20219758390827292,True
15822,Java,lang_java,116015.0,1,0,0.3933184675684031,False
3614,Java,lang_java,66128.0,0,1,0.7832409340864827,False
22589,Java,lang_java,153436.0,1,0,0.045680391733143165,False
20143,Java,lang_java,37125.0,0,0,0.3186065318008764,True
10884,Java,lang_java,65000.0,0,1,0.8298664926473057,False
20716,Java,lang_java,212000.0,1,1,0.9867685868848358,True
29085,Java,lang_java,9175.0,0,0,0.05433068071613588,True
24446,Java,lang_java,94000.0,1,1,0.7844607302326858,True
17051,Java,lang_java,116015.0,1,1,0.6029259558653711,True
9876,Java,lang_java,85851.0,1,0,0.3792990617188399,False
12095,Java,lang_java,58007.0,0,0,0.2626784766424903,True
6340,Java,lang_java,20883.0,0,0,0.03817760428574546,True
12531,Java,lang_java,49886.0,0,0,0.29139714930006266,True
22757,Java,lang_java,140000.0,1,1,0.9611461706096383,True
652,Java,lang_java,182270.0,1,1,0.9389723842115993,True
10921,Java,lang_java,70000.0,0,0,0.376038748985364,True
45365,Java,lang_java,143000.0,1,1,0.9503268541607004,True
12571,Java,lang_java,1162.0,0,0,0.14812931879102822,True
17820,Java,lang_java,250000.0,1,1,0.9442848057937397,True
10441,Java,lang_java,400000.0,1,1,0.9831312645202326,True
33608,Java,lang_java,300000.0,1,1,0.9851455001076183,True
4712,Java,lang_java,350000.0,1,1,0.9961847496908516,True
40744,Java,lang_java,116733.0,1,1,0.6237748451897389,True
4,Java,lang_java,36197.0,0,0,0.1127092412027588,True
3098,Java,lang_java,40000.0,0,0,0.470108712290047,True
30670,Java,lang_java,509.0,0,0,0.10490098880384158,True
17090,Java,lang_java,60796.0,0,0,0.4004187610176075,True
5347,Java,lang_java,75410.0,0,1,0.6979552637679163,False
26078,Java,lang_java,40605.0,0,0,0.09537516498998122,True
36964,Java,lang_java,30164.0,0,0,0.3261931541359741,True
46109,Java,lang_java,69609.0,0,1,0.6765917325751989,False
20857,Java,lang_java,145671.0,1,1,0.8875333706504047,True
18148,Java,lang_java,23665.0,0,0,0.09845675670317992,True
38182,Java,lang_java,136141.0,1,1,0.871094782885187,True
45937,Java,lang_java,37197.0,0,0,0.27255106932615436,True
39255,Java,lang_java,50000.0,0,1,0.9651963713191856,False
6228,Java,lang_java,910.0,0,0,0.26599413460085525,True
22093,Java,lang_java,60000.0,0,0,0.16890123710533356,True
40472,Java,lang_java,120145.0,1,1,0.800751485056704,True
38344,Java,lang_java,32748.0,0,0,0.21188189786513226,True
47986,Java,lang_java,298.0,0,0,0.03859919939629006,True
45754,Java,lang_java,50000.0,0,0,0.06996453222909112,True
20102,Java,lang_java,297.0,0,0,0.00923104451395195,True
30325,Java,lang_java,64709.0,0,0,0.1485686637146129,True
9300,Java,lang_java,145699.0,1,1,0.8718546195195275,True
13486,Java,lang_java,143000.0,1,1,0.9190264833007215,True
45620,Java,lang_java,201000.0,1,1,0.8668686509037599,True
9959,Java,lang_java,7646.0,0,0,0.06783256595407006,True
10814,Java,lang_java,32484.0,0,0,0.013146836221327108,True
13884,Java,lang_java,83531.0,1,1,0.5385430557100067,True
28996,Java,lang_java,58007.0,0,0,0.23729638292481803,True
31683,Java,lang_java,77150.0,1,1,0.8439690532328763,True
48877,Java,lang_java,200000.0,1,1,0.9286897371416732,True
15432,Java,lang_java,200000.0,1,1,0.9545383217435879,True
46613,Java,lang_java,148791.0,1,1,0.9886139096982866,True
33446,Java,lang_java,23203.0,0,0,0.00046979274106652923,True
19563,Java,lang_java,116256.0,1,0,0.26248616129666236,False
43812,Java,lang_java,67868.0,0,0,0.15452135670832548,True
44778,Java,lang_java,92812.0,1,0,0.49143211956106253,False
3770,Java,lang_java,77601.0,1,1,0.9265577333621537,True
42552,Java,lang_java,139054.0,1,1,0.8888448039845337,True
38159,Java,lang_java,1208.0,0,0,0.05974081912056537,True
38741,Java,lang_java,150000.0,1,1,0.6950848800591004,True
2443,Java,lang_java,89331.0,1,1,0.8332240948155846,True
15939,Java,lang_java,143021.0,1,1,0.9550217388369183,True
9555,Java,lang_java,245000.0,1,0,0.16503140263884425,False
12906,Java,lang_java,149756.0,1,1,0.5292067342093163,True
20265,Java,lang_java,63808.0,0,0,0.38453628334380857,True
25805,Java,lang_java,13949.0,0,0,0.03648894657185953,True
18173,Java,lang_java,40743.0,0,0,0.17207482289281584,True
14354,Java,lang_java,8400.0,0,0,0.01689685700393668,True
40451,Java,lang_java,14289.0,0,0,0.2294004955751181,True
2644,Java,lang_java,23742.0,0,1,0.6691870085455788,False
4625,Java,lang_java,49886.0,0,1,0.6616183912943877,False
7362,Java,lang_java,27960.0,0,0,0.04245835717765893,True
41873,Java,lang_java,10462.0,0,0,0.046136466444734674,True
19540,Java,lang_java,44086.0,0,0,0.15613681912531033,True
20715,Java,lang_java,83858.0,1,0,0.18701227810723103,False
30343,Java,lang_java,400000.0,1,1,0.9938514125289146,True
24143,Java,lang_java,11964.0,0,0,0.1402503850578876,True
17174,Java,lang_java,34804.0,0,0,0.3427944151631675,True
12382,Java,lang_java,300000.0,1,1,0.9524937546088916,True
35969,Java,lang_java,45246.0,0,0,0.014053145076697596,True
14669,Java,lang_java,81210.0,1,0,0.36651718337302874,False
34715,Java,lang_java,59245.0,0,0,0.16235907399703828,True
33347,Java,lang_java,58007.0,0,1,0.8983813915318016,False
4739,Java,lang_java,58120.0,0,0,0.09216475074220061,True
32362,Java,lang_java,90491.0,1,0,0.44830901694129194,False
6120,Java,lang_java,92812.0,1,1,0.608122467408356,True
14074,Java,lang_java,120000.0,1,1,0.7992113390293067,True
11635,Java,lang_java,29473.0,0,0,0.2821454026746239,True
1724,Java,lang_java,55687.0,0,0,0.4430160463212791,True
610,Java,lang_java,174022.0,1,0,0.021230550928334518,False
24218,Java,lang_java,208826.0,1,0,0.49128159431865975,False
35581,Java,lang_java,154000.0,1,1,0.9659818371118347,True
34376,Java,lang_java,9299.0,0,0,0.03605349351283849,True
44198,Java,lang_java,48726.0,0,0,0.1288068742445807,True
13050,Java,lang_java,5812.0,0,0,0.01553803579354144,True
28235,Java,lang_java,623.0,0,0,0.05052832044284526,True
32690,Java,lang_java,44096.0,0,0,0.07068049056245114,True
15097,Java,lang_java,3564.0,0,0,0.04909549016863536,True
44795,Java,lang_java,23203.0,0,0,0.044780301951320586,True
11318,Java,lang_java,10403.0,0,0,0.04653599697599064,True
39322,Java,lang_java,21729.0,0,0,0.07419160542303566,True
17774,Java,lang_java,80050.0,1,1,0.7144259779608703,True
29301,Java,lang_java,29060.0,0,0,0.07973391286964435,True
12174,Java,lang_java,156022.0,1,1,0.8167210306677654,True
4600,Java,lang_java,135152.0,1,1,0.9540509198757606,True
45028,Java,lang_java,45400.0,0,1,0.7049417971993585,False
1301,Java,lang_java,190000.0,1,1,0.9130862813211573,True
16355,Java,lang_java,23203.0,0,0,0.03861326793649838,True
2807,Java,lang_java,75147.0,0,1,0.9371465390466273,False
46120,Java,lang_java,139218.0,1,1,0.9763410755509562,True
23841,Java,lang_java,72958.0,0,0,0.42650152929821206,True
26901,Java,lang_java,41765.0,0,0,0.1439573080307083,True
1640,Java,lang_java,102093.0,1,1,0.7793127921075194,True
19100,Java,lang_java,187500.0,1,1,0.9943914326500467,True
25884,Java,lang_java,75000.0,0,1,0.805409532086272,False
14391,Java,lang_java,82906.0,1,0,0.313250195125512,False
13800,Java,lang_java,112000.0,1,1,0.9120509502940524,True
39484,Java,lang_java,48821.0,0,0,0.11178370444608197,True
26343,Java,lang_java,71278.0,0,0,0.13680911591854164,True
14441,Java,lang_java,4710.0,0,0,0.00201786679233376,True
21540,Java,lang_java,200000.0,1,1,0.9854766030788653,True
1221,Java,lang_java,153000.0,1,1,0.8482915304779506,True
34091,Java,lang_java,325000.0,1,1,0.9694345434081635,True
11832,Java,lang_java,38388.0,0,1,0.5272312682118881,False
1054,Java,lang_java,46406.0,0,0,0.22195273946909552,True
24104,Java,lang_java,38359.0,0,0,0.04335490149828768,True
19736,Java,lang_java,81210.0,1,0,0.2248012553092016,False
26538,Java,lang_java,18204.0,0,0,0.040082848755063676,True
29862,Java,lang_java,160000.0,1,1,0.9628777218643108,True
37239,Java,lang_java,54611.0,0,1,0.6785973654990016,False
16004,Java,lang_java,134000.0,1,1,0.836863487264437,True
36464,Java,lang_java,190000.0,1,1,0.9376834764972296,True
1748,Java,lang_java,71929.0,0,1,0.6147190989863079,False
40961,Java,lang_java,106733.0,1,1,0.8337023821505359,True
9713,Java,lang_java,127616.0,1,0,0.42957862035344224,False
61,Java,lang_java,67289.0,0,1,0.5017106627850811,False
36703,Java,lang_java,136141.0,1,1,0.8428207274362233,True
18010,Java,lang_java,7793.0,0,0,0.021626090443780104,True
5463,Java,lang_java,31904.0,0,0,0.10771008941523214,True
16870,Java,lang_java,87011.0,1,1,0.8188805842692997,True
48058,Java,lang_java,12298.0,0,1,0.946566095090803,False
5883,Java,lang_java,84512.0,1,1,0.9169359273637385,True
45916,Java,lang_java,1000.0,0,0,0.04678067842086365,True
30936,Java,lang_java,46266.0,0,0,0.08321773073143733,True
133,Java,lang_java,39445.0,0,0,0.09075494744920386,True
6471,Java,lang_java,30424.0,0,0,0.07730729763262081,True
28518,Java,lang_java,77760.0,1,1,0.6904966204563263,True
44035,Java,lang_java,6940.0,0,0,0.06396063108465334,True
35304,Java,lang_java,20358.0,0,0,0.03735285330532361,True
35561,Java,lang_java,232029.0,1,1,0.9568096723453957,True
41260,Java,lang_java,54212.0,0,0,0.13567594318950607,True
1011,Java,lang_java,6000.0,0,0,0.05420271555618229,True
3138,Java,lang_java,110000.0,1,1,0.8839877383995003,True
11413,Java,lang_java,76825.0,1,1,0.7370341893501885,True
19053,Java,lang_java,115000.0,1,1,0.9030625519335185,True
4267,Java,lang_java,127616.0,1,1,0.9074916146426495,True
28892,Java,lang_java,42111.0,0,0,0.06439618854063046,True
4688,Java,lang_java,24124.0,0,0,0.20582607876502956,True
44153,Java,lang_java,61264.0,0,0,0.10376167115884631,True
37032,Java,lang_java,19722.0,0,0,0.005191280583300491,True
8345,Java,lang_java,58007.0,0,0,0.32648953045137824,True
16035,Java,lang_java,173590.0,1,1,0.9671373178708887,True
37737,Java,lang_java,150000.0,1,1,0.9611868032200096,True
43089,Java,lang_java,3500.0,0,0,0.08846917898634057,True
35274,Java,lang_java,145000.0,1,1,0.9581660463435299,True
13498,Java,lang_java,53830.0,0,0,0.25355266648016095,True
38234,Java,lang_java,40605.0,0,0,0.18593687657090205,True
2640,Java,lang_java,130000.0,1,1,0.9675365899158839,True
29509,Java,lang_java,14000.0,0,0,0.058218979844300404,True
9982,Java,lang_java,73089.0,0,1,0.7266711111567201,False
47349,Java,lang_java,100933.0,1,1,0.7311951190465287,True
35102,Java,lang_java,116015.0,1,0,0.22412766739562112,False
45864,Java,lang_java,125000.0,1,1,0.9900355452938459,True
17488,Java,lang_java,77730.0,1,1,0.6608097368386465,True
44317,Java,lang_java,232479.0,1,0,0.05467972938729919,False
15749,Java,lang_java,81210.0,1,0,0.15671948050951137,False
30,Java,lang_java,205000.0,1,1,0.9825441183333122,True
31310,Java,lang_java,88846.0,1,1,0.8105665465134,True
46697,Java,lang_java,94659.0,1,0,0.13549158955894672,False
27943,Java,lang_java,6202.0,0,0,0.2762533149919509,True
13984,Java,lang_java,65533.0,0,0,0.43833090327078045,True
43128,Java,lang_java,116733.0,1,1,0.6622768688178647,True
34470,Java,lang_java,67289.0,0,0,0.4135978449049426,True
5733,Java,lang_java,67289.0,0,1,0.5212624436251144,False
33666,Java,lang_java,69609.0,0,1,0.8387900485399807,False
924,Java,lang_java,146000.0,1,1,0.9816456707327592,True
34569,Java,lang_java,77730.0,1,0,0.31620308854290513,False
12839,Java,lang_java,19180.0,0,0,0.0471562823790545,True
5023,Java,lang_java,44086.0,0,0,0.09686823058224094,True
41971,Java,lang_java,46406.0,0,0,0.3827576359615646,True
5168,Java,lang_java,167000.0,1,1,0.9808084199221797,True
40150,Java,lang_java,3336.0,0,0,0.001691610978526555,True
2037,Java,lang_java,14987.0,0,0,0.08745531655437837,True
33387,Java,lang_java,64968.0,0,0,0.391214050162339,True
5757,Java,lang_java,34804.0,0,0,0.11317671923226193,True
27545,Java,lang_java,81964.0,1,0,0.2614809549166304,False
27653,Java,lang_java,371247.0,1,1,0.8904943889432251,True
39756,Java,lang_java,47650.0,0,0,0.4050427304176401,True
2462,Java,lang_java,140000.0,1,1,0.9318557766544905,True
38190,Java,lang_java,59167.0,0,0,0.3975997575743751,True
28240,Java,lang_java,6902.0,0,0,0.07367068169319362,True
15173,Java,lang_java,95000.0,1,1,0.7703740741628031,True
14002,Java,lang_java,125000.0,1,1,0.7808126562737614,True
1684,Java,lang_java,180000.0,1,1,0.9873554452377904,True
4042,Java,lang_java,2729.0,0,0,0.0051990044487013835,True
1879,Java,lang_java,102106.0,1,1,0.6561113564844159,True
13361,Java,lang_java,87011.0,1,0,0.17172546001817188,False
2599,Java,lang_java,69609.0,0,1,0.6387029679972557,False
20249,Java,lang_java,59167.0,0,0,0.386630261777185,True
48683,Java,lang_java,75000.0,0,1,0.6290889486539698,False
17514,Java,lang_java,13949.0,0,0,0.11169029719347373,True
8900,Java,lang_java,90491.0,1,0,0.45733682091043326,False
43761,Java,lang_java,57079.0,0,1,0.5178887139891224,False
5673,Java,lang_java,100000.0,1,1,0.9440264679402656,True
10085,Java,lang_java,20923.0,0,0,0.039065284877041445,True
36986,Java,lang_java,148791.0,1,1,0.978181536914779,True
4631,Java,lang_java,92812.0,1,0,0.4586193877564634,False
28638,Java,lang_java,12399.0,0,0,0.026993874716600138,True
20962,Java,lang_java,87011.0,1,1,0.6999271873178025,True
27721,Java,lang_java,98000.0,1,1,0.7435724799766453,True
30099,Java,lang_java,100000.0,1,1,0.8458744756744256,True
13969,Java,lang_java,125000.0,1,1,0.6393956052424131,True
2985,Java,lang_java,200000.0,1,1,0.9464501602614832,True
3984,Java,lang_java,155895.0,1,1,0.9213457730568221,True
25165,Java,lang_java,6974.0,0,0,0.08222257943396609,True
4808,Java,lang_java,98612.0,1,1,0.6402712673158115,True
512,Java,lang_java,200000.0,1,1,0.8053395193868481,True
38015,Java,lang_java,69609.0,0,1,0.5521477642333429,False
29389,Java,lang_java,90353.0,1,0,0.2552973199781225,False
4032,Java,lang_java,7643.0,0,0,0.46892855549867113,True
7027,Java,lang_java,92812.0,1,1,0.7510003636306571,True
15147,Java,lang_java,200000.0,1,1,0.9430790771643139,True
47285,Java,lang_java,116015.0,1,1,0.5621669443329995,True
21605,Java,lang_java,34804.0,0,0,0.033499030742534325,True
22415,Java,lang_java,6858.0,0,0,0.013684319472776728,True
35870,Java,lang_java,39445.0,0,0,0.07737000497442709,True
24315,Java,lang_java,17738.0,0,0,0.3713747627388605,True
3464,Java,lang_java,40605.0,0,0,0.19690620003552145,True
19869,Java,lang_java,47508.0,0,0,0.09934035797698736,True
27357,Java,lang_java,47566.0,0,1,0.5102724546254203,False
30786,Java,lang_java,19503.0,0,0,0.28516696325354657,True
22933,Java,lang_java,174682.0,1,1,0.812881508511508,True
5842,Java,lang_java,225000.0,1,1,0.9739087672316239,True
15033,Java,lang_java,92812.0,1,0,0.1940695433113222,False
11813,Java,lang_java,255232.0,1,1,0.957502390056912,True
14414,Java,lang_java,68901.0,0,0,0.13563463309532786,True
16165,Java,lang_java,8718.0,0,0,0.034822612956992495,True
5036,Java,lang_java,102972.0,1,0,0.23104737802854292,False
11821,Java,lang_java,34035.0,0,0,0.0024389951109535825,True
34203,Java,lang_java,45246.0,0,0,0.1654838584603516,True
29096,Java,lang_java,163370.0,1,1,0.7260293181862266,True
46906,Java,lang_java,52207.0,0,0,0.07702602258220559,True
14697,Java,lang_java,116015.0,1,1,0.5049387220858963,True
38148,Java,lang_java,93972.0,1,1,0.7470400650037268,True
14040,Java,lang_java,207000.0,1,1,0.9467223902956113,True
41523,Java,lang_java,13949.0,0,0,6.142978537715449e-05,True
5820,Java,lang_java,300000.0,1,1,0.9167660616960436,True
5863,Java,lang_java,12786.0,0,0,0.029114884835862505,True
1516,Java,lang_java,16706.0,0,0,0.013023245781587024,True
31347,Java,lang_java,87011.0,1,0,0.48512595106840645,False
2051,Java,lang_java,69609.0,0,0,0.26894363203908944,True
14681,Java,lang_java,95299.0,1,1,0.6592501841012143,True
9944,Java,lang_java,88492.0,1,1,0.7900640629281557,True
6713,Java,lang_java,87341.0,1,0,0.39359413538256904,False
40901,Java,lang_java,115000.0,1,1,0.9012498157177751,True
29990,Java,lang_java,97452.0,1,0,0.3831982641792886,False
28216,Java,lang_java,81368.0,1,0,0.006037120484937157,False
30776,Java,lang_java,12000.0,0,0,0.01822980436362185,True
29098,Java,lang_java,90000.0,1,1,0.6964268466005066,True
1322,Java,lang_java,200000.0,1,1,0.9843846313539985,True
5091,Java,lang_java,83531.0,1,1,0.7855226328843109,True
44690,Java,lang_java,2906.0,0,0,0.0983423662052487,True
4931,Java,lang_java,107000.0,1,1,0.9010196523152865,True
3912,Java,lang_java,69609.0,0,1,0.5753779160072007,False
33057,Java,lang_java,125000.0,1,1,0.8700956012981926,True
36920,Java,lang_java,50741.0,0,0,0.1513803156872512,True
35974,Java,lang_java,16274.0,0,0,0.027221735867437025,True
12791,Java,lang_java,37445.0,0,0,0.28535836276861554,True
31314,Java,lang_java,41786.0,0,0,0.15163971159102102,True
18733,Java,lang_java,150000.0,1,1,0.955398241161028,True
15812,Java,lang_java,75000.0,0,1,0.6103260728299993,False
27452,Java,lang_java,63713.0,0,0,0.48025491514163055,True
3481,Java,lang_java,185000.0,1,1,0.8756519280507891,True
4037,Java,lang_java,78310.0,1,0,0.2153610152928874,False
13040,Java,lang_java,75410.0,0,0,0.344544179177568,True
4197,Java,lang_java,95299.0,1,1,0.8645627500858528,True
43135,Java,lang_java,40684.0,0,0,0.03218694284087203,True
3888,Java,lang_java,14187.0,0,0,0.030300066176588165,True
29644,Java,lang_java,104413.0,1,1,0.7786206774523112,True
27134,Java,lang_java,87011.0,1,1,0.6590619869845049,True
46873,Java,lang_java,44549.0,0,0,0.05309558772564527,True
14450,Java,lang_java,78011.0,1,1,0.7039255838057948,True
4922,Java,lang_java,122527.0,1,1,0.7903089722666924,True
13333,Java,lang_java,34872.0,0,0,0.05046190244176896,True
27172,Java,lang_java,76570.0,1,0,0.3586632341546336,False
6341,Java,lang_java,29060.0,0,0,0.06735401404585556,True
41330,Java,lang_java,218000.0,1,1,0.9549584787082738,True
22696,Java,lang_java,93000.0,1,1,0.9294850884004499,True
42682,Java,lang_java,386000.0,1,1,0.9931992513788044,True
35820,Java,lang_java,27844.0,0,0,0.3771882458046893,True
196,Java,lang_java,108000.0,1,0,0.44970523670041057,False
16496,Java,lang_java,46969.0,0,1,0.5447327806702772,False
14892,Java,lang_java,81210.0,1,1,0.8022786616461056,True
18150,Java,lang_java,62015.0,0,1,0.9667810387817535,False
15136,Java,lang_java,107874.0,1,1,0.9747723258557843,True
17506,Java,lang_java,22000.0,0,1,0.6635381237648313,False
4864,Java,lang_java,92812.0,1,1,0.7745941678925378,True
6951,Java,lang_java,162421.0,1,0,0.4113062559363858,False
45288,Java,lang_java,195000.0,1,1,0.9869187129789796,True
40710,Java,lang_java,21888.0,0,0,0.0121860118864057,True
31256,Java,lang_java,42416.0,0,0,0.19559874737777713,True
30195,Java,lang_java,47445.0,0,0,0.3257654027186542,True
16156,Java,lang_java,68004.0,0,0,0.05990261388346602,True
39833,Java,lang_java,1078.0,0,0,0.014153494167884034,True
6278,Java,lang_java,130000.0,1,1,0.9929606599769955,True
18274,Java,lang_java,10462.0,0,0,0.02630755718569811,True
48931,Java,lang_java,165000.0,1,1,0.8960745574690321,True
33625,Java,lang_java,216988.0,1,1,0.9955883101119181,True
35375,Java,lang_java,240000.0,1,1,0.9233877065636402,True
3606,Java,lang_java,55687.0,0,1,0.6409749245101614,False
45137,Java,lang_java,69609.0,0,0,0.24497175319482473,True
44615,Java,lang_java,46406.0,0,1,0.7980658435497601,False
8319,Java,lang_java,61919.0,0,0,0.029908746315133142,True
30042,Java,lang_java,350000.0,1,1,0.9574945606776144,True
15195,Java,lang_java,165000.0,1,1,0.9668609288401374,True
28150,Java,lang_java,69609.0,0,0,0.49044905196690114,True
28910,Java,lang_java,108723.0,1,1,0.6900508363953,True
11216,Java,lang_java,200000.0,1,1,0.9790328115345796,True
16712,Java,lang_java,58007.0,0,0,0.03203634015373021,True
17373,Java,lang_java,145000.0,1,1,0.6255812012141657,True
22585,Java,lang_java,348.0,0,0,0.010214648576424108,True
3880,Java,lang_java,6000.0,0,0,0.15828551444257588,True
10245,Java,lang_java,38171.0,0,0,0.05224589761030293,True
28252,Java,lang_java,42356.0,0,0,0.35166310378551546,True
13497,Java,lang_java,78962.0,1,1,0.610273562830022,True
5452,Java,lang_java,150000.0,1,1,0.9718866560274806,True
13002,Java,lang_java,81262.0,1,1,0.500091805045036,True
39664,Java,lang_java,87011.0,1,0,0.19895887971062362,False
34230,Java,lang_java,48726.0,0,0,0.4271824363672263,True
36122,Java,lang_java,71929.0,0,1,0.5418390241381289,False
36330,Java,lang_java,220000.0,1,1,0.9836345965077951,True
46673,Java,lang_java,145000.0,1,1,0.9825348753871677,True
1464,Java,lang_java,71168.0,0,0,0.3538103261513704,True
11922,Java,lang_java,134577.0,1,1,0.8231688422258637,True
41821,Java,lang_java,73375.0,0,0,0.4161929361755627,True
6696,Java,lang_java,161191.0,1,1,0.977781492468667,True
12989,Java,lang_java,34804.0,0,0,0.06363537586549847,True
26984,Java,lang_java,116015.0,1,1,0.8194972051700385,True
47399,Java,lang_java,30164.0,0,0,0.019930801688941683,True
6077,Java,lang_java,66128.0,0,1,0.5008206425473236,False
22635,Java,lang_java,96000.0,1,0,0.08410495178670652,False
26508,Java,lang_java,57342.0,0,0,0.24556693773737925,True
46837,Java,lang_java,47566.0,0,0,0.3226360655318383,True
12427,Java,lang_java,116015.0,1,1,0.8319856005322576,True
35125,Java,lang_java,91829.0,1,0,0.05362266866627474,False
38640,Java,lang_java,80050.0,1,1,0.7413531439063209,True
4534,Java,lang_java,168221.0,1,1,0.7439878085927965,True
46240,Java,lang_java,81210.0,1,0,0.3019421830659815,False
36748,Java,lang_java,240000.0,1,1,0.9757955416459796,True
32766,Java,lang_java,10922.0,0,0,0.12803829517240836,True
15344,Java,lang_java,20047.0,0,0,0.04204273738771349,True
793,Java,lang_java,87011.0,1,1,0.6151592558660184,True
46213,Java,lang_java,58007.0,0,0,0.19366022068178684,True
31308,Java,lang_java,89815.0,1,1,0.5905999035756722,True
20530,Java,lang_java,34544.0,0,0,0.03926405964883672,True
12385,Java,lang_java,43985.0,0,1,0.7549811705103482,False
17565,Java,lang_java,63808.0,0,0,0.37247212067427604,True
34806,Java,lang_java,81685.0,1,1,0.7886840074532754,True
37503,Java,lang_java,36034.0,0,0,0.04472932935206508,True
12837,Java,lang_java,90491.0,1,1,0.7509754244663749,True
17930,Java,lang_java,44086.0,0,0,0.4805643563556166,True
6100,Java,lang_java,110504.0,1,1,0.6794926728078524,True
13505,Java,lang_java,100000.0,1,1,0.8725656269044454,True
37127,Java,lang_java,105573.0,1,1,0.5736097257281114,True
13146,Java,lang_java,6362.0,0,0,0.2769937945305728,True
1813,Java,lang_java,3480.0,0,1,0.757327785449163,False
20190,Java,lang_java,90000.0,1,0,0.20609759671024294,False
33918,Java,lang_java,170000.0,1,1,0.959480947939236,True
645,Java,lang_java,48726.0,0,0,0.26700980803238267,True
12243,Java,lang_java,164000.0,1,1,0.968329007472278,True
43685,Java,lang_java,4650.0,0,0,0.007097326352480373,True
28668,Java,lang_java,52207.0,0,0,0.45822846582016885,True
29665,Java,lang_java,88171.0,1,0,0.47879637503659517,False
3256,Java,lang_java,13000.0,0,0,0.3008045672243207,True
6175,Java,lang_java,3863.0,0,0,0.036316520266226046,True
24689,Java,lang_java,20000.0,0,0,0.050375875755753245,True
6470,Java,lang_java,87550.0,1,1,0.5783255107584744,True
14361,Java,lang_java,52207.0,0,0,0.35224559766355834,True
46131,Java,lang_java,139218.0,1,1,0.8836089428343138,True
36325,Java,lang_java,23248.0,0,0,0.10511484559149285,True
43428,Java,lang_java,40684.0,0,0,0.08090124582867225,True
25990,Java,lang_java,50000.0,0,0,0.026310235870987155,True
19951,Java,lang_java,15004.0,0,0,0.14204734398525284,True
41375,Java,lang_java,60000.0,0,1,0.625838479283476,False
28098,Java,lang_java,31324.0,0,0,0.07642809831294338,True
34385,Java,lang_java,6221.0,0,1,0.6969812465742439,False
26623,Java,lang_java,117014.0,1,1,0.8212886161052277,True
34789,Java,lang_java,69609.0,0,0,0.13757487539553953,True
4596,Java,lang_java,61187.0,0,0,0.004448511481091382,True
3100,Java,lang_java,30000.0,0,0,0.0039993283682115705,True
5912,Java,lang_java,4650.0,0,0,0.02815128270325958,True
49090,Java,lang_java,4650.0,0,0,0.0010831147326197262,True
15169,Java,lang_java,28772.0,0,0,0.17395081594715597,True
6011,Java,lang_java,49328.0,0,0,0.050302298976019684,True
42316,Java,lang_java,46406.0,0,1,0.6961859466498694,False
44808,Java,lang_java,110000.0,1,1,0.9670096953416671,True
49008,Java,lang_java,112334.0,1,0,0.48942555427386786,False
28594,Java,lang_java,150000.0,1,1,0.9390518072171464,True
40635,Java,lang_java,39445.0,0,0,0.09702837202783209,True
25766,Java,lang_java,58000.0,0,0,0.03648358927279657,True
4023,Java,lang_java,364859.0,1,1,0.8917576379887479,True
27969,Java,lang_java,3787.0,0,0,0.22914032452252867,True
9016,Java,lang_java,49886.0,0,0,0.1235557191644177,True
36969,Java,lang_java,92812.0,1,1,0.8289185619379419,True
20614,Java,lang_java,75410.0,0,1,0.8405285521337605,False
37045,Java,lang_java,109861.0,1,1,0.5980233726399627,True
4282,Java,lang_java,11043.0,0,0,0.018344998967578918,True
20219,Java,lang_java,103021.0,1,1,0.8485145723074399,True
9028,Java,lang_java,169024.0,1,1,0.952203920322477,True
21577,Java,lang_java,5580.0,0,0,0.00021641635965667592,True
26546,Java,lang_java,118602.0,1,0,0.09206914486913445,False
18409,Java,lang_java,75410.0,0,0,0.4164889891653258,True
3693,Java,lang_java,48726.0,0,0,0.24500952068238063,True
20142,Java,lang_java,89853.0,1,1,0.8475648053986186,True
24492,Java,lang_java,94552.0,1,1,0.7729046182910473,True
40337,Java,lang_java,18562.0,0,0,0.059494612376167745,True
41550,Java,lang_java,558.0,0,0,0.01935492610257865,True
35350,Java,lang_java,18204.0,0,0,0.033165200165789256,True
1060,Java,lang_java,91198.0,1,1,0.790476574890413,True
3490,Kotlin,lang_kotlin,53487.0,0,0,0.49840519877553924,True
36755,Kotlin,lang_kotlin,44096.0,0,0,0.09912875308089202,True
37749,Kotlin,lang_kotlin,85534.0,1,0,0.20948593017631142,False
45868,Kotlin,lang_kotlin,52007.0,0,1,0.6254569805039668,False
47170,Kotlin,lang_kotlin,43505.0,0,1,0.733472162858954,False
20665,Kotlin,lang_kotlin,80000.0,1,1,0.9369253379831284,True
2238,Kotlin,lang_kotlin,320000.0,1,1,0.9848799047029756,True
6597,Kotlin,lang_kotlin,217729.0,1,1,0.986026734052115,True
39759,Kotlin,lang_kotlin,68071.0,0,1,0.7139872070512596,False
1157,Kotlin,lang_kotlin,113615.0,1,0,0.4115889079052448,False
37554,Kotlin,lang_kotlin,100000.0,1,1,0.9733999769767477,True
19925,Kotlin,lang_kotlin,5221.0,0,1,0.6438023819769819,False
21747,Kotlin,lang_kotlin,139218.0,1,1,0.9790268122340079,True
46569,Kotlin,lang_kotlin,83531.0,1,0,0.058399338201030986,False
20662,Kotlin,lang_kotlin,27844.0,0,0,0.024613599058983877,True
42092,Kotlin,lang_kotlin,1600.0,0,0,0.47026086759119434,True
31534,Kotlin,lang_kotlin,185623.0,1,1,0.9228875243161627,True
15355,Kotlin,lang_kotlin,136392.0,1,1,0.9487953287764316,True
27259,Kotlin,lang_kotlin,10871.0,0,1,0.8413092125895353,False
11016,Kotlin,lang_kotlin,78962.0,1,1,0.6511721842618688,True
10295,Kotlin,lang_kotlin,142949.0,1,1,0.8705440597398477,True
17304,Kotlin,lang_kotlin,116015.0,1,1,0.7426603155712898,True
42011,Kotlin,lang_kotlin,173544.0,1,1,0.9311061584062433,True
46310,Kotlin,lang_kotlin,109438.0,1,1,0.8817607296587557,True
40755,Kotlin,lang_kotlin,32000.0,0,0,0.1274578191605691,True
17593,Kotlin,lang_kotlin,185989.0,1,1,0.9817906100641771,True
46142,Kotlin,lang_kotlin,125296.0,1,1,0.7699027467615239,True
14728,Kotlin,lang_kotlin,68071.0,0,1,0.598219228850785,False
12076,Kotlin,lang_kotlin,92812.0,1,1,0.7629431341505549,True
36209,Kotlin,lang_kotlin,58007.0,0,0,0.406498482392352,True
1756,Kotlin,lang_kotlin,347180.0,1,1,0.9923911339197355,True
16785,Kotlin,lang_kotlin,54580.0,0,1,0.6173028774409689,False
15771,Kotlin,lang_kotlin,240000.0,1,1,0.9825408055745601,True
803,Kotlin,lang_kotlin,160000.0,1,1,0.918678333460796,True
26521,Kotlin,lang_kotlin,130.0,0,1,0.9680144659083636,False
9950,Kotlin,lang_kotlin,61264.0,0,1,0.8183193424923804,False
4662,Kotlin,lang_kotlin,225.0,0,1,0.9970499379517151,False
3129,Kotlin,lang_kotlin,138541.0,1,1,0.8571606220012035,True
5679,Kotlin,lang_kotlin,167000.0,1,1,0.9564436175336389,True
31092,Kotlin,lang_kotlin,102972.0,1,0,0.3747655374764128,False
22573,Kotlin,lang_kotlin,330871.0,1,0,0.1268053823225574,False
1514,Kotlin,lang_kotlin,112534.0,1,1,0.885782665083345,True
44442,Kotlin,lang_kotlin,112534.0,1,1,0.5575929400384808,True
16882,Kotlin,lang_kotlin,92812.0,1,1,0.7206534359652456,True
41608,Kotlin,lang_kotlin,139218.0,1,1,0.7257463349474581,True
11324,Kotlin,lang_kotlin,34804.0,0,0,0.14219303958859061,True
21512,Kotlin,lang_kotlin,88191.0,1,1,0.5644568649155474,True
41158,Kotlin,lang_kotlin,80254.0,1,1,0.7207247240890735,True
11358,Kotlin,lang_kotlin,95016.0,1,1,0.8337863416599663,True
46058,Kotlin,lang_kotlin,83882.0,1,0,0.10032301508843153,False
2475,Kotlin,lang_kotlin,73683.0,0,0,0.2929152158737848,True
10717,Kotlin,lang_kotlin,113085.0,1,1,0.9566975007190404,True
36515,Kotlin,lang_kotlin,48726.0,0,0,0.3119940054798028,True
32405,Kotlin,lang_kotlin,136450.0,1,0,0.4775208002659164,False
40691,Kotlin,lang_kotlin,108000.0,1,1,0.9243562165759797,True
6453,Kotlin,lang_kotlin,180000.0,1,1,0.9653170763379739,True
39467,Kotlin,lang_kotlin,174022.0,1,1,0.8886279272111093,True
23852,Kotlin,lang_kotlin,120000.0,1,1,0.9809267682563453,True
14065,Kotlin,lang_kotlin,115000.0,1,1,0.8822055776663756,True
11014,Kotlin,lang_kotlin,60560.0,0,0,0.2160042613180787,True
26103,Kotlin,lang_kotlin,10462.0,0,0,0.025340168011282218,True
3177,Kotlin,lang_kotlin,78011.0,1,0,0.4818598595526352,False
12682,Kotlin,lang_kotlin,41846.0,0,0,0.2216788615784785,True
18145,Kotlin,lang_kotlin,106733.0,1,1,0.6103227521355948,True
44728,Kotlin,lang_kotlin,161191.0,1,1,0.9855376237362303,True
17356,Kotlin,lang_kotlin,83531.0,1,1,0.5509738691568261,True
17911,Kotlin,lang_kotlin,120000.0,1,1,0.9296897165407723,True
11375,Kotlin,lang_kotlin,45000.0,0,0,0.13611187835077992,True
3947,Kotlin,lang_kotlin,32764.0,0,0,0.014916064083658974,True
34258,Kotlin,lang_kotlin,58120.0,0,0,0.08642065996532204,True
17358,Kotlin,lang_kotlin,73375.0,0,0,0.357276067191782,True
29483,Kotlin,lang_kotlin,139218.0,1,1,0.793385957668568,True
26660,Kotlin,lang_kotlin,22275.0,0,0,0.06410843952307008,True
45398,Kotlin,lang_kotlin,156620.0,1,1,0.6705593785823387,True
6956,Kotlin,lang_kotlin,106871.0,1,1,0.8100204594685053,True
25947,Kotlin,lang_kotlin,83000.0,1,1,0.8175923763204072,True
4334,Kotlin,lang_kotlin,81685.0,1,0,0.42410886791573066,False
6723,Kotlin,lang_kotlin,400000.0,1,1,0.8748746117732555,True
29469,Kotlin,lang_kotlin,45688.0,0,0,0.29696898038757924,True
17548,Kotlin,lang_kotlin,65000.0,0,0,0.09968845588423557,True
42792,Kotlin,lang_kotlin,195028.0,1,1,0.9818918195117977,True
15241,Kotlin,lang_kotlin,22998.0,0,0,0.2798378497216686,True
46656,Kotlin,lang_kotlin,54580.0,0,0,0.40319109223655847,True
459,Kotlin,lang_kotlin,60000.0,0,1,0.882727724841631,False
5085,Kotlin,lang_kotlin,107795.0,1,1,0.674039014191577,True
18219,Kotlin,lang_kotlin,146312.0,1,1,0.9517286976310674,True
19513,Kotlin,lang_kotlin,130000.0,1,1,0.9267285023414114,True
36386,Kotlin,lang_kotlin,111374.0,1,1,0.5432262830036015,True
36991,Kotlin,lang_kotlin,25248.0,0,0,0.047730687400484674,True
11418,Kotlin,lang_kotlin,98612.0,1,1,0.8818982056010635,True
42901,Kotlin,lang_kotlin,6974.0,0,0,0.0022732265204644026,True
32873,Kotlin,lang_kotlin,295000.0,1,1,0.9585166053986662,True
6876,Kotlin,lang_kotlin,6974.0,0,0,0.009689407468470416,True
30466,Kotlin,lang_kotlin,83857.0,1,1,0.5738218807629865,True
36336,Kotlin,lang_kotlin,121815.0,1,1,0.5591456000961672,True
41760,Kotlin,lang_kotlin,35965.0,0,0,0.11607863600064519,True
13912,Kotlin,lang_kotlin,350000.0,1,1,0.9737491866767906,True
17830,Kotlin,lang_kotlin,89867.0,1,0,0.2611215378978215,False
42673,Kotlin,lang_kotlin,97452.0,1,1,0.6114775668447938,True
5186,Kotlin,lang_kotlin,120000.0,1,1,0.9856301652769724,True
22583,Kotlin,lang_kotlin,80000.0,1,0,0.29036606510584784,False
8817,Kotlin,lang_kotlin,92812.0,1,1,0.671807334983056,True
41520,Kotlin,lang_kotlin,98612.0,1,1,0.7306612812309081,True
29757,Kotlin,lang_kotlin,92812.0,1,1,0.7278813616684172,True
23619,Kotlin,lang_kotlin,69400.0,0,0,0.2061723286285563,True
21792,Kotlin,lang_kotlin,29060.0,0,0,0.19271082073563595,True
36992,Kotlin,lang_kotlin,45879.0,0,1,0.6146150317995083,False
38880,Kotlin,lang_kotlin,81000.0,1,1,0.8635594033246158,True
5766,Kotlin,lang_kotlin,260000.0,1,1,0.919603975841534,True
678,Kotlin,lang_kotlin,121815.0,1,1,0.720956036526183,True
37575,Kotlin,lang_kotlin,4595.0,0,0,0.18831363777498702,True
15561,Kotlin,lang_kotlin,54457.0,0,1,0.9846030817503251,False
24270,Kotlin,lang_kotlin,250000.0,1,1,0.8558170575060836,True
11668,Kotlin,lang_kotlin,112334.0,1,1,0.6215477856492103,True
11828,Kotlin,lang_kotlin,64968.0,0,0,0.4823429348158893,True
24261,Kotlin,lang_kotlin,75410.0,0,0,0.10857973059309835,True
14187,Kotlin,lang_kotlin,74761.0,0,1,0.6970614975963989,False
39303,Kotlin,lang_kotlin,108913.0,1,1,0.8037002288439072,True
27611,Kotlin,lang_kotlin,1790.0,0,0,0.0016299224621957379,True
9708,Kotlin,lang_kotlin,87011.0,1,0,0.39973508882196135,False
9349,Kotlin,lang_kotlin,50000.0,0,0,0.20472573212029357,True
3472,Kotlin,lang_kotlin,330000.0,1,1,0.9785413230496358,True
24076,Kotlin,lang_kotlin,220000.0,1,1,0.9742303200085464,True
41842,Kotlin,lang_kotlin,162523.0,1,1,0.9056864469086573,True
14884,Kotlin,lang_kotlin,36753.0,0,0,0.10844070793528088,True
39386,Kotlin,lang_kotlin,220000.0,1,1,0.974625099836446,True
4065,Kotlin,lang_kotlin,272283.0,1,1,0.9516597605089094,True
11239,Kotlin,lang_kotlin,149756.0,1,1,0.8867494640963383,True
37579,Kotlin,lang_kotlin,73541.0,0,1,0.6259912880458804,False
2333,Kotlin,lang_kotlin,10800.0,0,0,0.03612168342987341,True
15874,Kotlin,lang_kotlin,72958.0,0,1,0.7326546016478612,False
25012,Kotlin,lang_kotlin,102106.0,1,1,0.5538769848197805,True
23675,Kotlin,lang_kotlin,136141.0,1,1,0.5948068705068542,True
765,Kotlin,lang_kotlin,69609.0,0,0,0.37209384418062624,True
21263,Kotlin,lang_kotlin,60000.0,0,1,0.9406788158756728,False
44335,Kotlin,lang_kotlin,74878.0,0,1,0.6495312367740131,False
36524,Kotlin,lang_kotlin,53367.0,0,1,0.5195784405014313,False
35804,Kotlin,lang_kotlin,60000.0,0,0,0.008032409986071498,True
26902,Kotlin,lang_kotlin,87011.0,1,1,0.6036262988993816,True
4144,Kotlin,lang_kotlin,88171.0,1,1,0.7276480382392255,True
14503,Kotlin,lang_kotlin,108126.0,1,1,0.9726308427213477,True
2099,Kotlin,lang_kotlin,66709.0,0,0,0.3406941605827434,True
3205,Kotlin,lang_kotlin,315000.0,1,1,0.9490223055648045,True
4807,Kotlin,lang_kotlin,40605.0,0,0,0.11753684690375459,True
12868,Kotlin,lang_kotlin,20883.0,0,0,0.08325005687768638,True
18926,Kotlin,lang_kotlin,143356.0,1,1,0.8641467173947884,True
41219,Kotlin,lang_kotlin,185623.0,1,1,0.7683272415558939,True
31746,Kotlin,lang_kotlin,60328.0,0,1,0.7350740542056751,False
463,Kotlin,lang_kotlin,130000.0,1,1,0.8854072379906198,True
4997,Kotlin,lang_kotlin,93611.0,1,0,0.3043647645577251,False
37839,Kotlin,lang_kotlin,320000.0,1,1,0.9707407213297158,True
29219,Kotlin,lang_kotlin,104015.0,1,1,0.7144438406999346,True
11159,Kotlin,lang_kotlin,19103.0,0,0,0.009842118059278706,True
29169,Kotlin,lang_kotlin,340000.0,1,1,0.9979619244044445,True
18825,Kotlin,lang_kotlin,218875.0,1,1,0.6267785385696446,True
36284,Kotlin,lang_kotlin,111374.0,1,1,0.9287103831740033,True
46702,Kotlin,lang_kotlin,25523.0,0,0,0.08772072205629491,True
17932,Kotlin,lang_kotlin,140000.0,1,1,0.6757621991158882,True
24571,Kotlin,lang_kotlin,4214.0,0,0,0.02887673535107012,True
32561,Kotlin,lang_kotlin,200000.0,1,1,0.9943021838018966,True
9278,Kotlin,lang_kotlin,107265.0,1,1,0.9056513577093905,True
14847,Kotlin,lang_kotlin,16706.0,0,0,0.016529618796748503,True
22417,Kotlin,lang_kotlin,116015.0,1,0,0.45676183318164215,False
28167,Kotlin,lang_kotlin,127616.0,1,1,0.904717341394692,True
7024,Kotlin,lang_kotlin,6177.0,0,0,0.029961085502674626,True
48839,Kotlin,lang_kotlin,25500.0,0,0,0.07753216084910491,True
30835,Kotlin,lang_kotlin,116733.0,1,1,0.908232974813894,True
18477,Kotlin,lang_kotlin,104000.0,1,1,0.737097566473514,True
443,Kotlin,lang_kotlin,55687.0,0,0,0.41893076529070006,True
1951,Kotlin,lang_kotlin,99773.0,1,1,0.7064030500667999,True
36744,Kotlin,lang_kotlin,100000.0,1,1,0.769410547232614,True
8998,Kotlin,lang_kotlin,17982.0,0,0,0.08360037337452811,True
3986,Kotlin,lang_kotlin,41640.0,0,0,0.13848944965550486,True
11507,Kotlin,lang_kotlin,66128.0,0,0,0.3871542268730098,True
5047,Kotlin,lang_kotlin,13209.0,0,0,0.07685975449585798,True
31349,Kotlin,lang_kotlin,75472.0,0,0,0.35598174999512705,True
8074,Kotlin,lang_kotlin,78890.0,1,0,0.4767276821754223,False
46147,Kotlin,lang_kotlin,104413.0,1,1,0.5854125400499051,True
26881,Kotlin,lang_kotlin,48726.0,0,0,0.4927532229294783,True
45583,Kotlin,lang_kotlin,13922.0,0,0,0.3525214045833043,True
9787,Kotlin,lang_kotlin,76566.0,1,1,0.7415546612655985,True
27212,Kotlin,lang_kotlin,54449.0,0,0,0.288904253912923,True
3931,Kotlin,lang_kotlin,46496.0,0,0,0.20253988906354042,True
10995,Kotlin,lang_kotlin,25000.0,0,0,0.15465559610720778,True
24920,Kotlin,lang_kotlin,17402.0,0,0,0.0046233011179911115,True
38414,Kotlin,lang_kotlin,136141.0,1,1,0.9174715157627658,True
32988,Kotlin,lang_kotlin,92786.0,1,1,0.5233164124368114,True
31012,Kotlin,lang_kotlin,266834.0,1,1,0.93540951578556,True
30374,Kotlin,lang_kotlin,72000.0,0,1,0.7116965725075112,False
10978,Kotlin,lang_kotlin,23590.0,0,0,0.001936926567352363,True
13818,Kotlin,lang_kotlin,3000.0,0,0,0.05050890496997401,True
26594,Kotlin,lang_kotlin,429.0,0,0,0.0257543498288533,True
15987,Kotlin,lang_kotlin,46496.0,0,0,0.10119131044721552,True
22039,Kotlin,lang_kotlin,40684.0,0,0,0.10975582426754321,True
10769,Kotlin,lang_kotlin,154000.0,1,1,0.8686075142944363,True
38088,Kotlin,lang_kotlin,63808.0,0,1,0.5539662623576571,False
25914,Kotlin,lang_kotlin,43565.0,0,0,0.13525007507292827,True
44645,Kotlin,lang_kotlin,34804.0,0,0,0.10478438205920367,True
14176,Kotlin,lang_kotlin,87550.0,1,1,0.9082958784691576,True
29989,Kotlin,lang_kotlin,50314.0,0,0,0.23921236429930692,True
9100,Kotlin,lang_kotlin,54719.0,0,0,0.2982512317732292,True
357,Kotlin,lang_kotlin,127616.0,1,0,0.3689036331621302,False
8143,Kotlin,lang_kotlin,46406.0,0,0,0.255211228046234,True
11934,Kotlin,lang_kotlin,110000.0,1,1,0.8929727243989957,True
11972,Kotlin,lang_kotlin,43734.0,0,0,0.26064165089380925,True
28655,Kotlin,lang_kotlin,58007.0,0,0,0.3668444609120233,True
11435,Kotlin,lang_kotlin,63808.0,0,0,0.10501470295988322,True
2155,Kotlin,lang_kotlin,88960.0,1,0,0.29245197361123676,False
5092,Kotlin,lang_kotlin,140000.0,1,1,0.9557107363018048,True
26117,Kotlin,lang_kotlin,180000.0,1,1,0.9774562289732337,True
35301,Kotlin,lang_kotlin,220000.0,1,1,0.97107600033409,True
7070,Kotlin,lang_kotlin,130703.0,1,1,0.5977157109374253,True
32290,Kotlin,lang_kotlin,64674.0,0,0,0.18899422500378435,True
47257,Kotlin,lang_kotlin,7645.0,0,1,0.9274512137796322,False
46537,Kotlin,lang_kotlin,69609.0,0,0,0.4908138112571882,True
6570,Kotlin,lang_kotlin,83531.0,1,1,0.699676275873084,True
17103,Kotlin,lang_kotlin,63808.0,0,0,0.15534215249705544,True
9243,Kotlin,lang_kotlin,42413.0,0,0,0.08947143770736077,True
17879,Kotlin,lang_kotlin,58007.0,0,0,0.33008527066647536,True
21165,Kotlin,lang_kotlin,300000.0,1,1,0.9873543036914953,True
15437,Kotlin,lang_kotlin,49122.0,0,0,0.4195216290511559,True
39536,Kotlin,lang_kotlin,73089.0,0,1,0.5324663883706777,False
15072,Kotlin,lang_kotlin,136141.0,1,1,0.8242891232455178,True
13487,Kotlin,lang_kotlin,56000.0,0,0,0.38557198895211997,True
17127,Kotlin,lang_kotlin,175525.0,1,1,0.9896064271610128,True
34653,Kotlin,lang_kotlin,103702.0,1,1,0.6405880753223321,True
5294,Kotlin,lang_kotlin,185989.0,1,1,0.9812874153003963,True
47111,Kotlin,lang_kotlin,54457.0,0,0,0.45586641090370233,True
19902,Kotlin,lang_kotlin,87011.0,1,1,0.811012733906648,True
27432,Kotlin,lang_kotlin,30222.0,0,0,0.09551733341439587,True
19825,Kotlin,lang_kotlin,51046.0,0,0,0.4715461253937031,True
48719,Kotlin,lang_kotlin,92812.0,1,1,0.7507186696314163,True
26821,Kotlin,lang_kotlin,139218.0,1,1,0.9724163841547171,True
993,Kotlin,lang_kotlin,170177.0,1,1,0.9350588293098118,True
37615,Kotlin,lang_kotlin,14502.0,0,0,0.03557833365054509,True
47002,Kotlin,lang_kotlin,179823.0,1,1,0.82575902839479,True
15802,Kotlin,lang_kotlin,18900.0,0,1,0.9857119037266227,False
28788,Kotlin,lang_kotlin,210000.0,1,1,0.9674106063248414,True
4096,Kotlin,lang_kotlin,69609.0,0,1,0.5385262011220029,False
36631,Kotlin,lang_kotlin,275000.0,1,1,0.9622182029272437,True
24352,Kotlin,lang_kotlin,60000.0,0,0,0.44873607775100877,True
2413,Kotlin,lang_kotlin,60328.0,0,0,0.26090494752439214,True
50,Kotlin,lang_kotlin,117793.0,1,1,0.8153444841940091,True
22296,Kotlin,lang_kotlin,90468.0,1,1,0.7600872149493201,True
3878,Kotlin,lang_kotlin,83531.0,1,0,0.49511382487335015,False
15621,Kotlin,lang_kotlin,1160.0,0,0,0.057204616245263,True
40924,Kotlin,lang_kotlin,30796.0,0,0,0.14466862229625096,True
45627,Kotlin,lang_kotlin,150000.0,1,1,0.9822835676622717,True
22568,Kotlin,lang_kotlin,15041.0,0,0,0.06274914098589403,True
21295,Kotlin,lang_kotlin,55000.0,0,1,0.5784115796108984,False
9710,Kotlin,lang_kotlin,15111.0,0,0,0.046793028323881866,True
23184,Kotlin,lang_kotlin,46614.0,0,0,0.072150876627381,True
6343,Kotlin,lang_kotlin,108913.0,1,0,0.4952886978005018,False
2212,Kotlin,lang_kotlin,34587.0,0,0,0.1508742404240882,True
29334,Kotlin,lang_kotlin,29620.0,0,0,0.16815007116136416,True
3641,Kotlin,lang_kotlin,11624.0,0,0,0.033274948656363754,True
5145,Kotlin,lang_kotlin,37125.0,0,0,0.39289310604146604,True
29986,Kotlin,lang_kotlin,6321.0,0,0,0.006649595805581738,True
36660,Kotlin,lang_kotlin,51600.0,0,0,0.0381750745756077,True
47027,Kotlin,lang_kotlin,119392.0,1,1,0.9617742124667149,True
5171,Kotlin,lang_kotlin,81685.0,1,1,0.5481502688853657,True
20334,Kotlin,lang_kotlin,108710.0,1,0,0.48180941581304626,False
9439,Kotlin,lang_kotlin,111594.0,1,1,0.9662309086666501,True
338,Kotlin,lang_kotlin,148496.0,1,0,0.3368671229906846,False
25684,Kotlin,lang_kotlin,110214.0,1,0,0.4747502784484037,False
8673,Kotlin,lang_kotlin,143858.0,1,1,0.9013116795544014,True
18121,Kotlin,lang_kotlin,13949.0,0,0,0.13593843364668565,True
26711,Kotlin,lang_kotlin,116015.0,1,0,0.23873871361351803,False
40244,Kotlin,lang_kotlin,132000.0,1,1,0.9871685415974428,True
37877,Kotlin,lang_kotlin,129936.0,1,1,0.8968460938308631,True
3654,Kotlin,lang_kotlin,81210.0,1,1,0.6460875279229976,True
26488,Kotlin,lang_kotlin,63808.0,0,0,0.44959789145224044,True
25142,Kotlin,lang_kotlin,78000.0,1,0,0.15070697556591892,False
6770,Kotlin,lang_kotlin,100000.0,1,1,0.9083916035762368,True
5351,Kotlin,lang_kotlin,72815.0,0,0,0.19717492438718257,True
12091,Kotlin,lang_kotlin,52946.0,0,1,0.6168968109678772,False
43579,Kotlin,lang_kotlin,1698.0,0,0,0.08487077037563005,True
6053,Kotlin,lang_kotlin,60000.0,0,0,0.1239324109422215,True
25949,Kotlin,lang_kotlin,192000.0,1,1,0.9980722519939049,True
39328,Kotlin,lang_kotlin,5900.0,0,1,0.9857246614938342,False
32110,Kotlin,lang_kotlin,162523.0,1,1,0.947244199779247,True
35603,Kotlin,lang_kotlin,58120.0,0,0,0.03003327497595202,True
4888,Kotlin,lang_kotlin,130000.0,1,1,0.9571107214249371,True
37099,Kotlin,lang_kotlin,127616.0,1,1,0.6070294987600233,True
2320,Kotlin,lang_kotlin,3600.0,0,1,0.55235549606705,False
46341,Kotlin,lang_kotlin,15311.0,0,0,0.20520411506481256,True
12286,Kotlin,lang_kotlin,62409.0,0,1,0.5263659954422817,False
6537,Kotlin,lang_kotlin,56167.0,0,0,0.4016160081367223,True
4488,Kotlin,lang_kotlin,4200.0,0,0,0.07820767086137075,True
38055,Kotlin,lang_kotlin,64208.0,0,1,0.7403212561693383,False
27751,Kotlin,lang_kotlin,70000.0,0,1,0.655419059822774,False
13007,Kotlin,lang_kotlin,32748.0,0,0,0.10585520336600823,True
37473,Kotlin,lang_kotlin,85851.0,1,1,0.648175728105751,True
40688,Kotlin,lang_kotlin,109054.0,1,1,0.8615342376139176,True
2452,Kotlin,lang_kotlin,23203.0,0,0,0.34276123971260786,True
6518,Kotlin,lang_kotlin,51486.0,0,0,0.09983815056272274,True
14869,Kotlin,lang_kotlin,41515.0,0,0,0.19525090396123157,True
15612,Kotlin,lang_kotlin,145000.0,1,1,0.9543882616627887,True
4729,Kotlin,lang_kotlin,63713.0,0,0,0.3184693632589562,True
8679,Kotlin,lang_kotlin,54411.0,0,0,0.23053169012800895,True
17148,Kotlin,lang_kotlin,300000.0,1,1,0.9632990762166476,True
11919,Kotlin,lang_kotlin,81210.0,1,1,0.8279861151683572,True
46556,Kotlin,lang_kotlin,53367.0,0,1,0.5433643334976143,False
10455,Kotlin,lang_kotlin,127616.0,1,1,0.6895711731143506,True
37055,Kotlin,lang_kotlin,62648.0,0,0,0.37758721806841716,True
42997,Kotlin,lang_kotlin,51046.0,0,0,0.3014893931840304,True
2337,Kotlin,lang_kotlin,63808.0,0,0,0.2655895660511125,True
27710,Kotlin,lang_kotlin,69609.0,0,0,0.48552317602444467,True
13716,Kotlin,lang_kotlin,27992.0,0,0,0.2328275541490912,True
37304,Kotlin,lang_kotlin,35684.0,0,1,0.6322379707205708,False
35217,Kotlin,lang_kotlin,81210.0,1,1,0.7175053666953596,True
32680,Kotlin,lang_kotlin,83531.0,1,1,0.8248220721370745,True
40322,Kotlin,lang_kotlin,35497.0,0,0,0.05468603551303942,True
27709,Kotlin,lang_kotlin,133417.0,1,1,0.728943744311676,True
17400,Kotlin,lang_kotlin,5801.0,0,1,0.5167508214089487,False
537,Kotlin,lang_kotlin,104822.0,1,1,0.7511935304976105,True
3614,Kotlin,lang_kotlin,66128.0,0,1,0.7832409340864827,False
28406,Kotlin,lang_kotlin,4481.0,0,0,0.008602703883187337,True
28479,Kotlin,lang_kotlin,575.0,0,0,0.06218621840981941,True
22757,Kotlin,lang_kotlin,140000.0,1,1,0.9611461706096383,True
12571,Kotlin,lang_kotlin,1162.0,0,0,0.14812931879102822,True
40744,Kotlin,lang_kotlin,116733.0,1,1,0.6237748451897389,True
4,Kotlin,lang_kotlin,36197.0,0,0,0.1127092412027588,True
30670,Kotlin,lang_kotlin,509.0,0,0,0.10490098880384158,True
17090,Kotlin,lang_kotlin,60796.0,0,0,0.4004187610176075,True
5347,Kotlin,lang_kotlin,75410.0,0,1,0.6979552637679163,False
9815,Kotlin,lang_kotlin,16242.0,0,0,0.0015878417686962312,True
18148,Kotlin,lang_kotlin,23665.0,0,0,0.09845675670317992,True
22093,Kotlin,lang_kotlin,60000.0,0,0,0.16890123710533356,True
40472,Kotlin,lang_kotlin,120145.0,1,1,0.800751485056704,True
47986,Kotlin,lang_kotlin,298.0,0,0,0.03859919939629006,True
45754,Kotlin,lang_kotlin,50000.0,0,0,0.06996453222909112,True
30325,Kotlin,lang_kotlin,64709.0,0,0,0.1485686637146129,True
45620,Kotlin,lang_kotlin,201000.0,1,1,0.8668686509037599,True
10814,Kotlin,lang_kotlin,32484.0,0,0,0.013146836221327108,True
13884,Kotlin,lang_kotlin,83531.0,1,1,0.5385430557100067,True
31683,Kotlin,lang_kotlin,77150.0,1,1,0.8439690532328763,True
45069,Kotlin,lang_kotlin,348.0,0,0,0.028421147043072463,True
19563,Kotlin,lang_kotlin,116256.0,1,0,0.26248616129666236,False
42552,Kotlin,lang_kotlin,139054.0,1,1,0.8888448039845337,True
9870,Kotlin,lang_kotlin,150819.0,1,1,0.8840520730471294,True
37068,Kotlin,lang_kotlin,46337.0,0,0,0.09012810144191408,True
20240,Kotlin,lang_kotlin,1187.0,0,0,0.041780846613781925,True
14669,Kotlin,lang_kotlin,81210.0,1,0,0.36651718337302874,False
5060,Kotlin,lang_kotlin,3641.0,0,0,0.08432953480687885,True
6120,Kotlin,lang_kotlin,92812.0,1,1,0.608122467408356,True
44662,Kotlin,lang_kotlin,97452.0,1,1,0.802669341721956,True
14074,Kotlin,lang_kotlin,120000.0,1,1,0.7992113390293067,True
24218,Kotlin,lang_kotlin,208826.0,1,0,0.49128159431865975,False
34376,Kotlin,lang_kotlin,9299.0,0,0,0.03605349351283849,True
28235,Kotlin,lang_kotlin,623.0,0,0,0.05052832044284526,True
32690,Kotlin,lang_kotlin,44096.0,0,0,0.07068049056245114,True
15097,Kotlin,lang_kotlin,3564.0,0,0,0.04909549016863536,True
44795,Kotlin,lang_kotlin,23203.0,0,0,0.044780301951320586,True
11318,Kotlin,lang_kotlin,10403.0,0,0,0.04653599697599064,True
17774,Kotlin,lang_kotlin,80050.0,1,1,0.7144259779608703,True
45028,Kotlin,lang_kotlin,45400.0,0,1,0.7049417971993585,False
1301,Kotlin,lang_kotlin,190000.0,1,1,0.9130862813211573,True
46120,Kotlin,lang_kotlin,139218.0,1,1,0.9763410755509562,True
26343,Kotlin,lang_kotlin,71278.0,0,0,0.13680911591854164,True
1054,Kotlin,lang_kotlin,46406.0,0,0,0.22195273946909552,True
26538,Kotlin,lang_kotlin,18204.0,0,0,0.040082848755063676,True
44285,Kotlin,lang_kotlin,30297.0,0,0,0.09861818337609948,True
24121,Kotlin,lang_kotlin,173000.0,1,1,0.9924855572955866,True
10685,Kotlin,lang_kotlin,161191.0,1,1,0.9882990374076963,True
45916,Kotlin,lang_kotlin,1000.0,0,0,0.04678067842086365,True
44035,Kotlin,lang_kotlin,6940.0,0,0,0.06396063108465334,True
41260,Kotlin,lang_kotlin,54212.0,0,0,0.13567594318950607,True
28892,Kotlin,lang_kotlin,42111.0,0,0,0.06439618854063046,True
37032,Kotlin,lang_kotlin,19722.0,0,0,0.005191280583300491,True
16550,Kotlin,lang_kotlin,43689.0,0,0,0.41729139998599907,True
43089,Kotlin,lang_kotlin,3500.0,0,0,0.08846917898634057,True
35274,Kotlin,lang_kotlin,145000.0,1,1,0.9581660463435299,True
5936,Kotlin,lang_kotlin,149756.0,1,1,0.7469054061402183,True
19799,Kotlin,lang_kotlin,73553.0,0,1,0.5276414932821667,False
29509,Kotlin,lang_kotlin,14000.0,0,0,0.058218979844300404,True
9982,Kotlin,lang_kotlin,73089.0,0,1,0.7266711111567201,False
47349,Kotlin,lang_kotlin,100933.0,1,1,0.7311951190465287,True
15631,Kotlin,lang_kotlin,112334.0,1,0,0.41085233298138646,False
25455,Kotlin,lang_kotlin,10864.0,0,0,0.01915439266835558,True
30,Kotlin,lang_kotlin,205000.0,1,1,0.9825441183333122,True
31310,Kotlin,lang_kotlin,88846.0,1,1,0.8105665465134,True
34470,Kotlin,lang_kotlin,67289.0,0,0,0.4135978449049426,True
33666,Kotlin,lang_kotlin,69609.0,0,1,0.8387900485399807,False
19093,Kotlin,lang_kotlin,205000.0,1,1,0.9965557298353241,True
44958,Kotlin,lang_kotlin,218875.0,1,1,0.9514436755160837,True
5757,Kotlin,lang_kotlin,34804.0,0,0,0.11317671923226193,True
27653,Kotlin,lang_kotlin,371247.0,1,1,0.8904943889432251,True
39756,Kotlin,lang_kotlin,47650.0,0,0,0.4050427304176401,True
25693,Kotlin,lang_kotlin,75000.0,0,1,0.7872689559958868,False
9532,Kotlin,lang_kotlin,162421.0,1,1,0.8613703262190054,True
1879,Kotlin,lang_kotlin,102106.0,1,1,0.6561113564844159,True
2599,Kotlin,lang_kotlin,69609.0,0,1,0.6387029679972557,False
20249,Kotlin,lang_kotlin,59167.0,0,0,0.386630261777185,True
48683,Kotlin,lang_kotlin,75000.0,0,1,0.6290889486539698,False
6076,Kotlin,lang_kotlin,32727.0,0,0,0.12859449985787777,True
4631,Kotlin,lang_kotlin,92812.0,1,0,0.4586193877564634,False
20962,Kotlin,lang_kotlin,87011.0,1,1,0.6999271873178025,True
27721,Kotlin,lang_kotlin,98000.0,1,1,0.7435724799766453,True
3984,Kotlin,lang_kotlin,155895.0,1,1,0.9213457730568221,True
25165,Kotlin,lang_kotlin,6974.0,0,0,0.08222257943396609,True
7027,Kotlin,lang_kotlin,92812.0,1,1,0.7510003636306571,True
15147,Kotlin,lang_kotlin,200000.0,1,1,0.9430790771643139,True
47285,Kotlin,lang_kotlin,116015.0,1,1,0.5621669443329995,True
9646,Kotlin,lang_kotlin,46406.0,0,0,0.28090892957657126,True
5693,Kotlin,lang_kotlin,110000.0,1,1,0.7083891400008638,True
28899,Kotlin,lang_kotlin,34804.0,0,0,0.3618994021372259,True
5842,Kotlin,lang_kotlin,225000.0,1,1,0.9739087672316239,True
15033,Kotlin,lang_kotlin,92812.0,1,0,0.1940695433113222,False
16165,Kotlin,lang_kotlin,8718.0,0,0,0.034822612956992495,True
10012,Kotlin,lang_kotlin,69609.0,0,0,0.39030857850371914,True
41472,Kotlin,lang_kotlin,29847.0,0,0,0.04901571659672634,True
34908,Kotlin,lang_kotlin,65786.0,0,0,0.33471617851157975,True
9944,Kotlin,lang_kotlin,88492.0,1,1,0.7900640629281557,True
29990,Kotlin,lang_kotlin,97452.0,1,0,0.3831982641792886,False
3912,Kotlin,lang_kotlin,69609.0,0,1,0.5753779160072007,False
15812,Kotlin,lang_kotlin,75000.0,0,1,0.6103260728299993,False
4197,Kotlin,lang_kotlin,95299.0,1,1,0.8645627500858528,True
12096,Kotlin,lang_kotlin,800.0,0,1,0.9767922147573926,False
4922,Kotlin,lang_kotlin,122527.0,1,1,0.7903089722666924,True
27172,Kotlin,lang_kotlin,76570.0,1,0,0.3586632341546336,False
14892,Kotlin,lang_kotlin,81210.0,1,1,0.8022786616461056,True
31221,Kotlin,lang_kotlin,23203.0,0,0,0.009927484407642032,True
4864,Kotlin,lang_kotlin,92812.0,1,1,0.7745941678925378,True
31256,Kotlin,lang_kotlin,42416.0,0,0,0.19559874737777713,True
10021,Kotlin,lang_kotlin,48726.0,0,0,0.4234044912820502,True
26633,Kotlin,lang_kotlin,110000.0,1,1,0.7299415690228918,True
35375,Kotlin,lang_kotlin,240000.0,1,1,0.9233877065636402,True
45137,Kotlin,lang_kotlin,69609.0,0,0,0.24497175319482473,True
27579,Kotlin,lang_kotlin,92812.0,1,0,0.4567887412573583,False
35596,Kotlin,lang_kotlin,100000.0,1,1,0.9300450909976723,True
13686,Kotlin,lang_kotlin,185623.0,1,1,0.7361886525943904,True
40052,Kotlin,lang_kotlin,87011.0,1,1,0.7632356865876887,True
15056,Kotlin,lang_kotlin,195280.0,1,1,0.9735363432251054,True
11922,Kotlin,lang_kotlin,134577.0,1,1,0.8231688422258637,True
6696,Kotlin,lang_kotlin,161191.0,1,1,0.977781492468667,True
26984,Kotlin,lang_kotlin,116015.0,1,1,0.8194972051700385,True
38640,Kotlin,lang_kotlin,80050.0,1,1,0.7413531439063209,True
31308,Kotlin,lang_kotlin,89815.0,1,1,0.5905999035756722,True
12385,Kotlin,lang_kotlin,43985.0,0,1,0.7549811705103482,False
11840,Kotlin,lang_kotlin,2790.0,0,0,0.02150876590671794,True
17930,Kotlin,lang_kotlin,44086.0,0,0,0.4805643563556166,True
13505,Kotlin,lang_kotlin,100000.0,1,1,0.8725656269044454,True
37127,Kotlin,lang_kotlin,105573.0,1,1,0.5736097257281114,True
28847,Kotlin,lang_kotlin,16383.0,0,0,0.2940697440234355,True
32332,Kotlin,lang_kotlin,500.0,0,0,0.03898908344474967,True
35427,Kotlin,lang_kotlin,92812.0,1,1,0.5362332524978478,True
18917,Kotlin,lang_kotlin,83857.0,1,1,0.5146087770898732,True
14361,Kotlin,lang_kotlin,52207.0,0,0,0.35224559766355834,True
43428,Kotlin,lang_kotlin,40684.0,0,0,0.08090124582867225,True
25990,Kotlin,lang_kotlin,50000.0,0,0,0.026310235870987155,True
10765,Kotlin,lang_kotlin,150000.0,1,1,0.9259103464809781,True
34385,Kotlin,lang_kotlin,6221.0,0,1,0.6969812465742439,False
5912,Kotlin,lang_kotlin,4650.0,0,0,0.02815128270325958,True
40635,Kotlin,lang_kotlin,39445.0,0,0,0.09702837202783209,True
9016,Kotlin,lang_kotlin,49886.0,0,0,0.1235557191644177,True
17269,Kotlin,lang_kotlin,99953.0,1,1,0.6532076673973174,True
683,Kotlin,lang_kotlin,41765.0,0,0,0.424722580778323,True
9028,Kotlin,lang_kotlin,169024.0,1,1,0.952203920322477,True
21577,Kotlin,lang_kotlin,5580.0,0,0,0.00021641635965667592,True
26546,Kotlin,lang_kotlin,118602.0,1,0,0.09206914486913445,False
40337,Kotlin,lang_kotlin,18562.0,0,0,0.059494612376167745,True
36799,Kotlin,lang_kotlin,30000.0,0,0,0.15662134157048685,True
1060,Kotlin,lang_kotlin,91198.0,1,1,0.790476574890413,True
24440,Scala,lang_scala,240000.0,1,1,0.9529660979569738,True
47170,Scala,lang_scala,43505.0,0,1,0.733472162858954,False
20665,Scala,lang_scala,80000.0,1,1,0.9369253379831284,True
6597,Scala,lang_scala,217729.0,1,1,0.986026734052115,True
30478,Scala,lang_scala,204212.0,1,1,0.8895767566868091,True
21747,Scala,lang_scala,139218.0,1,1,0.9790268122340079,True
20310,Scala,lang_scala,14879.0,0,1,0.9924936995768319,False
40534,Scala,lang_scala,120000.0,1,1,0.9901016692873577,True
19012,Scala,lang_scala,400000.0,1,1,0.9386153683837879,True
24774,Scala,lang_scala,83571.0,1,0,0.3083268096867675,False
37602,Scala,lang_scala,270000.0,1,1,0.9928903730508867,True
31092,Scala,lang_scala,102972.0,1,0,0.3747655374764128,False
21512,Scala,lang_scala,88191.0,1,1,0.5644568649155474,True
41158,Scala,lang_scala,80254.0,1,1,0.7207247240890735,True
46058,Scala,lang_scala,83882.0,1,0,0.10032301508843153,False
42914,Scala,lang_scala,127616.0,1,1,0.6786974990276015,True
17356,Scala,lang_scala,83531.0,1,1,0.5509738691568261,True
35093,Scala,lang_scala,34872.0,0,0,0.2038502460315171,True
44746,Scala,lang_scala,306.0,0,0,0.010918971323688713,True
15133,Scala,lang_scala,60000.0,0,1,0.5901785167918596,False
39066,Scala,lang_scala,185623.0,1,1,0.6240101527338886,True
36336,Scala,lang_scala,121815.0,1,1,0.5591456000961672,True
8928,Scala,lang_scala,6000.0,0,0,0.09039144272630951,True
45591,Scala,lang_scala,96660.0,1,1,0.9452276429871386,True
7769,Scala,lang_scala,240000.0,1,1,0.9752387811907544,True
38249,Scala,lang_scala,39000.0,0,1,0.8704718568151734,False
11239,Scala,lang_scala,149756.0,1,1,0.8867494640963383,True
47577,Scala,lang_scala,155000.0,1,1,0.942439179324476,True
34363,Scala,lang_scala,69609.0,0,1,0.6438005879171873,False
28222,Scala,lang_scala,140417.0,1,0,0.4291545534282583,False
12868,Scala,lang_scala,20883.0,0,0,0.08325005687768638,True
36460,Scala,lang_scala,350000.0,1,1,0.9856345617709886,True
5576,Scala,lang_scala,4873.0,0,0,0.006315915515920146,True
48818,Scala,lang_scala,180000.0,1,1,0.942489701956412,True
19705,Scala,lang_scala,79315.0,1,1,0.899262700281881,True
22039,Scala,lang_scala,40684.0,0,0,0.10975582426754321,True
44645,Scala,lang_scala,34804.0,0,0,0.10478438205920367,True
43547,Scala,lang_scala,115.0,0,0,0.19021182929197564,True
6970,Scala,lang_scala,4073.0,0,0,0.0028940332116914355,True
11600,Scala,lang_scala,58367.0,0,1,0.6813668188489918,False
26117,Scala,lang_scala,180000.0,1,1,0.9774562289732337,True
10644,Scala,lang_scala,5801.0,0,0,0.0189657825015408,True
38142,Scala,lang_scala,81210.0,1,0,0.33196681512903375,False
17127,Scala,lang_scala,175525.0,1,1,0.9896064271610128,True
22315,Scala,lang_scala,34804.0,0,0,0.10200045874124616,True
20269,Scala,lang_scala,82906.0,1,0,0.40559384274237925,False
47002,Scala,lang_scala,179823.0,1,1,0.82575902839479,True
5426,Scala,lang_scala,138621.0,1,1,0.7551032533403819,True
43904,Scala,lang_scala,130000.0,1,1,0.9833447385961532,True
45627,Scala,lang_scala,150000.0,1,1,0.9822835676622717,True
38807,Scala,lang_scala,159000.0,1,1,0.9786674452837193,True
37877,Scala,lang_scala,129936.0,1,1,0.8968460938308631,True
19311,Scala,lang_scala,44096.0,0,0,0.059827385008877534,True
39328,Scala,lang_scala,5900.0,0,1,0.9857246614938342,False
522,Scala,lang_scala,55511.0,0,0,0.2743119064844648,True
20293,Scala,lang_scala,56167.0,0,1,0.5361496416184636,False
27184,Scala,lang_scala,40842.0,0,0,0.4976744530751371,True
2452,Scala,lang_scala,23203.0,0,0,0.34276123971260786,True
34050,Scala,lang_scala,230000.0,1,1,0.9856546185259455,True
10455,Scala,lang_scala,127616.0,1,1,0.6895711731143506,True
26391,Scala,lang_scala,40048.0,0,0,0.23626570818127018,True
26863,Scala,lang_scala,232029.0,1,1,0.8930403432302244,True
40322,Scala,lang_scala,35497.0,0,0,0.05468603551303942,True
15822,Scala,lang_scala,116015.0,1,0,0.3933184675684031,False
22589,Scala,lang_scala,153436.0,1,0,0.045680391733143165,False
12571,Scala,lang_scala,1162.0,0,0,0.14812931879102822,True
38591,Scala,lang_scala,2322.0,0,0,0.07386030913827991,True
19563,Scala,lang_scala,116256.0,1,0,0.26248616129666236,False
38159,Scala,lang_scala,1208.0,0,0,0.05974081912056537,True
38134,Scala,lang_scala,32547.0,0,0,0.20053309761693325,True
44974,Scala,lang_scala,190000.0,1,1,0.9843507907747361,True
16498,Scala,lang_scala,74249.0,0,0,0.42620149907588145,True
18281,Scala,lang_scala,1361.0,0,0,0.015680667761156446,True
25707,Scala,lang_scala,2904.0,0,1,0.5107468536217289,False
1748,Scala,lang_scala,71929.0,0,1,0.6147190989863079,False
43899,Scala,lang_scala,50372.0,0,1,0.7150187131583797,False
2819,Scala,lang_scala,60328.0,0,0,0.3123182040457546,True
27943,Scala,lang_scala,6202.0,0,0,0.2762533149919509,True
44958,Scala,lang_scala,218875.0,1,1,0.9514436755160837,True
27653,Scala,lang_scala,371247.0,1,1,0.8904943889432251,True
4042,Scala,lang_scala,2729.0,0,0,0.0051990044487013835,True
37148,Scala,lang_scala,250000.0,1,1,0.9664498496184144,True
2985,Scala,lang_scala,200000.0,1,1,0.9464501602614832,True
18404,Scala,lang_scala,141595.0,1,1,0.5423519424274292,True
5842,Scala,lang_scala,225000.0,1,1,0.9739087672316239,True
38148,Scala,lang_scala,93972.0,1,1,0.7470400650037268,True
30776,Scala,lang_scala,12000.0,0,0,0.01822980436362185,True
1322,Scala,lang_scala,200000.0,1,1,0.9843846313539985,True
33057,Scala,lang_scala,125000.0,1,1,0.8700956012981926,True
15812,Scala,lang_scala,75000.0,0,1,0.6103260728299993,False
22696,Scala,lang_scala,93000.0,1,1,0.9294850884004499,True
42682,Scala,lang_scala,386000.0,1,1,0.9931992513788044,True
196,Scala,lang_scala,108000.0,1,0,0.44970523670041057,False
16496,Scala,lang_scala,46969.0,0,1,0.5447327806702772,False
6951,Scala,lang_scala,162421.0,1,0,0.4113062559363858,False
11216,Scala,lang_scala,200000.0,1,1,0.9790328115345796,True
5452,Scala,lang_scala,150000.0,1,1,0.9718866560274806,True
26508,Scala,lang_scala,57342.0,0,0,0.24556693773737925,True
12385,Scala,lang_scala,43985.0,0,1,0.7549811705103482,False
11051,Scala,lang_scala,169000.0,1,1,0.8426628722390956,True
15428,Scala,lang_scala,96000.0,1,1,0.9647760070732989,True
35494,Scala,lang_scala,116015.0,1,1,0.5046312309988759,True
37422,Scala,lang_scala,230000.0,1,1,0.9926286529283654,True
20142,Scala,lang_scala,89853.0,1,1,0.8475648053986186,True
47215,JavaScript,lang_javascript,69600.0,0,0,0.3735561426650428,True
16380,JavaScript,lang_javascript,40605.0,0,0,0.4308283745824916,True
13692,JavaScript,lang_javascript,58007.0,0,0,0.35876323331252097,True
48928,JavaScript,lang_javascript,104413.0,1,1,0.705111502018957,True
19436,JavaScript,lang_javascript,83571.0,1,0,0.04546485480340267,False
13138,JavaScript,lang_javascript,47650.0,0,0,0.10053321258203331,True
19763,JavaScript,lang_javascript,182026.0,1,1,0.9655802999956778,True
7420,JavaScript,lang_javascript,106733.0,1,0,0.2414804031637187,False
4054,JavaScript,lang_javascript,1590.0,0,0,0.0310856866632049,True
32836,JavaScript,lang_javascript,63808.0,0,0,0.40712245760875815,True
4564,JavaScript,lang_javascript,150000.0,1,1,0.7414040276788794,True
36755,JavaScript,lang_javascript,44096.0,0,0,0.09912875308089202,True
40334,JavaScript,lang_javascript,11880.0,0,0,0.024267576330100356,True
11284,JavaScript,lang_javascript,34035.0,0,0,0.4049597771813877,True
543,JavaScript,lang_javascript,125000.0,1,1,0.8378517659649127,True
14865,JavaScript,lang_javascript,200000.0,1,1,0.9885920298758474,True
6114,JavaScript,lang_javascript,195028.0,1,1,0.758880350670327,True
15528,JavaScript,lang_javascript,87550.0,1,1,0.650908992892454,True
6810,JavaScript,lang_javascript,170000.0,1,1,0.9858938849873492,True
40767,JavaScript,lang_javascript,87011.0,1,1,0.5362833734523454,True
600,JavaScript,lang_javascript,2221.0,0,0,0.031391002846678784,True
13828,JavaScript,lang_javascript,81210.0,1,0,0.07895909476437124,False
28083,JavaScript,lang_javascript,139218.0,1,0,0.21789033798897733,False
3762,JavaScript,lang_javascript,1198.0,0,0,0.12293025601155506,True
36533,JavaScript,lang_javascript,206910.0,1,1,0.921047137629642,True
45868,JavaScript,lang_javascript,52007.0,0,1,0.6254569805039668,False
1052,JavaScript,lang_javascript,73100.0,0,1,0.763056373696724,False
1308,JavaScript,lang_javascript,8100.0,0,0,0.012297898645310378,True
1887,JavaScript,lang_javascript,8237.0,0,0,0.004925637812350461,True
16774,JavaScript,lang_javascript,45195.0,0,0,0.15185678972538683,True
47170,JavaScript,lang_javascript,43505.0,0,1,0.733472162858954,False
46054,JavaScript,lang_javascript,58120.0,0,0,0.06476569677049036,True
20665,JavaScript,lang_javascript,80000.0,1,1,0.9369253379831284,True
15902,JavaScript,lang_javascript,80000.0,1,1,0.9541258717849302,True
2238,JavaScript,lang_javascript,320000.0,1,1,0.9848799047029756,True
10415,JavaScript,lang_javascript,92812.0,1,0,0.2709287386377097,False
35577,JavaScript,lang_javascript,34122.0,0,0,0.26114212748579213,True
15533,JavaScript,lang_javascript,110000.0,1,1,0.7597816669990174,True
42591,JavaScript,lang_javascript,13322.0,0,0,0.08673524489108501,True
15762,JavaScript,lang_javascript,120000.0,1,1,0.9766520140890527,True
3165,JavaScript,lang_javascript,131000.0,1,1,0.919562131380862,True
31063,JavaScript,lang_javascript,15786.0,0,0,0.11943980360774407,True
18656,JavaScript,lang_javascript,52207.0,0,0,0.07695000010725021,True
16659,JavaScript,lang_javascript,6553.0,0,0,0.0044019087102418345,True
39759,JavaScript,lang_javascript,68071.0,0,1,0.7139872070512596,False
35832,JavaScript,lang_javascript,108710.0,1,1,0.8323815911681667,True
17131,JavaScript,lang_javascript,148791.0,1,1,0.8629808688209808,True
16956,JavaScript,lang_javascript,148791.0,1,1,0.955978366290725,True
30517,JavaScript,lang_javascript,150000.0,1,1,0.8407585629151982,True
1157,JavaScript,lang_javascript,113615.0,1,0,0.4115889079052448,False
22446,JavaScript,lang_javascript,11790.0,0,0,0.030845764576213876,True
36766,JavaScript,lang_javascript,145500.0,1,1,0.9864251274011018,True
47372,JavaScript,lang_javascript,63808.0,0,0,0.0703301923234885,True
190,JavaScript,lang_javascript,3371.0,0,0,0.09262725736551619,True
17212,JavaScript,lang_javascript,118000.0,1,1,0.8729823783837102,True
26780,JavaScript,lang_javascript,108913.0,1,1,0.5322805968892628,True
37554,JavaScript,lang_javascript,100000.0,1,1,0.9733999769767477,True
37235,JavaScript,lang_javascript,85851.0,1,0,0.17040509481593122,False
12221,JavaScript,lang_javascript,142949.0,1,1,0.7438279628975217,True
5965,JavaScript,lang_javascript,367.0,0,0,0.017534269562538438,True
29642,JavaScript,lang_javascript,85954.0,1,0,0.4495396979950014,False
483,JavaScript,lang_javascript,210000.0,1,1,0.7436251232537747,True
45519,JavaScript,lang_javascript,192000.0,1,1,0.9166294919417342,True
37293,JavaScript,lang_javascript,15082.0,0,0,0.06513278349178846,True
6577,JavaScript,lang_javascript,102142.0,1,1,0.7645783882373614,True
12729,JavaScript,lang_javascript,119805.0,1,1,0.6608568923234983,True
45975,JavaScript,lang_javascript,180000.0,1,1,0.9812033489029536,True
4019,JavaScript,lang_javascript,65348.0,0,1,0.7640129915872735,False
15488,JavaScript,lang_javascript,38112.0,0,0,0.09893985825922745,True
30478,JavaScript,lang_javascript,204212.0,1,1,0.8895767566868091,True
19925,JavaScript,lang_javascript,5221.0,0,1,0.6438023819769819,False
21747,JavaScript,lang_javascript,139218.0,1,1,0.9790268122340079,True
44601,JavaScript,lang_javascript,170000.0,1,1,0.9375557932810056,True
48653,JavaScript,lang_javascript,162421.0,1,1,0.9090886781465076,True
46569,JavaScript,lang_javascript,83531.0,1,0,0.058399338201030986,False
45676,JavaScript,lang_javascript,125468.0,1,1,0.8119290089197794,True
20662,JavaScript,lang_javascript,27844.0,0,0,0.024613599058983877,True
1699,JavaScript,lang_javascript,17558.0,0,0,0.0363179293772963,True
18208,JavaScript,lang_javascript,250000.0,1,1,0.988413662913059,True
43835,JavaScript,lang_javascript,18598.0,0,0,0.029348529501213083,True
2053,JavaScript,lang_javascript,9532.0,0,0,0.04973586897359632,True
44406,JavaScript,lang_javascript,132057.0,1,1,0.6543178204057558,True
20390,JavaScript,lang_javascript,46496.0,0,0,0.02639378726466883,True
17791,JavaScript,lang_javascript,38285.0,0,0,0.04358495090831051,True
15625,JavaScript,lang_javascript,41765.0,0,0,0.21448899256765558,True
40694,JavaScript,lang_javascript,87011.0,1,1,0.5553502295063224,True
5937,JavaScript,lang_javascript,46496.0,0,0,0.09163276521686188,True
11253,JavaScript,lang_javascript,78930.0,1,0,0.20404005273674955,False
13904,JavaScript,lang_javascript,125000.0,1,1,0.7906951718938863,True
14600,JavaScript,lang_javascript,220428.0,1,1,0.7430942761015044,True
20310,JavaScript,lang_javascript,14879.0,0,1,0.9924936995768319,False
3798,JavaScript,lang_javascript,152511.0,1,1,0.945422268216303,True
8527,JavaScript,lang_javascript,200000.0,1,1,0.9830079599750328,True
2403,JavaScript,lang_javascript,127616.0,1,1,0.5380523003630545,True
43681,JavaScript,lang_javascript,65528.0,0,0,0.21825450121058093,True
2559,JavaScript,lang_javascript,75410.0,0,0,0.44369055687321335,True
41963,JavaScript,lang_javascript,88960.0,1,1,0.5244060063001104,True
34329,JavaScript,lang_javascript,50496.0,0,0,0.16242337329436426,True
24562,JavaScript,lang_javascript,122527.0,1,1,0.5261822513379655,True
42092,JavaScript,lang_javascript,1600.0,0,0,0.47026086759119434,True
17241,JavaScript,lang_javascript,80000.0,1,0,0.21445277339788282,False
31534,JavaScript,lang_javascript,185623.0,1,1,0.9228875243161627,True
6562,JavaScript,lang_javascript,53135.0,0,0,0.19803478585118828,True
1689,JavaScript,lang_javascript,58007.0,0,0,0.4745115696912473,True
40534,JavaScript,lang_javascript,120000.0,1,1,0.9901016692873577,True
12123,JavaScript,lang_javascript,150000.0,1,1,0.7870002592591803,True
36331,JavaScript,lang_javascript,145000.0,1,1,0.9506084132670262,True
34887,JavaScript,lang_javascript,86163.0,1,0,0.3882786872875675,False
17852,JavaScript,lang_javascript,185000.0,1,1,0.9624634370214549,True
15355,JavaScript,lang_javascript,136392.0,1,1,0.9487953287764316,True
13328,JavaScript,lang_javascript,37125.0,0,0,0.28524511308673656,True
12680,JavaScript,lang_javascript,78616.0,1,1,0.751999993634409,True
2787,JavaScript,lang_javascript,40605.0,0,0,0.2034678602201018,True
27135,JavaScript,lang_javascript,12786.0,0,0,0.014576861250077984,True
44750,JavaScript,lang_javascript,69609.0,0,0,0.49335679865626353,True
20160,JavaScript,lang_javascript,10462.0,0,0,0.031659626593492564,True
10180,JavaScript,lang_javascript,136141.0,1,1,0.738672664453657,True
27025,JavaScript,lang_javascript,40605.0,0,0,0.02355812925362072,True
3609,JavaScript,lang_javascript,96292.0,1,0,0.4578992468647229,False
38209,JavaScript,lang_javascript,81210.0,1,1,0.627225866922222,True
14059,JavaScript,lang_javascript,168000.0,1,1,0.9024744105893133,True
65,JavaScript,lang_javascript,14850.0,0,0,0.00202260375344939,True
1733,JavaScript,lang_javascript,146329.0,1,1,0.763568482652794,True
29979,JavaScript,lang_javascript,54527.0,0,0,0.4176172197553719,True
35656,JavaScript,lang_javascript,68260.0,0,0,0.4303826381141935,True
25737,JavaScript,lang_javascript,91018.0,1,0,0.15783159855720896,False
26422,JavaScript,lang_javascript,64927.0,0,0,0.13067771385848528,True
13810,JavaScript,lang_javascript,14681.0,0,0,0.046242428421855324,True
2143,JavaScript,lang_javascript,65528.0,0,0,0.16650483435231758,True
5473,JavaScript,lang_javascript,120000.0,1,1,0.9024025530408106,True
6216,JavaScript,lang_javascript,52207.0,0,0,0.420014093271,True
2884,JavaScript,lang_javascript,36407.0,0,0,0.11731130589564207,True
30439,JavaScript,lang_javascript,60328.0,0,0,0.4134322210409075,True
45186,JavaScript,lang_javascript,23203.0,0,0,0.10924489285368132,True
45954,JavaScript,lang_javascript,87011.0,1,1,0.6172205961585225,True
48789,JavaScript,lang_javascript,75893.0,0,0,0.1365017372337484,True
32298,JavaScript,lang_javascript,148394.0,1,1,0.7848187205345735,True
18889,JavaScript,lang_javascript,112000.0,1,1,0.8840094542966911,True
6491,JavaScript,lang_javascript,36223.0,0,0,0.36995966904673,True
40000,JavaScript,lang_javascript,87011.0,1,1,0.7059747547264158,True
27259,JavaScript,lang_javascript,10871.0,0,1,0.8413092125895353,False
24774,JavaScript,lang_javascript,83571.0,1,0,0.3083268096867675,False
6678,JavaScript,lang_javascript,140000.0,1,1,0.92151949282284,True
18938,JavaScript,lang_javascript,65663.0,0,1,0.532928367447909,False
12826,JavaScript,lang_javascript,116015.0,1,0,0.08517912794003275,False
11016,JavaScript,lang_javascript,78962.0,1,1,0.6511721842618688,True
16108,JavaScript,lang_javascript,60377.0,0,0,0.1297595304691518,True
31452,JavaScript,lang_javascript,49886.0,0,0,0.33495430165114193,True
25843,JavaScript,lang_javascript,14199.0,0,0,0.05983540367931074,True
21682,JavaScript,lang_javascript,98447.0,1,0,0.4272812064659016,False
17532,JavaScript,lang_javascript,89853.0,1,1,0.7188156922655122,True
12193,JavaScript,lang_javascript,140000.0,1,0,0.3200634412729249,False
2124,JavaScript,lang_javascript,100000.0,1,1,0.8596413457681619,True
20432,JavaScript,lang_javascript,13922.0,0,0,0.3475853643703639,True
21152,JavaScript,lang_javascript,80254.0,1,0,0.46959904387603063,False
27835,JavaScript,lang_javascript,115720.0,1,1,0.5804176958424804,True
10295,JavaScript,lang_javascript,142949.0,1,1,0.8705440597398477,True
41474,JavaScript,lang_javascript,4185.0,0,0,0.0013643960295331423,True
27323,JavaScript,lang_javascript,29397.0,0,0,0.07482944214357475,True
15719,JavaScript,lang_javascript,82000.0,1,1,0.858022376734074,True
35000,JavaScript,lang_javascript,8726.0,0,0,0.011357063572727037,True
19443,JavaScript,lang_javascript,22000.0,0,1,0.5716539441799161,False
43836,JavaScript,lang_javascript,30369.0,0,0,0.03297698912152535,True
2586,JavaScript,lang_javascript,40605.0,0,0,0.0736043477905843,True
12845,JavaScript,lang_javascript,123993.0,1,1,0.7964507996236047,True
30871,JavaScript,lang_javascript,103769.0,1,1,0.8405227058692147,True
12836,JavaScript,lang_javascript,74878.0,0,0,0.4459832117514722,True
34138,JavaScript,lang_javascript,43312.0,0,0,0.3931866748749231,True
10097,JavaScript,lang_javascript,90491.0,1,0,0.37817387433415744,False
20839,JavaScript,lang_javascript,160.0,0,1,0.776347251284435,False
36738,JavaScript,lang_javascript,15803.0,0,0,0.10322450606846359,True
10198,JavaScript,lang_javascript,57320.0,0,0,0.33861880587788734,True
42011,JavaScript,lang_javascript,173544.0,1,1,0.9311061584062433,True
45378,JavaScript,lang_javascript,70000.0,0,0,0.10049066428677796,True
4945,JavaScript,lang_javascript,98612.0,1,0,0.48769071884894594,False
17593,JavaScript,lang_javascript,185989.0,1,1,0.9817906100641771,True
44735,JavaScript,lang_javascript,67122.0,0,1,0.7029962673282264,False
4117,JavaScript,lang_javascript,102291.0,1,0,0.314614207178414,False
1833,JavaScript,lang_javascript,167.0,0,1,0.8305194310196793,False
29619,JavaScript,lang_javascript,81210.0,1,1,0.5727725181342342,True
23429,JavaScript,lang_javascript,97230.0,1,0,0.19179359982990904,False
39660,JavaScript,lang_javascript,8393.0,0,0,0.03108227628461659,True
4776,JavaScript,lang_javascript,30710.0,0,0,0.08038580860440718,True
5718,JavaScript,lang_javascript,220000.0,1,1,0.9822713136439808,True
11621,JavaScript,lang_javascript,7052.0,0,0,0.0035340509641852164,True
14842,JavaScript,lang_javascript,23879.0,0,0,0.02322725368311638,True
14103,JavaScript,lang_javascript,73785.0,0,0,0.31520002602645997,True
4398,JavaScript,lang_javascript,34804.0,0,0,0.029066905915321316,True
37031,JavaScript,lang_javascript,58975.0,0,0,0.27591638330357215,True
18979,JavaScript,lang_javascript,60235.0,0,0,0.11336164577409848,True
10029,JavaScript,lang_javascript,78268.0,1,0,0.15528476092607998,False
24412,JavaScript,lang_javascript,54000.0,0,0,0.10572679129942218,True
6521,JavaScript,lang_javascript,85000.0,1,1,0.7349544563877674,True
35618,JavaScript,lang_javascript,155553.0,1,0,0.15913430049300856,False
14728,JavaScript,lang_javascript,68071.0,0,1,0.598219228850785,False
12579,JavaScript,lang_javascript,98612.0,1,1,0.500834052301101,True
19439,JavaScript,lang_javascript,44907.0,0,0,0.03748340620662383,True
46315,JavaScript,lang_javascript,33151.0,0,0,0.22393024279816123,True
41214,JavaScript,lang_javascript,130000.0,1,1,0.9690755354763766,True
6995,JavaScript,lang_javascript,12253.0,0,0,0.042040023527761025,True
711,JavaScript,lang_javascript,407645.0,1,1,0.8007414565055463,True
15049,JavaScript,lang_javascript,40605.0,0,0,0.08284389006019387,True
20936,JavaScript,lang_javascript,7251.0,0,0,0.03365480614865268,True
21556,JavaScript,lang_javascript,117667.0,1,1,0.8592325911431106,True
25489,JavaScript,lang_javascript,646.0,0,0,0.03597748578497513,True
13187,JavaScript,lang_javascript,72958.0,0,0,0.49743959793848114,True
27692,JavaScript,lang_javascript,200000.0,1,1,0.9688897990350891,True
7273,JavaScript,lang_javascript,83000.0,1,0,0.47393241018057086,False
33736,JavaScript,lang_javascript,36000.0,0,0,0.16841703108866282,True
14347,JavaScript,lang_javascript,52308.0,0,0,0.08713238758628981,True
14856,JavaScript,lang_javascript,47566.0,0,0,0.1438671653135279,True
8112,JavaScript,lang_javascript,118335.0,1,1,0.8909157428002116,True
12699,JavaScript,lang_javascript,51195.0,0,0,0.12089122757629214,True
45752,JavaScript,lang_javascript,3487.0,0,0,0.025067143333457963,True
47875,JavaScript,lang_javascript,110000.0,1,1,0.8425756261762476,True
7416,JavaScript,lang_javascript,66128.0,0,1,0.6351827661924145,False
12486,JavaScript,lang_javascript,3487.0,0,0,0.007928711186551335,True
29380,JavaScript,lang_javascript,1693.0,0,0,0.0873878906675543,True
22532,JavaScript,lang_javascript,61264.0,0,1,0.5417667155305986,False
46615,JavaScript,lang_javascript,171073.0,1,1,0.9055710706547062,True
5212,JavaScript,lang_javascript,80000.0,1,1,0.6892537058758904,True
1204,JavaScript,lang_javascript,88492.0,1,1,0.6823367669271403,True
1756,JavaScript,lang_javascript,347180.0,1,1,0.9923911339197355,True
40095,JavaScript,lang_javascript,69609.0,0,0,0.3533092990365896,True
26532,JavaScript,lang_javascript,190000.0,1,1,0.9883456574474873,True
12386,JavaScript,lang_javascript,160000.0,1,1,0.9847987155735388,True
18069,JavaScript,lang_javascript,65348.0,0,1,0.5901041575341718,False
39815,JavaScript,lang_javascript,150000.0,1,1,0.9772619962247638,True
31899,JavaScript,lang_javascript,200000.0,1,1,0.9698315142664946,True
16851,JavaScript,lang_javascript,89000.0,1,1,0.827014186300976,True
2503,JavaScript,lang_javascript,48000.0,0,1,0.6084091928348001,False
35156,JavaScript,lang_javascript,104413.0,1,1,0.9212705954622719,True
4816,JavaScript,lang_javascript,21844.0,0,0,0.04064848484482245,True
39890,JavaScript,lang_javascript,46288.0,0,0,0.42587209484556876,True
35054,JavaScript,lang_javascript,135000.0,1,1,0.9933111850856154,True
36695,JavaScript,lang_javascript,186625.0,1,1,0.9733889281114035,True
13397,JavaScript,lang_javascript,180000.0,1,1,0.8986522359954583,True
19067,JavaScript,lang_javascript,288.0,0,0,0.01909942571284923,True
11391,JavaScript,lang_javascript,220000.0,1,1,0.9575199259280524,True
28836,JavaScript,lang_javascript,96000.0,1,1,0.5858404135455134,True
27568,JavaScript,lang_javascript,187875.0,1,1,0.8274747377078012,True
2062,JavaScript,lang_javascript,57179.0,0,1,0.5708002835839794,False
53,JavaScript,lang_javascript,63909.0,0,0,0.1971921496518304,True
14152,JavaScript,lang_javascript,15592.0,0,0,0.035195372899586,True
26521,JavaScript,lang_javascript,130.0,0,1,0.9680144659083636,False
351,JavaScript,lang_javascript,81210.0,1,1,0.6626182666790928,True
3317,JavaScript,lang_javascript,48188.0,0,0,0.09414643960351869,True
46442,JavaScript,lang_javascript,100000.0,1,1,0.7435627985310977,True
15416,JavaScript,lang_javascript,98000.0,1,1,0.9275240233787985,True
9950,JavaScript,lang_javascript,61264.0,0,1,0.8183193424923804,False
19584,JavaScript,lang_javascript,130019.0,1,1,0.9025732259945833,True
1402,JavaScript,lang_javascript,98612.0,1,1,0.7604261551822722,True
4390,JavaScript,lang_javascript,27844.0,0,1,0.7786705274833402,False
25557,JavaScript,lang_javascript,8425.0,0,0,0.0028841605549767614,True
4662,JavaScript,lang_javascript,225.0,0,1,0.9970499379517151,False
13093,JavaScript,lang_javascript,232029.0,1,1,0.8996724187672214,True
985,JavaScript,lang_javascript,280000.0,1,1,0.9755662149488541,True
13825,JavaScript,lang_javascript,22108.0,0,0,0.1077871416656609,True
26642,JavaScript,lang_javascript,29975.0,0,0,0.06934927447850714,True
5679,JavaScript,lang_javascript,167000.0,1,1,0.9564436175336389,True
37291,JavaScript,lang_javascript,69609.0,0,0,0.2387411067479707,True
26928,JavaScript,lang_javascript,25059.0,0,0,0.10499089471982373,True
22573,JavaScript,lang_javascript,330871.0,1,0,0.1268053823225574,False
40805,JavaScript,lang_javascript,82000.0,1,1,0.9795717713762214,True
8787,JavaScript,lang_javascript,8388.0,0,0,0.05537352824807433,True
296,JavaScript,lang_javascript,74878.0,0,1,0.6932939446504937,False
24361,JavaScript,lang_javascript,150000.0,1,1,0.9307538213389992,True
37925,JavaScript,lang_javascript,11624.0,0,0,0.009331458785663507,True
10791,JavaScript,lang_javascript,41765.0,0,0,0.33001296209788084,True
1514,JavaScript,lang_javascript,112534.0,1,1,0.885782665083345,True
22046,JavaScript,lang_javascript,232029.0,1,1,0.8802904989731015,True
7256,JavaScript,lang_javascript,32531.0,0,0,0.05169960416997473,True
47134,JavaScript,lang_javascript,19056.0,0,0,0.13150139490118898,True
31578,JavaScript,lang_javascript,87550.0,1,0,0.3452857785800858,False
3035,JavaScript,lang_javascript,165000.0,1,1,0.9165977462894324,True
6242,JavaScript,lang_javascript,104015.0,1,1,0.9130698386134547,True
15814,JavaScript,lang_javascript,100000.0,1,1,0.9458942170247832,True
29571,JavaScript,lang_javascript,27844.0,0,0,0.03789301121662988,True
16882,JavaScript,lang_javascript,92812.0,1,1,0.7206534359652456,True
25814,JavaScript,lang_javascript,52000.0,0,0,0.09233810376363925,True
18252,JavaScript,lang_javascript,65000.0,0,1,0.5219988830155518,False
45471,JavaScript,lang_javascript,21424.0,0,0,0.1173077486824796,True
18536,JavaScript,lang_javascript,128125.0,1,1,0.8217443839091786,True
47432,JavaScript,lang_javascript,81210.0,1,0,0.2895559133341831,False
8448,JavaScript,lang_javascript,223187.0,1,1,0.9748975155012262,True
11324,JavaScript,lang_javascript,34804.0,0,0,0.14219303958859061,True
22200,JavaScript,lang_javascript,75410.0,0,0,0.27041500930039336,True
36566,JavaScript,lang_javascript,92812.0,1,1,0.6459989064982217,True
43459,JavaScript,lang_javascript,30000.0,0,1,0.5190748558709541,False
14204,JavaScript,lang_javascript,25000.0,0,0,0.08752573005378186,True
27989,JavaScript,lang_javascript,81210.0,1,1,0.7432215968444161,True
27964,JavaScript,lang_javascript,169024.0,1,1,0.8261079829409055,True
21512,JavaScript,lang_javascript,88191.0,1,1,0.5644568649155474,True
28590,JavaScript,lang_javascript,43505.0,0,0,0.32179349783864925,True
42308,JavaScript,lang_javascript,145000.0,1,1,0.6782140060893139,True
27539,JavaScript,lang_javascript,54527.0,0,0,0.1945067921197121,True
5181,JavaScript,lang_javascript,13836.0,0,0,0.009440358695908002,True
1677,JavaScript,lang_javascript,62648.0,0,0,0.26601885635091876,True
20646,JavaScript,lang_javascript,62893.0,0,0,0.3013202117148972,True
24567,JavaScript,lang_javascript,65000.0,0,0,0.3844582209695868,True
14009,JavaScript,lang_javascript,130000.0,1,1,0.8586367732555622,True
35223,JavaScript,lang_javascript,54719.0,0,0,0.42080528399093686,True
41708,JavaScript,lang_javascript,245.0,0,1,0.7303526775248728,False
35283,JavaScript,lang_javascript,40605.0,0,1,0.8428497674331603,False
19432,JavaScript,lang_javascript,53095.0,0,1,0.9114877064628049,False
28413,JavaScript,lang_javascript,116015.0,1,1,0.9275724604127487,True
15249,JavaScript,lang_javascript,5685.0,0,0,0.04912143805593349,True
42419,JavaScript,lang_javascript,151000.0,1,1,0.9153382573930179,True
20079,JavaScript,lang_javascript,98612.0,1,1,0.8544413681577963,True
43283,JavaScript,lang_javascript,90491.0,1,1,0.7542208428353966,True
3980,JavaScript,lang_javascript,75410.0,0,1,0.9634697683120821,False
5350,JavaScript,lang_javascript,46666.0,0,0,0.33920152457018726,True
37303,JavaScript,lang_javascript,30628.0,0,0,0.04344990084020443,True
26604,JavaScript,lang_javascript,12000.0,0,0,0.03805657637694355,True
2358,JavaScript,lang_javascript,121000.0,1,1,0.8758582915203548,True
41158,JavaScript,lang_javascript,80254.0,1,1,0.7207247240890735,True
10721,JavaScript,lang_javascript,4413.0,0,1,0.7541447694468365,False
42655,JavaScript,lang_javascript,81685.0,1,1,0.5395314499678363,True
15231,JavaScript,lang_javascript,5267.0,0,0,0.009636546447884382,True
16612,JavaScript,lang_javascript,85994.0,1,0,0.21307224082033535,False
48681,JavaScript,lang_javascript,900.0,0,1,0.9124523390074264,False
40045,JavaScript,lang_javascript,40000.0,0,0,0.029026519588842732,True
4832,JavaScript,lang_javascript,123993.0,1,1,0.968286833826225,True
15306,JavaScript,lang_javascript,63808.0,0,0,0.47950153205583296,True
13631,JavaScript,lang_javascript,75556.0,0,0,0.25775415158060117,True
13833,JavaScript,lang_javascript,113651.0,1,1,0.8453213575173304,True
4209,JavaScript,lang_javascript,92812.0,1,1,0.7007219192462851,True
17431,JavaScript,lang_javascript,175000.0,1,1,0.9824606468174277,True
28425,JavaScript,lang_javascript,84000.0,1,1,0.588448731850138,True
15216,JavaScript,lang_javascript,152000.0,1,1,0.8540866927666316,True
25662,JavaScript,lang_javascript,37125.0,0,0,0.33799742634817376,True
16040,JavaScript,lang_javascript,150300.0,1,1,0.7235245860271998,True
39436,JavaScript,lang_javascript,5284.0,0,0,0.2287009193855857,True
15460,JavaScript,lang_javascript,75410.0,0,1,0.5744266792629235,False
3724,JavaScript,lang_javascript,26683.0,0,0,0.4550202651735012,True
21816,JavaScript,lang_javascript,12000.0,0,0,0.07443802646386549,True
11358,JavaScript,lang_javascript,95016.0,1,1,0.8337863416599663,True
25158,JavaScript,lang_javascript,211280.0,1,1,0.9935591763597191,True
26425,JavaScript,lang_javascript,50970.0,0,0,0.1996265838603344,True
524,JavaScript,lang_javascript,194000.0,1,1,0.8102115250533156,True
17099,JavaScript,lang_javascript,64040.0,0,0,0.3022735391065936,True
46733,JavaScript,lang_javascript,107894.0,1,0,0.381309067852594,False
29191,JavaScript,lang_javascript,50000.0,0,0,0.11415674914577568,True
24577,JavaScript,lang_javascript,51046.0,0,0,0.22433141896633602,True
26213,JavaScript,lang_javascript,382.0,0,0,0.03136034812795326,True
41997,JavaScript,lang_javascript,52348.0,0,1,0.5381128283698561,False
34990,JavaScript,lang_javascript,81210.0,1,0,0.2847809701839892,False
14922,JavaScript,lang_javascript,105891.0,1,1,0.7949908270053861,True
10806,JavaScript,lang_javascript,109438.0,1,1,0.8977620662505017,True
5014,JavaScript,lang_javascript,104616.0,1,0,0.08741939996153865,False
42118,JavaScript,lang_javascript,351.0,0,0,0.03180910380108562,True
15357,JavaScript,lang_javascript,150000.0,1,1,0.955812782296151,True
42196,JavaScript,lang_javascript,12762.0,0,0,0.07746897858905573,True
5343,JavaScript,lang_javascript,124700.0,1,1,0.968049186185641,True
2475,JavaScript,lang_javascript,73683.0,0,0,0.2929152158737848,True
11107,JavaScript,lang_javascript,28590.0,0,0,0.15030315031867233,True
32201,JavaScript,lang_javascript,46496.0,0,0,0.047096590762608116,True
28755,JavaScript,lang_javascript,130000.0,1,1,0.8876617348399605,True
31231,JavaScript,lang_javascript,132000.0,1,1,0.53662712700235,True
19888,JavaScript,lang_javascript,39057.0,0,0,0.4180844707712739,True
41927,JavaScript,lang_javascript,81210.0,1,0,0.2616414370808637,False
35531,JavaScript,lang_javascript,100000.0,1,1,0.8348256958112117,True
2950,JavaScript,lang_javascript,100765.0,1,1,0.5209539336165974,True
25361,JavaScript,lang_javascript,24028.0,0,0,0.0281620125654337,True
26479,JavaScript,lang_javascript,125000.0,1,1,0.7908547594243593,True
11530,JavaScript,lang_javascript,100000.0,1,1,0.9665816037938939,True
28966,JavaScript,lang_javascript,90000.0,1,1,0.8804733307104353,True
1227,JavaScript,lang_javascript,155000.0,1,1,0.9331567786310084,True
28615,JavaScript,lang_javascript,1506.0,0,0,0.04827640489660523,True
14453,JavaScript,lang_javascript,36688.0,0,0,0.22503262326622014,True
38334,JavaScript,lang_javascript,58367.0,0,0,0.3908054040333464,True
40297,JavaScript,lang_javascript,87011.0,1,1,0.5069434480274979,True
13019,JavaScript,lang_javascript,156000.0,1,1,0.98979362307812,True
26175,JavaScript,lang_javascript,235150.0,1,1,0.8527053306013133,True
35078,JavaScript,lang_javascript,54295.0,0,0,0.20038013814695316,True
23758,JavaScript,lang_javascript,104413.0,1,1,0.5659912490257771,True
34155,JavaScript,lang_javascript,163497.0,1,1,0.9180779403988231,True
6453,JavaScript,lang_javascript,180000.0,1,1,0.9653170763379739,True
9762,JavaScript,lang_javascript,100777.0,1,1,0.7225567632300359,True
35180,JavaScript,lang_javascript,10731.0,0,1,0.926545584351753,False
25833,JavaScript,lang_javascript,20296.0,0,0,0.05850420922761225,True
18503,JavaScript,lang_javascript,39718.0,0,0,0.06648991958478827,True
44980,JavaScript,lang_javascript,144000.0,1,1,0.935000027204908,True
2848,JavaScript,lang_javascript,169024.0,1,1,0.7529567562399292,True
36540,JavaScript,lang_javascript,35000.0,0,1,0.8479427099723962,False
17447,JavaScript,lang_javascript,100000.0,1,0,0.028978261967591554,False
39467,JavaScript,lang_javascript,174022.0,1,1,0.8886279272111093,True
6275,JavaScript,lang_javascript,55687.0,0,0,0.40649492367490797,True
42959,JavaScript,lang_javascript,46406.0,0,0,0.23793956064203903,True
2498,JavaScript,lang_javascript,72927.0,0,1,0.6567769321622062,False
13519,JavaScript,lang_javascript,200000.0,1,1,0.9890008204188546,True
3234,JavaScript,lang_javascript,34804.0,0,0,0.34929553487857046,True
3612,JavaScript,lang_javascript,103088.0,1,0,0.14783300351305118,False
47597,JavaScript,lang_javascript,84408.0,1,1,0.7174914353705548,True
6573,JavaScript,lang_javascript,147071.0,1,1,0.9048204255328386,True
23852,JavaScript,lang_javascript,120000.0,1,1,0.9809267682563453,True
22027,JavaScript,lang_javascript,12743.0,0,0,0.07410960321225488,True
6931,JavaScript,lang_javascript,72509.0,0,0,0.35224367504203763,True
10954,JavaScript,lang_javascript,45234.0,0,0,0.0480933492171765,True
21855,JavaScript,lang_javascript,81210.0,1,1,0.6239245409269678,True
39539,JavaScript,lang_javascript,58007.0,0,0,0.2756374058237549,True
22059,JavaScript,lang_javascript,81210.0,1,0,0.4103681078234089,False
16542,JavaScript,lang_javascript,75410.0,0,1,0.5008822469212538,False
6969,JavaScript,lang_javascript,51500.0,0,0,0.08748387896980944,True
14162,JavaScript,lang_javascript,105000.0,1,1,0.9356204999522434,True
14065,JavaScript,lang_javascript,115000.0,1,1,0.8822055776663756,True
13878,JavaScript,lang_javascript,101482.0,1,0,0.22649946395164813,False
17267,JavaScript,lang_javascript,148.0,0,1,0.9853387435784687,False
11014,JavaScript,lang_javascript,60560.0,0,0,0.2160042613180787,True
5246,JavaScript,lang_javascript,24943.0,0,0,0.31148817933323397,True
19136,JavaScript,lang_javascript,400000.0,1,1,0.8926874365395642,True
4874,JavaScript,lang_javascript,152772.0,1,1,0.8972829531100117,True
410,JavaScript,lang_javascript,81210.0,1,1,0.621925806165444,True
30163,JavaScript,lang_javascript,47566.0,0,0,0.09393696476447747,True
39976,JavaScript,lang_javascript,100000.0,1,1,0.9922781834421049,True
3177,JavaScript,lang_javascript,78011.0,1,0,0.4818598595526352,False
12682,JavaScript,lang_javascript,41846.0,0,0,0.2216788615784785,True
29306,JavaScript,lang_javascript,8639.0,0,0,0.014455424615631787,True
15017,JavaScript,lang_javascript,250000.0,1,1,0.9784083493150197,True
33856,JavaScript,lang_javascript,104.0,0,0,0.004535450599336871,True
28490,JavaScript,lang_javascript,69609.0,0,0,0.44992235629457417,True
43961,JavaScript,lang_javascript,1033.0,0,0,0.02576820831068788,True
44728,JavaScript,lang_javascript,161191.0,1,1,0.9855376237362303,True
6282,JavaScript,lang_javascript,133417.0,1,0,0.4776004368431838,False
20387,JavaScript,lang_javascript,76570.0,1,0,0.29756754918241146,False
10516,JavaScript,lang_javascript,66121.0,0,0,0.048763331493381225,True
14027,JavaScript,lang_javascript,38285.0,0,0,0.08902704738858479,True
34339,JavaScript,lang_javascript,88983.0,1,1,0.6227948779042217,True
45580,JavaScript,lang_javascript,189692.0,1,1,0.6405915565351786,True
44775,JavaScript,lang_javascript,118324.0,1,0,0.15431041737844964,False
862,JavaScript,lang_javascript,45000.0,0,0,0.03768546275078659,True
27859,JavaScript,lang_javascript,97000.0,1,1,0.8206430422341842,True
35348,JavaScript,lang_javascript,178000.0,1,1,0.9895949272362506,True
2188,JavaScript,lang_javascript,270000.0,1,1,0.8985008203099168,True
12819,JavaScript,lang_javascript,187000.0,1,1,0.6516378839002555,True
26050,JavaScript,lang_javascript,190000.0,1,1,0.6461112389954321,True
37014,JavaScript,lang_javascript,9299.0,0,0,0.01824073452327423,True
18758,JavaScript,lang_javascript,197225.0,1,0,0.11077793821290943,False
32577,JavaScript,lang_javascript,28189.0,0,0,0.009846179630166301,True
20449,JavaScript,lang_javascript,101088.0,1,1,0.9215439005256988,True
38232,JavaScript,lang_javascript,175000.0,1,1,0.9459004248033244,True
17356,JavaScript,lang_javascript,83531.0,1,1,0.5509738691568261,True
46444,JavaScript,lang_javascript,49597.0,0,1,0.9827869104651895,False
39667,JavaScript,lang_javascript,16242.0,0,0,0.014111887774927797,True
4627,JavaScript,lang_javascript,71349.0,0,0,0.1524096063259516,True
48118,JavaScript,lang_javascript,190598.0,1,1,0.9398930885820956,True
2760,JavaScript,lang_javascript,70769.0,0,0,0.467677230935858,True
17911,JavaScript,lang_javascript,120000.0,1,1,0.9296897165407723,True
28047,JavaScript,lang_javascript,39445.0,0,0,0.06537594403105276,True
18318,JavaScript,lang_javascript,220000.0,1,1,0.9123555498091397,True
41044,JavaScript,lang_javascript,100000.0,1,1,0.9354855617226406,True
3947,JavaScript,lang_javascript,32764.0,0,0,0.014916064083658974,True
1499,JavaScript,lang_javascript,11500.0,0,0,0.2392814040460934,True
16449,JavaScript,lang_javascript,81870.0,1,0,0.4327024426648613,False
17817,JavaScript,lang_javascript,140000.0,1,1,0.9597484845695021,True
21096,JavaScript,lang_javascript,210000.0,1,1,0.9979915945649732,True
33014,JavaScript,lang_javascript,100000.0,1,1,0.6353577534072078,True
28984,JavaScript,lang_javascript,161191.0,1,1,0.8679207951240243,True
1027,JavaScript,lang_javascript,9880.0,0,0,0.030786698934856607,True
40009,JavaScript,lang_javascript,160000.0,1,1,0.9875454349432511,True
4129,JavaScript,lang_javascript,113694.0,1,0,0.14324246960499004,False
39175,JavaScript,lang_javascript,116015.0,1,1,0.6418037660809783,True
34922,JavaScript,lang_javascript,60038.0,0,0,0.16226243708816235,True
1237,JavaScript,lang_javascript,33412.0,0,0,0.42397945413793403,True
35609,JavaScript,lang_javascript,40000.0,0,1,0.8172701251480142,False
20383,JavaScript,lang_javascript,24452.0,0,0,0.04308057245029593,True
4167,JavaScript,lang_javascript,45028.0,0,0,0.22982891950330775,True
29483,JavaScript,lang_javascript,139218.0,1,1,0.793385957668568,True
26660,JavaScript,lang_javascript,22275.0,0,0,0.06410843952307008,True
19479,JavaScript,lang_javascript,48030.0,0,1,0.6338623473961369,False
19376,JavaScript,lang_javascript,36847.0,0,1,0.7537064368094762,False
45398,JavaScript,lang_javascript,156620.0,1,1,0.6705593785823387,True
23399,JavaScript,lang_javascript,240763.0,1,1,0.8566181596878469,True
11030,JavaScript,lang_javascript,38120.0,0,0,0.2622517754850611,True
3376,JavaScript,lang_javascript,87550.0,1,1,0.5826891402413258,True
28786,JavaScript,lang_javascript,300000.0,1,1,0.9164889301511921,True
30177,JavaScript,lang_javascript,104413.0,1,1,0.9460411887926529,True
5838,JavaScript,lang_javascript,111435.0,1,1,0.6669733808426135,True
29200,JavaScript,lang_javascript,4800.0,0,0,0.010344446950905594,True
39644,JavaScript,lang_javascript,95299.0,1,0,0.2695311319887329,False
12809,JavaScript,lang_javascript,11046.0,0,0,0.03368558379145392,True
17964,JavaScript,lang_javascript,145000.0,1,1,0.8753680148805291,True
39805,JavaScript,lang_javascript,32354.0,0,0,0.1525150573589564,True
37042,JavaScript,lang_javascript,46406.0,0,1,0.6279165999487432,False
25947,JavaScript,lang_javascript,83000.0,1,1,0.8175923763204072,True
15324,JavaScript,lang_javascript,131325.0,1,1,0.868705162449585,True
40149,JavaScript,lang_javascript,131325.0,1,1,0.9608744412761349,True
4334,JavaScript,lang_javascript,81685.0,1,0,0.42410886791573066,False
46151,JavaScript,lang_javascript,32822.0,0,0,0.06962787700588198,True
36970,JavaScript,lang_javascript,25652.0,0,0,0.052073920276099764,True
33426,JavaScript,lang_javascript,2206.0,0,0,0.0081470357763154,True
29469,JavaScript,lang_javascript,45688.0,0,0,0.29696898038757924,True
15109,JavaScript,lang_javascript,132000.0,1,1,0.8473722574320134,True
22388,JavaScript,lang_javascript,83434.0,1,1,0.9342217037572836,True
15847,JavaScript,lang_javascript,70938.0,0,0,0.45131329483156535,True
14008,JavaScript,lang_javascript,6881.0,0,0,0.019487593395332,True
27243,JavaScript,lang_javascript,129334.0,1,1,0.6184638283973647,True
34512,JavaScript,lang_javascript,101710.0,1,1,0.8243293256118238,True
39529,JavaScript,lang_javascript,174022.0,1,1,0.5434130043431534,True
27333,JavaScript,lang_javascript,22924.0,0,0,0.06695904865073264,True
30150,JavaScript,lang_javascript,364000.0,1,1,0.9409086536182854,True
17548,JavaScript,lang_javascript,65000.0,0,0,0.09968845588423557,True
42792,JavaScript,lang_javascript,195028.0,1,1,0.9818918195117977,True
12209,JavaScript,lang_javascript,113000.0,1,1,0.8125797026756763,True
8951,JavaScript,lang_javascript,25523.0,0,0,0.2369333173114991,True
31583,JavaScript,lang_javascript,60000.0,0,1,0.9095862179064624,False
14307,JavaScript,lang_javascript,80000.0,1,0,0.14233977550324856,False
17335,JavaScript,lang_javascript,145000.0,1,1,0.9608009642009023,True
12403,JavaScript,lang_javascript,56167.0,0,0,0.09017530157923766,True
5183,JavaScript,lang_javascript,15082.0,0,0,0.06079205104619172,True
5223,JavaScript,lang_javascript,7191.0,0,0,0.30417970218870743,True
19607,JavaScript,lang_javascript,52658.0,0,0,0.49265506535041426,True
28500,JavaScript,lang_javascript,154000.0,1,1,0.8238673414156543,True
6360,JavaScript,lang_javascript,6192.0,0,0,0.09042933915448699,True
3539,JavaScript,lang_javascript,8137.0,0,0,0.05291539452013191,True
15241,JavaScript,lang_javascript,22998.0,0,0,0.2798378497216686,True
18604,JavaScript,lang_javascript,324841.0,1,1,0.5675707282262689,True
459,JavaScript,lang_javascript,60000.0,0,1,0.882727724841631,False
1841,JavaScript,lang_javascript,4438.0,0,0,0.02602243490460916,True
3441,JavaScript,lang_javascript,100000.0,1,1,0.9515982666662298,True
11575,JavaScript,lang_javascript,92812.0,1,1,0.5396770925727309,True
10073,JavaScript,lang_javascript,9299.0,0,0,0.05038082931505419,True
38342,JavaScript,lang_javascript,66128.0,0,0,0.10412881473561868,True
5035,JavaScript,lang_javascript,4059.0,0,0,0.014693038753009001,True
3366,JavaScript,lang_javascript,138000.0,1,1,0.8674814228851342,True
36254,JavaScript,lang_javascript,42572.0,0,0,0.387572415282732,True
3349,JavaScript,lang_javascript,145000.0,1,1,0.9065515311770266,True
19954,JavaScript,lang_javascript,29478.0,0,0,0.06444767579545135,True
39526,JavaScript,lang_javascript,43689.0,0,0,0.22217235477844285,True
30549,JavaScript,lang_javascript,112663.0,1,1,0.9610964021818973,True
32003,JavaScript,lang_javascript,26508.0,0,0,0.035304542725460124,True
30996,JavaScript,lang_javascript,97045.0,1,1,0.6777210550692113,True
16928,JavaScript,lang_javascript,6765.0,0,0,0.11136893036594794,True
682,JavaScript,lang_javascript,170000.0,1,1,0.9910404423204666,True
21589,JavaScript,lang_javascript,37197.0,0,0,0.0388927247176446,True
5085,JavaScript,lang_javascript,107795.0,1,1,0.674039014191577,True
6030,JavaScript,lang_javascript,80763.0,1,0,0.4185706078494009,False
6431,JavaScript,lang_javascript,92000.0,1,1,0.9183605019942332,True
15081,JavaScript,lang_javascript,70000.0,0,1,0.9737786427572641,False
5834,JavaScript,lang_javascript,207000.0,1,1,0.9675077918968576,True
28384,JavaScript,lang_javascript,959.0,0,0,0.08241747468692112,True
11551,JavaScript,lang_javascript,80000.0,1,1,0.871598101850135,True
34342,JavaScript,lang_javascript,84691.0,1,0,0.10151636454622329,False
34799,JavaScript,lang_javascript,32484.0,0,0,0.0624074324580022,True
18219,JavaScript,lang_javascript,146312.0,1,1,0.9517286976310674,True
46667,JavaScript,lang_javascript,22975.0,0,0,0.14175509019123228,True
22236,JavaScript,lang_javascript,28425.0,0,0,0.08210990540823014,True
22549,JavaScript,lang_javascript,87011.0,1,0,0.46046456184228185,False
25969,JavaScript,lang_javascript,139218.0,1,1,0.9083235520465668,True
40649,JavaScript,lang_javascript,16855.0,0,0,0.018221131138248428,True
17287,JavaScript,lang_javascript,11601.0,0,0,0.3013118246664001,True
26037,JavaScript,lang_javascript,87011.0,1,1,0.7159115217399995,True
42147,JavaScript,lang_javascript,87011.0,1,0,0.36540784977521024,False
12651,JavaScript,lang_javascript,44550.0,0,0,0.24055279973200483,True
4002,JavaScript,lang_javascript,69609.0,0,0,0.2074915250721338,True
13805,JavaScript,lang_javascript,48726.0,0,0,0.29298493231133244,True
36386,JavaScript,lang_javascript,111374.0,1,1,0.5432262830036015,True
46237,JavaScript,lang_javascript,47650.0,0,0,0.37499734511043475,True
16984,JavaScript,lang_javascript,81685.0,1,1,0.5732126291675856,True
15429,JavaScript,lang_javascript,23403.0,0,0,0.06435979258964467,True
11418,JavaScript,lang_javascript,98612.0,1,1,0.8818982056010635,True
42901,JavaScript,lang_javascript,6974.0,0,0,0.0022732265204644026,True
30979,JavaScript,lang_javascript,12367.0,0,0,0.037794369162195585,True
32266,JavaScript,lang_javascript,97514.0,1,1,0.7101167693526655,True
31615,JavaScript,lang_javascript,139218.0,1,1,0.6136056709990542,True
33940,JavaScript,lang_javascript,17734.0,0,0,0.0626197481595447,True
36451,JavaScript,lang_javascript,48726.0,0,0,0.12058061228415803,True
32639,JavaScript,lang_javascript,3441.0,0,0,0.029821925602244986,True
34516,JavaScript,lang_javascript,72644.0,0,1,0.8023420156258703,False
9686,JavaScript,lang_javascript,48726.0,0,0,0.3179338464144383,True
6788,JavaScript,lang_javascript,10000.0,0,0,0.02251551469502968,True
26670,JavaScript,lang_javascript,216000.0,1,1,0.9499330061531741,True
19522,JavaScript,lang_javascript,63808.0,0,0,0.15679420099586472,True
14233,JavaScript,lang_javascript,30498.0,0,0,0.10395123148806902,True
5984,JavaScript,lang_javascript,14060.0,0,0,0.056418496418933144,True
26898,JavaScript,lang_javascript,61264.0,0,0,0.29468194380096246,True
18515,JavaScript,lang_javascript,67204.0,0,0,0.11783798133692013,True
30657,JavaScript,lang_javascript,60377.0,0,0,0.15728461595499982,True
43004,JavaScript,lang_javascript,68000.0,0,1,0.9727049005417597,False
10223,JavaScript,lang_javascript,104829.0,1,1,0.7379591575371225,True
19906,JavaScript,lang_javascript,46638.0,0,0,0.45388096886408524,True
28428,JavaScript,lang_javascript,56604.0,0,0,0.07744557511386028,True
3643,JavaScript,lang_javascript,81870.0,1,1,0.5290616705563614,True
40786,JavaScript,lang_javascript,45446.0,0,0,0.16480344136932806,True
12708,JavaScript,lang_javascript,76570.0,1,0,0.35493325502352235,False
43637,JavaScript,lang_javascript,99194.0,1,1,0.9177309741588527,True
40366,JavaScript,lang_javascript,58007.0,0,0,0.23573270764787913,True
6364,JavaScript,lang_javascript,170000.0,1,1,0.9548128210241568,True
23174,JavaScript,lang_javascript,232029.0,1,1,0.8527441807808213,True
4989,JavaScript,lang_javascript,133417.0,1,1,0.9685171712117037,True
2060,JavaScript,lang_javascript,170000.0,1,1,0.8842496352103449,True
32145,JavaScript,lang_javascript,120000.0,1,1,0.8913151888331702,True
1504,JavaScript,lang_javascript,110000.0,1,1,0.8805027167228596,True
15247,JavaScript,lang_javascript,47330.0,0,0,0.2008167005713927,True
25278,JavaScript,lang_javascript,80000.0,1,0,0.11112724827599779,False
9337,JavaScript,lang_javascript,11613.0,0,0,0.06756255867064327,True
45927,JavaScript,lang_javascript,70440.0,0,1,0.7169211391713416,False
4465,JavaScript,lang_javascript,10237.0,0,0,0.036354287078177894,True
19788,JavaScript,lang_javascript,65009.0,0,0,0.4368312512149679,True
12958,JavaScript,lang_javascript,162523.0,1,1,0.9620609747103919,True
4667,JavaScript,lang_javascript,154991.0,1,1,0.905807468200509,True
20290,JavaScript,lang_javascript,37125.0,0,0,0.14323018006637853,True
44088,JavaScript,lang_javascript,108083.0,1,1,0.827796415030165,True
4508,JavaScript,lang_javascript,3510.0,0,0,0.13017998694277108,True
19423,JavaScript,lang_javascript,92812.0,1,0,0.11294643148731887,False
17900,JavaScript,lang_javascript,32767.0,0,0,0.02986813460101772,True
36165,JavaScript,lang_javascript,27844.0,0,0,0.17390082868352166,True
3107,JavaScript,lang_javascript,27306.0,0,0,0.04352780619070836,True
26046,JavaScript,lang_javascript,63000.0,0,0,0.2928116266732724,True
17125,JavaScript,lang_javascript,132660.0,1,1,0.9539198858432343,True
36459,JavaScript,lang_javascript,86000.0,1,1,0.7197520608479079,True
14308,JavaScript,lang_javascript,175000.0,1,1,0.9570912763717919,True
6876,JavaScript,lang_javascript,6974.0,0,0,0.009689407468470416,True
34130,JavaScript,lang_javascript,71510.0,0,0,0.361174935671704,True
545,JavaScript,lang_javascript,90000.0,1,1,0.8429316465572787,True
16826,JavaScript,lang_javascript,23966.0,0,0,0.10708966870414637,True
2270,JavaScript,lang_javascript,80050.0,1,1,0.6658382678543242,True
12799,JavaScript,lang_javascript,23203.0,0,0,0.017853564474484464,True
3383,JavaScript,lang_javascript,116015.0,1,0,0.43449032363880846,False
33408,JavaScript,lang_javascript,160000.0,1,1,0.8976544401092763,True
5164,JavaScript,lang_javascript,46406.0,0,0,0.18171712292985187,True
38921,JavaScript,lang_javascript,190000.0,1,1,0.9501948518930677,True
3329,JavaScript,lang_javascript,22354.0,0,0,0.06146542170582256,True
40738,JavaScript,lang_javascript,84512.0,1,1,0.6999719284359188,True
668,JavaScript,lang_javascript,56499.0,0,0,0.47279719473294163,True
6460,JavaScript,lang_javascript,139218.0,1,0,0.3267075013150608,False
15390,JavaScript,lang_javascript,135000.0,1,1,0.9439585811422758,True
41760,JavaScript,lang_javascript,35965.0,0,0,0.11607863600064519,True
14974,JavaScript,lang_javascript,220000.0,1,1,0.9385655718035417,True
37636,JavaScript,lang_javascript,140000.0,1,1,0.8904489534268872,True
46209,JavaScript,lang_javascript,46406.0,0,0,0.26378246743540384,True
37324,JavaScript,lang_javascript,5812.0,0,0,0.0211172858971074,True
24558,JavaScript,lang_javascript,84568.0,1,0,0.2572394097419463,False
44113,JavaScript,lang_javascript,52207.0,0,0,0.17470775413297712,True
44820,JavaScript,lang_javascript,12633.0,0,0,0.036305531200024124,True
45867,JavaScript,lang_javascript,116733.0,1,1,0.7630223529584411,True
38359,JavaScript,lang_javascript,26103.0,0,0,0.08091744073578545,True
627,JavaScript,lang_javascript,180000.0,1,1,0.9610991175214117,True
14196,JavaScript,lang_javascript,212000.0,1,1,0.8339589057830058,True
19671,JavaScript,lang_javascript,34804.0,0,0,0.2624522471305208,True
18238,JavaScript,lang_javascript,120000.0,1,1,0.8218740869352531,True
13228,JavaScript,lang_javascript,92812.0,1,1,0.6310736246593033,True
6991,JavaScript,lang_javascript,47566.0,0,0,0.48117369035203295,True
17043,JavaScript,lang_javascript,23403.0,0,0,0.009588113981395988,True
41037,JavaScript,lang_javascript,108160.0,1,1,0.9806492770381215,True
13962,JavaScript,lang_javascript,3817.0,0,0,0.005348970107563495,True
43141,JavaScript,lang_javascript,95132.0,1,1,0.6080308439337377,True
15419,JavaScript,lang_javascript,46406.0,0,0,0.2549972267192921,True
14172,JavaScript,lang_javascript,72800.0,0,1,0.7563554877036953,False
42673,JavaScript,lang_javascript,97452.0,1,1,0.6114775668447938,True
11684,JavaScript,lang_javascript,50000.0,0,1,0.815774286939275,False
40225,JavaScript,lang_javascript,50000.0,0,0,0.4826426464683586,True
17714,JavaScript,lang_javascript,63808.0,0,0,0.3608339083242814,True
37712,JavaScript,lang_javascript,162523.0,1,1,0.9690648579589043,True
15110,JavaScript,lang_javascript,165000.0,1,1,0.8650675705925561,True
27247,JavaScript,lang_javascript,54457.0,0,1,0.6750333636004211,False
9863,JavaScript,lang_javascript,11159.0,0,0,0.11169110522830156,True
4359,JavaScript,lang_javascript,40842.0,0,0,0.3146804837459551,True
19483,JavaScript,lang_javascript,120000.0,1,1,0.8892937914264211,True
25606,JavaScript,lang_javascript,4068.0,0,0,0.023958794569973373,True
18246,JavaScript,lang_javascript,151053.0,1,1,0.9395196986336777,True
5186,JavaScript,lang_javascript,120000.0,1,1,0.9856301652769724,True
28423,JavaScript,lang_javascript,858.0,0,0,0.020340505878431305,True
22644,JavaScript,lang_javascript,11601.0,0,0,0.04124211805499087,True
42571,JavaScript,lang_javascript,58007.0,0,1,0.6747339048158173,False
8817,JavaScript,lang_javascript,92812.0,1,1,0.671807334983056,True
8928,JavaScript,lang_javascript,6000.0,0,0,0.09039144272630951,True
12758,JavaScript,lang_javascript,58120.0,0,0,0.045266983574784904,True
13124,JavaScript,lang_javascript,171110.0,1,1,0.957583796850201,True
36632,JavaScript,lang_javascript,5908.0,0,0,0.08247646825525654,True
33945,JavaScript,lang_javascript,116015.0,1,1,0.6598211893171936,True
6583,JavaScript,lang_javascript,39445.0,0,0,0.1797982614478685,True
29757,JavaScript,lang_javascript,92812.0,1,1,0.7278813616684172,True
16514,JavaScript,lang_javascript,35733.0,0,0,0.04250086504261334,True
17256,JavaScript,lang_javascript,46000.0,0,0,0.4865520461001569,True
28292,JavaScript,lang_javascript,3480.0,0,0,0.13765905470127393,True
23619,JavaScript,lang_javascript,69400.0,0,0,0.2061723286285563,True
16744,JavaScript,lang_javascript,98022.0,1,1,0.8042192570858012,True
26143,JavaScript,lang_javascript,102.0,0,0,0.37034837973549445,True
36882,JavaScript,lang_javascript,116464.0,1,1,0.6854424999031314,True
22463,JavaScript,lang_javascript,74249.0,0,0,0.14531417753947215,True
2067,JavaScript,lang_javascript,81835.0,1,1,0.6755746277525229,True
1554,JavaScript,lang_javascript,89000.0,1,0,0.36915764417454044,False
13546,JavaScript,lang_javascript,58007.0,0,0,0.4736705652402093,True
4086,JavaScript,lang_javascript,97452.0,1,1,0.8533691259296405,True
37583,JavaScript,lang_javascript,25781.0,0,0,0.18766446986617658,True
25434,JavaScript,lang_javascript,20883.0,0,0,0.100819082735945,True
36992,JavaScript,lang_javascript,45879.0,0,1,0.6146150317995083,False
20943,JavaScript,lang_javascript,90000.0,1,1,0.8731170216549591,True
25789,JavaScript,lang_javascript,104225.0,1,1,0.8262423735725419,True
14170,JavaScript,lang_javascript,29901.0,0,0,0.029678010462657795,True
11304,JavaScript,lang_javascript,181000.0,1,1,0.8637575348768081,True
5099,JavaScript,lang_javascript,5097.0,0,0,0.17985268953622036,True
37816,JavaScript,lang_javascript,5638.0,0,0,0.007199332924840438,True
38880,JavaScript,lang_javascript,81000.0,1,1,0.8635594033246158,True
5766,JavaScript,lang_javascript,260000.0,1,1,0.919603975841534,True
21108,JavaScript,lang_javascript,79207.0,1,0,0.2148134264833828,False
21619,JavaScript,lang_javascript,195028.0,1,1,0.9545354818136316,True
4355,JavaScript,lang_javascript,87011.0,1,1,0.5010396319047579,True
5562,JavaScript,lang_javascript,106431.0,1,0,0.488133325925476,False
12666,JavaScript,lang_javascript,54527.0,0,0,0.36538011987035596,True
21138,JavaScript,lang_javascript,220000.0,1,1,0.8820028054490633,True
198,JavaScript,lang_javascript,190000.0,1,1,0.967051989078594,True
40354,JavaScript,lang_javascript,127616.0,1,0,0.31021796132217255,False
45591,JavaScript,lang_javascript,96660.0,1,1,0.9452276429871386,True
37567,JavaScript,lang_javascript,200000.0,1,1,0.9542959320244299,True
35527,JavaScript,lang_javascript,170000.0,1,1,0.9674478680390723,True
15561,JavaScript,lang_javascript,54457.0,0,1,0.9846030817503251,False
37110,JavaScript,lang_javascript,111374.0,1,1,0.5709298136537765,True
35041,JavaScript,lang_javascript,67400.0,0,0,0.1011768135215759,True
24489,JavaScript,lang_javascript,40867.0,0,0,0.08431614203809791,True
6928,JavaScript,lang_javascript,104413.0,1,1,0.9268401026347017,True
26412,JavaScript,lang_javascript,280000.0,1,1,0.9715874532535362,True
30385,JavaScript,lang_javascript,27306.0,0,0,0.1186925726730958,True
23626,JavaScript,lang_javascript,44052.0,0,0,0.12218228402463467,True
17326,JavaScript,lang_javascript,73000.0,0,1,0.7354235848489242,False
2836,JavaScript,lang_javascript,100000.0,1,1,0.8512139241265065,True
34918,JavaScript,lang_javascript,104829.0,1,1,0.7432510093464472,True
31982,JavaScript,lang_javascript,165000.0,1,1,0.9716617294362578,True
26572,JavaScript,lang_javascript,137000.0,1,1,0.9567020061360616,True
24270,JavaScript,lang_javascript,250000.0,1,1,0.8558170575060836,True
17521,JavaScript,lang_javascript,120000.0,1,1,0.9885151533925778,True
11668,JavaScript,lang_javascript,112334.0,1,1,0.6215477856492103,True
13526,JavaScript,lang_javascript,46406.0,0,1,0.7222648841499185,False
27112,JavaScript,lang_javascript,9798.0,0,1,0.7590590165129522,False
5913,JavaScript,lang_javascript,46496.0,0,0,0.035772554630225675,True
11720,JavaScript,lang_javascript,136141.0,1,0,0.37412802472100726,False
38243,JavaScript,lang_javascript,195000.0,1,1,0.9893778391374461,True
7718,JavaScript,lang_javascript,73089.0,0,1,0.6239093315394771,False
26653,JavaScript,lang_javascript,18557.0,0,0,0.11699908325047657,True
11828,JavaScript,lang_javascript,64968.0,0,0,0.4823429348158893,True
5249,JavaScript,lang_javascript,141336.0,1,1,0.8891231351286978,True
41308,JavaScript,lang_javascript,190000.0,1,1,0.9822694821699454,True
24261,JavaScript,lang_javascript,75410.0,0,0,0.10857973059309835,True
29340,JavaScript,lang_javascript,39521.0,0,0,0.06414618596603222,True
5221,JavaScript,lang_javascript,254851.0,1,1,0.8025340944762656,True
6323,JavaScript,lang_javascript,62744.0,0,0,0.19578751731763178,True
460,JavaScript,lang_javascript,49886.0,0,0,0.07192562498785794,True
11138,JavaScript,lang_javascript,15619.0,0,0,0.02367678579794248,True
45208,JavaScript,lang_javascript,37900.0,0,0,0.12941794593793893,True
29623,JavaScript,lang_javascript,64736.0,0,1,0.5585186260354628,False
20725,JavaScript,lang_javascript,90491.0,1,1,0.5670602791391208,True
37108,JavaScript,lang_javascript,62409.0,0,1,0.8001531897749888,False
8677,JavaScript,lang_javascript,65496.0,0,0,0.43116619748626084,True
12000,JavaScript,lang_javascript,204500.0,1,1,0.9861390433862793,True
2251,JavaScript,lang_javascript,12093.0,0,0,0.057322580028526096,True
25872,JavaScript,lang_javascript,5580.0,0,0,0.001682865724750001,True
36763,JavaScript,lang_javascript,16507.0,0,0,0.024719786922385592,True
37498,JavaScript,lang_javascript,129250.0,1,1,0.7384293556390571,True
18089,JavaScript,lang_javascript,69609.0,0,0,0.11782978639556765,True
19417,JavaScript,lang_javascript,260000.0,1,1,0.995842057430823,True
30399,JavaScript,lang_javascript,168000.0,1,1,0.7099803872175723,True
29541,JavaScript,lang_javascript,133417.0,1,0,0.46565434293167285,False
14187,JavaScript,lang_javascript,74761.0,0,1,0.6970614975963989,False
2323,JavaScript,lang_javascript,37705.0,0,0,0.09921459927822388,True
34597,JavaScript,lang_javascript,84808.0,1,0,0.23933278744983938,False
1586,JavaScript,lang_javascript,120000.0,1,1,0.931848446748921,True
8586,JavaScript,lang_javascript,74650.0,0,1,0.7427277365861314,False
28864,JavaScript,lang_javascript,4612.0,0,0,0.18192883808234314,True
37308,JavaScript,lang_javascript,210000.0,1,1,0.9823873521198504,True
10199,JavaScript,lang_javascript,48726.0,0,0,0.37821051530578126,True
25746,JavaScript,lang_javascript,7281.0,0,0,0.06891356195070476,True
40514,JavaScript,lang_javascript,116015.0,1,0,0.3122978326457296,False
46022,JavaScript,lang_javascript,33886.0,0,0,0.006300797567535785,True
1534,JavaScript,lang_javascript,110000.0,1,1,0.9283592123065005,True
27611,JavaScript,lang_javascript,1790.0,0,0,0.0016299224621957379,True
43813,JavaScript,lang_javascript,122527.0,1,1,0.8516756403895703,True
22065,JavaScript,lang_javascript,139218.0,1,1,0.7438672971155585,True
21415,JavaScript,lang_javascript,158000.0,1,1,0.9663630458434365,True
37131,JavaScript,lang_javascript,135000.0,1,1,0.9491313422119347,True
46149,JavaScript,lang_javascript,84691.0,1,1,0.6952523708076569,True
2131,JavaScript,lang_javascript,120000.0,1,1,0.9653866416860677,True
48516,JavaScript,lang_javascript,54457.0,0,1,0.6417443461729595,False
2431,JavaScript,lang_javascript,34804.0,0,0,0.172654817134683,True
20480,JavaScript,lang_javascript,138358.0,1,1,0.9572751033122993,True
39371,JavaScript,lang_javascript,40605.0,0,0,0.16280972264862692,True
45891,JavaScript,lang_javascript,162523.0,1,1,0.9728459548872432,True
27609,JavaScript,lang_javascript,36000.0,0,0,0.21654551557028093,True
9349,JavaScript,lang_javascript,50000.0,0,0,0.20472573212029357,True
26915,JavaScript,lang_javascript,70794.0,0,0,0.15034322949257345,True
3472,JavaScript,lang_javascript,330000.0,1,1,0.9785413230496358,True
1247,JavaScript,lang_javascript,29060.0,0,0,0.06499373339304616,True
24076,JavaScript,lang_javascript,220000.0,1,1,0.9742303200085464,True
43609,JavaScript,lang_javascript,52207.0,0,0,0.07380938217486947,True
34779,JavaScript,lang_javascript,5461.0,0,0,0.009098340526338377,True
41842,JavaScript,lang_javascript,162523.0,1,1,0.9056864469086573,True
10352,JavaScript,lang_javascript,63808.0,0,0,0.06909714576163718,True
21020,JavaScript,lang_javascript,150000.0,1,1,0.8810968292189446,True
3051,JavaScript,lang_javascript,143000.0,1,1,0.98697736978077,True
11119,JavaScript,lang_javascript,119124.0,1,1,0.8938779117507306,True
35487,JavaScript,lang_javascript,86314.0,1,1,0.783809222858065,True
40617,JavaScript,lang_javascript,120000.0,1,1,0.9255753517758534,True
46804,JavaScript,lang_javascript,72958.0,0,1,0.8627987004899899,False
12615,JavaScript,lang_javascript,81685.0,1,1,0.7933667435290025,True
19102,JavaScript,lang_javascript,123482.0,1,1,0.6917850410503791,True
491,JavaScript,lang_javascript,2400.0,0,0,0.003525632909317766,True
41304,JavaScript,lang_javascript,220000.0,1,1,0.9665218769120011,True
28695,JavaScript,lang_javascript,1000.0,0,0,0.00038826232964697156,True
14884,JavaScript,lang_javascript,36753.0,0,0,0.10844070793528088,True
13983,JavaScript,lang_javascript,50000.0,0,1,0.8874755704686258,False
39386,JavaScript,lang_javascript,220000.0,1,1,0.974625099836446,True
4065,JavaScript,lang_javascript,272283.0,1,1,0.9516597605089094,True
8251,JavaScript,lang_javascript,60000.0,0,1,0.9100384814097745,False
36282,JavaScript,lang_javascript,29060.0,0,0,0.037917534314659634,True
22286,JavaScript,lang_javascript,148791.0,1,1,0.9673262041886913,True
37973,JavaScript,lang_javascript,31904.0,0,0,0.008160403144281349,True
20846,JavaScript,lang_javascript,102142.0,1,1,0.7480313618949094,True
41386,JavaScript,lang_javascript,162000.0,1,1,0.9852379160837375,True
1063,JavaScript,lang_javascript,71929.0,0,1,0.6834332008060687,False
11415,JavaScript,lang_javascript,65000.0,0,1,0.6180881347016761,False
17330,JavaScript,lang_javascript,81210.0,1,0,0.47240703251290744,False
43556,JavaScript,lang_javascript,115161.0,1,0,0.2491772001210324,False
35220,JavaScript,lang_javascript,34804.0,0,1,0.759941421092881,False
38249,JavaScript,lang_javascript,39000.0,0,1,0.8704718568151734,False
926,JavaScript,lang_javascript,88492.0,1,1,0.555792472054762,True
617,JavaScript,lang_javascript,13949.0,0,0,0.0868818851761056,True
48383,JavaScript,lang_javascript,147071.0,1,1,0.8039200918185366,True
11642,JavaScript,lang_javascript,139218.0,1,1,0.9605549414640163,True
39266,JavaScript,lang_javascript,88492.0,1,1,0.8361013048171982,True
43194,JavaScript,lang_javascript,65348.0,0,1,0.7620107291564663,False
15868,JavaScript,lang_javascript,130000.0,1,1,0.9398179453560475,True
40927,JavaScript,lang_javascript,155521.0,1,1,0.93622066010059,True
13709,JavaScript,lang_javascript,75410.0,0,0,0.437496819985511,True
43769,JavaScript,lang_javascript,7200.0,0,0,0.006660206847784871,True
11239,JavaScript,lang_javascript,149756.0,1,1,0.8867494640963383,True
14960,JavaScript,lang_javascript,69609.0,0,0,0.4129564161991473,True
33340,JavaScript,lang_javascript,110000.0,1,1,0.8133018180362697,True
34122,JavaScript,lang_javascript,52411.0,0,0,0.16794252821766079,True
14069,JavaScript,lang_javascript,40605.0,0,0,0.1457870914399018,True
34607,JavaScript,lang_javascript,92812.0,1,1,0.5557784451296041,True
35082,JavaScript,lang_javascript,140000.0,1,1,0.9874192719948633,True
1718,JavaScript,lang_javascript,12060.0,0,0,0.12392968734712106,True
2335,JavaScript,lang_javascript,136432.0,1,0,0.23550271381807972,False
40863,JavaScript,lang_javascript,104413.0,1,1,0.7952853379104231,True
14602,JavaScript,lang_javascript,58007.0,0,0,0.06033902491904948,True
39218,JavaScript,lang_javascript,55671.0,0,0,0.22967560189009914,True
13222,JavaScript,lang_javascript,46406.0,0,0,0.15857656334268574,True
37579,JavaScript,lang_javascript,73541.0,0,1,0.6259912880458804,False
9840,JavaScript,lang_javascript,115720.0,1,1,0.8175438721796909,True
2333,JavaScript,lang_javascript,10800.0,0,0,0.03612168342987341,True
4716,JavaScript,lang_javascript,69744.0,0,0,0.165979077043591,True
6141,JavaScript,lang_javascript,76570.0,1,0,0.4488093574208619,False
47577,JavaScript,lang_javascript,155000.0,1,1,0.942439179324476,True
2177,JavaScript,lang_javascript,116015.0,1,1,0.6598419354662571,True
36844,JavaScript,lang_javascript,97452.0,1,1,0.8126777672060341,True
28983,JavaScript,lang_javascript,145000.0,1,1,0.9932517028010397,True
48336,JavaScript,lang_javascript,55714.0,0,0,0.1946749513975915,True
42744,JavaScript,lang_javascript,43009.0,0,0,0.09454490471694076,True
28735,JavaScript,lang_javascript,64238.0,0,1,0.6777242348683264,False
34602,JavaScript,lang_javascript,69609.0,0,0,0.22981316709470623,True
12098,JavaScript,lang_javascript,46496.0,0,0,0.04090809298025971,True
15874,JavaScript,lang_javascript,72958.0,0,1,0.7326546016478612,False
17221,JavaScript,lang_javascript,32484.0,0,1,0.7253811131974868,False
40377,JavaScript,lang_javascript,221000.0,1,1,0.9695330704924504,True
46134,JavaScript,lang_javascript,116015.0,1,1,0.6392812968264553,True
17954,JavaScript,lang_javascript,58541.0,0,0,0.17204585423716018,True
27409,JavaScript,lang_javascript,110214.0,1,1,0.8324600522348201,True
25012,JavaScript,lang_javascript,102106.0,1,1,0.5538769848197805,True
13162,JavaScript,lang_javascript,116015.0,1,1,0.7276426630098585,True
27304,JavaScript,lang_javascript,17225.0,0,0,0.14047717338961774,True
46554,JavaScript,lang_javascript,6974.0,0,0,0.014920196641475656,True
3583,JavaScript,lang_javascript,70208.0,0,1,0.6512213429393773,False
13049,JavaScript,lang_javascript,17738.0,0,0,0.06381940803361133,True
32196,JavaScript,lang_javascript,40000.0,0,0,0.1975561034940754,True
42242,JavaScript,lang_javascript,1162.0,0,0,0.0002651242486671096,True
23675,JavaScript,lang_javascript,136141.0,1,1,0.5948068705068542,True
3133,JavaScript,lang_javascript,130000.0,1,1,0.9107478450731942,True
29149,JavaScript,lang_javascript,17558.0,0,0,0.05372362056643107,True
3158,JavaScript,lang_javascript,77361.0,1,1,0.567403538498273,True
35759,JavaScript,lang_javascript,8137.0,0,0,0.05157780974429635,True
24250,JavaScript,lang_javascript,32484.0,0,0,0.10889757197926637,True
40161,JavaScript,lang_javascript,62721.0,0,0,0.4847473203689204,True
33113,JavaScript,lang_javascript,84568.0,1,0,0.13719385915310592,False
30821,JavaScript,lang_javascript,30804.0,0,0,0.12893178104320296,True
21263,JavaScript,lang_javascript,60000.0,0,1,0.9406788158756728,False
31400,JavaScript,lang_javascript,53376.0,0,0,0.13820952054073748,True
42239,JavaScript,lang_javascript,46406.0,0,0,0.17561297457144914,True
4230,JavaScript,lang_javascript,32474.0,0,0,0.3777616308022274,True
8027,JavaScript,lang_javascript,184185.0,1,1,0.6086539719347285,True
26473,JavaScript,lang_javascript,100000.0,1,1,0.9869566004341435,True
9338,JavaScript,lang_javascript,87011.0,1,1,0.7228838355696571,True
44799,JavaScript,lang_javascript,1000.0,0,1,0.8659379793756441,False
4956,JavaScript,lang_javascript,180000.0,1,1,0.8781341195869999,True
14301,JavaScript,lang_javascript,58946.0,0,1,0.7142170180201161,False
13456,JavaScript,lang_javascript,45294.0,0,0,0.1301841912325268,True
16908,JavaScript,lang_javascript,61000.0,0,1,0.7977966292510611,False
14427,JavaScript,lang_javascript,50118.0,0,0,0.13908494758121456,True
10388,JavaScript,lang_javascript,66128.0,0,0,0.27939202350967657,True
28236,JavaScript,lang_javascript,20631.0,0,0,0.16583886101114834,True
409,JavaScript,lang_javascript,205000.0,1,1,0.9901091797772663,True
40497,JavaScript,lang_javascript,109438.0,1,1,0.7880222266772064,True
9594,JavaScript,lang_javascript,34700.0,0,0,0.04268130433990452,True
18603,JavaScript,lang_javascript,7541.0,0,0,0.007652938891203252,True
11704,JavaScript,lang_javascript,217462.0,1,1,0.9102991337181505,True
14015,JavaScript,lang_javascript,156950.0,1,0,0.330426793466612,False
2568,JavaScript,lang_javascript,92000.0,1,1,0.7495700494866187,True
40539,JavaScript,lang_javascript,67655.0,0,0,0.24583933311079456,True
7515,JavaScript,lang_javascript,225000.0,1,1,0.9598487771932743,True
2684,JavaScript,lang_javascript,130000.0,1,1,0.9001730259837871,True
15417,JavaScript,lang_javascript,143420.0,1,1,0.9452795296288032,True
35804,JavaScript,lang_javascript,60000.0,0,0,0.008032409986071498,True
19772,JavaScript,lang_javascript,84691.0,1,1,0.8151308499547741,True
30389,JavaScript,lang_javascript,208826.0,1,0,0.1433923781723264,False
10913,JavaScript,lang_javascript,53095.0,0,0,0.1580578021555265,True
26902,JavaScript,lang_javascript,87011.0,1,1,0.6036262988993816,True
45948,JavaScript,lang_javascript,92812.0,1,0,0.22103731565178153,False
15261,JavaScript,lang_javascript,150000.0,1,1,0.9723129010373048,True
3944,JavaScript,lang_javascript,1264.0,0,0,0.014632629510812751,True
4144,JavaScript,lang_javascript,88171.0,1,1,0.7276480382392255,True
19598,JavaScript,lang_javascript,100000.0,1,1,0.783561804763336,True
3299,JavaScript,lang_javascript,50000.0,0,1,0.7085943226879975,False
5027,JavaScript,lang_javascript,100000.0,1,1,0.8821471681399006,True
14382,JavaScript,lang_javascript,30164.0,0,0,0.16572688624096513,True
28222,JavaScript,lang_javascript,140417.0,1,0,0.4291545534282583,False
14503,JavaScript,lang_javascript,108126.0,1,1,0.9726308427213477,True
12345,JavaScript,lang_javascript,5400.0,0,0,0.02505964983978222,True
11472,JavaScript,lang_javascript,70208.0,0,0,0.2450930238231573,True
13214,JavaScript,lang_javascript,31313.0,0,0,0.01757440187335125,True
30635,JavaScript,lang_javascript,104015.0,1,1,0.9574868764445823,True
35797,JavaScript,lang_javascript,88492.0,1,1,0.7652915271843003,True
2099,JavaScript,lang_javascript,66709.0,0,0,0.3406941605827434,True
45536,JavaScript,lang_javascript,200000.0,1,1,0.9730580170231787,True
28207,JavaScript,lang_javascript,6187.0,0,0,0.018208462631455417,True
14654,JavaScript,lang_javascript,108424.0,1,0,0.4534387331690511,False
11385,JavaScript,lang_javascript,81761.0,1,0,0.4031071376393703,False
20349,JavaScript,lang_javascript,81689.0,1,1,0.5300110255936572,True
30354,JavaScript,lang_javascript,118000.0,1,1,0.8528783028217383,True
15666,JavaScript,lang_javascript,50314.0,0,1,0.5459407733833079,False
20541,JavaScript,lang_javascript,47932.0,0,0,0.04812385907821708,True
1800,JavaScript,lang_javascript,58946.0,0,0,0.28419989794908396,True
22000,JavaScript,lang_javascript,12273.0,0,0,0.05951735620271373,True
3205,JavaScript,lang_javascript,315000.0,1,1,0.9490223055648045,True
7923,JavaScript,lang_javascript,102142.0,1,1,0.8429584340975328,True
40232,JavaScript,lang_javascript,74878.0,0,1,0.7809680630182302,False
35222,JavaScript,lang_javascript,33886.0,0,0,0.08429964920784963,True
6850,JavaScript,lang_javascript,108566.0,1,0,0.21866904237928553,False
13310,JavaScript,lang_javascript,81004.0,1,1,0.5488151520649583,True
21159,JavaScript,lang_javascript,225000.0,1,1,0.9892588219385646,True
12868,JavaScript,lang_javascript,20883.0,0,0,0.08325005687768638,True
11135,JavaScript,lang_javascript,180000.0,1,1,0.906484911246098,True
14978,JavaScript,lang_javascript,52207.0,0,0,0.2222111273098179,True
44540,JavaScript,lang_javascript,54611.0,0,0,0.059293243042717325,True
10873,JavaScript,lang_javascript,35500.0,0,0,0.1297338321731158,True
6654,JavaScript,lang_javascript,12014.0,0,0,0.006456236942370924,True
6087,JavaScript,lang_javascript,104413.0,1,1,0.6284565549584346,True
44964,JavaScript,lang_javascript,173000.0,1,1,0.955580934236843,True
2437,JavaScript,lang_javascript,170000.0,1,1,0.9897682602880712,True
44766,JavaScript,lang_javascript,32674.0,0,0,0.34319997094294247,True
19593,JavaScript,lang_javascript,84512.0,1,1,0.7612268963160426,True
35060,JavaScript,lang_javascript,5300.0,0,0,0.049759118101365137,True
7001,JavaScript,lang_javascript,46406.0,0,0,0.45164916116216525,True
18926,JavaScript,lang_javascript,143356.0,1,1,0.8641467173947884,True
41219,JavaScript,lang_javascript,185623.0,1,1,0.7683272415558939,True
39917,JavaScript,lang_javascript,78011.0,1,1,0.5406816414414048,True
26768,JavaScript,lang_javascript,63808.0,0,0,0.4687498319686866,True
21078,JavaScript,lang_javascript,32831.0,0,1,0.7149268878655465,False
40136,JavaScript,lang_javascript,95000.0,1,1,0.9540095382208359,True
9295,JavaScript,lang_javascript,127616.0,1,1,0.550041010014858,True
11631,JavaScript,lang_javascript,210000.0,1,1,0.9951775897341891,True
40122,JavaScript,lang_javascript,46845.0,0,0,0.22920295243122704,True
18034,JavaScript,lang_javascript,130000.0,1,1,0.9545921430917165,True
44554,JavaScript,lang_javascript,150000.0,1,1,0.9709054165406792,True
15794,JavaScript,lang_javascript,31324.0,0,0,0.04757936496424088,True
463,JavaScript,lang_javascript,130000.0,1,1,0.8854072379906198,True
3202,JavaScript,lang_javascript,200000.0,1,1,0.9889958835956949,True
4997,JavaScript,lang_javascript,93611.0,1,0,0.3043647645577251,False
37839,JavaScript,lang_javascript,320000.0,1,1,0.9707407213297158,True
29219,JavaScript,lang_javascript,104015.0,1,1,0.7144438406999346,True
11159,JavaScript,lang_javascript,19103.0,0,0,0.009842118059278706,True
8581,JavaScript,lang_javascript,72610.0,0,1,0.8084637094753276,False
34811,JavaScript,lang_javascript,155000.0,1,1,0.9837060874583399,True
37052,JavaScript,lang_javascript,79223.0,1,1,0.702071745303758,True
21531,JavaScript,lang_javascript,114545.0,1,1,0.8601153107219729,True
6794,JavaScript,lang_javascript,267500.0,1,1,0.8949009464570818,True
29169,JavaScript,lang_javascript,340000.0,1,1,0.9979619244044445,True
2098,JavaScript,lang_javascript,23759.0,0,0,0.18547227399951907,True
40473,JavaScript,lang_javascript,30436.0,0,0,0.30520783696689197,True
5651,JavaScript,lang_javascript,73375.0,0,0,0.47692421573922583,True
24514,JavaScript,lang_javascript,167000.0,1,1,0.9715331403621585,True
18825,JavaScript,lang_javascript,218875.0,1,1,0.6267785385696446,True
42034,JavaScript,lang_javascript,11504.0,0,0,0.01623971552192529,True
28459,JavaScript,lang_javascript,4650.0,0,0,0.018373689979477997,True
36284,JavaScript,lang_javascript,111374.0,1,1,0.9287103831740033,True
41092,JavaScript,lang_javascript,69609.0,0,1,0.53594429375752,False
11116,JavaScript,lang_javascript,185000.0,1,1,0.993864036234421,True
5576,JavaScript,lang_javascript,4873.0,0,0,0.006315915515920146,True
37529,JavaScript,lang_javascript,546.0,0,0,0.00792550480719309,True
46702,JavaScript,lang_javascript,25523.0,0,0,0.08772072205629491,True
28829,JavaScript,lang_javascript,1291.0,0,0,0.01123026092427026,True
36911,JavaScript,lang_javascript,14387.0,0,0,0.043768211719145494,True
14814,JavaScript,lang_javascript,61239.0,0,0,0.1768592280869329,True
5163,JavaScript,lang_javascript,47063.0,0,0,0.42956590076471673,True
19461,JavaScript,lang_javascript,135530.0,1,1,0.776302491541647,True
8901,JavaScript,lang_javascript,68071.0,0,1,0.812934798072569,False
44905,JavaScript,lang_javascript,10462.0,0,0,0.00994523344149305,True
3052,JavaScript,lang_javascript,58367.0,0,1,0.6026603308537076,False
13961,JavaScript,lang_javascript,300000.0,1,1,0.90324256010924,True
10182,JavaScript,lang_javascript,94262.0,1,0,0.1798613173914205,False
46945,JavaScript,lang_javascript,4068.0,0,0,0.019392820989902727,True
20097,JavaScript,lang_javascript,133823.0,1,0,0.412667257093888,False
35686,JavaScript,lang_javascript,180000.0,1,1,0.9670788768112543,True
1032,JavaScript,lang_javascript,14502.0,0,0,0.014442295519394664,True
5870,JavaScript,lang_javascript,165000.0,1,1,0.88735884825568,True
48602,JavaScript,lang_javascript,65533.0,0,0,0.20650583432015232,True
3116,JavaScript,lang_javascript,135000.0,1,1,0.6381958791834799,True
17932,JavaScript,lang_javascript,140000.0,1,1,0.6757621991158882,True
3208,JavaScript,lang_javascript,220000.0,1,1,0.9754139178491618,True
36822,JavaScript,lang_javascript,25485.0,0,0,0.207107504858192,True
962,JavaScript,lang_javascript,200000.0,1,1,0.9906213092046556,True
24571,JavaScript,lang_javascript,4214.0,0,0,0.02887673535107012,True
673,JavaScript,lang_javascript,130000.0,1,1,0.9934332199038775,True
3448,JavaScript,lang_javascript,85271.0,1,0,0.369711219125038,False
24475,JavaScript,lang_javascript,90000.0,1,0,0.01623935502383314,False
43291,JavaScript,lang_javascript,3712.0,0,1,0.5201021742144738,False
731,JavaScript,lang_javascript,30623.0,0,0,0.33759169023812,True
40828,JavaScript,lang_javascript,120000.0,1,1,0.830572638786328,True
7076,JavaScript,lang_javascript,90000.0,1,1,0.796243472901394,True
40973,JavaScript,lang_javascript,144500.0,1,1,0.854369472401107,True
20658,JavaScript,lang_javascript,69609.0,0,0,0.29053669037926005,True
3943,JavaScript,lang_javascript,66709.0,0,1,0.7216729467062808,False
3983,JavaScript,lang_javascript,66128.0,0,0,0.44330274158354765,True
2556,JavaScript,lang_javascript,104413.0,1,1,0.5107137297688448,True
30566,JavaScript,lang_javascript,50000.0,0,1,0.969697035700223,False
17385,JavaScript,lang_javascript,138431.0,1,1,0.9193267099792313,True
3834,JavaScript,lang_javascript,20296.0,0,0,0.0500246144412223,True
15398,JavaScript,lang_javascript,124416.0,1,1,0.964699291479125,True
9278,JavaScript,lang_javascript,107265.0,1,1,0.9056513577093905,True
46339,JavaScript,lang_javascript,60328.0,0,0,0.3024336608309939,True
36850,JavaScript,lang_javascript,1000.0,0,0,0.07533897254320558,True
14847,JavaScript,lang_javascript,16706.0,0,0,0.016529618796748503,True
44330,JavaScript,lang_javascript,75000.0,0,1,0.8722884512490844,False
25764,JavaScript,lang_javascript,148791.0,1,1,0.8121281847834015,True
28167,JavaScript,lang_javascript,127616.0,1,1,0.904717341394692,True
25369,JavaScript,lang_javascript,58471.0,0,1,0.720557516357518,False
3738,JavaScript,lang_javascript,59301.0,0,0,0.3017937492166258,True
276,JavaScript,lang_javascript,34804.0,0,0,0.21206338273596342,True
40865,JavaScript,lang_javascript,11978.0,0,0,0.10436084124664008,True
48222,JavaScript,lang_javascript,180000.0,1,1,0.8225983369574961,True
39378,JavaScript,lang_javascript,91018.0,1,0,0.1402178330791237,False
7024,JavaScript,lang_javascript,6177.0,0,0,0.029961085502674626,True
28196,JavaScript,lang_javascript,75410.0,0,1,0.579564629276977,False
5871,JavaScript,lang_javascript,136520.0,1,1,0.9116874422968887,True
11820,JavaScript,lang_javascript,62015.0,0,0,0.36289874508432274,True
44204,JavaScript,lang_javascript,108913.0,1,1,0.5261571265972648,True
2673,JavaScript,lang_javascript,10000.0,0,0,0.035493592052076535,True
35756,JavaScript,lang_javascript,300000.0,1,1,0.9560993167942686,True
4784,JavaScript,lang_javascript,43565.0,0,0,0.11759327178758935,True
18477,JavaScript,lang_javascript,104000.0,1,1,0.737097566473514,True
12894,JavaScript,lang_javascript,92812.0,1,0,0.4732997386675863,False
443,JavaScript,lang_javascript,55687.0,0,0,0.41893076529070006,True
6751,JavaScript,lang_javascript,31809.0,0,0,0.012611962412322469,True
27790,JavaScript,lang_javascript,133919.0,1,1,0.6825133650561284,True
36961,JavaScript,lang_javascript,59307.0,0,0,0.16864101473177157,True
25124,JavaScript,lang_javascript,58007.0,0,0,0.4089713045709148,True
38894,JavaScript,lang_javascript,41765.0,0,1,0.6665686204213702,False
1951,JavaScript,lang_javascript,99773.0,1,1,0.7064030500667999,True
35399,JavaScript,lang_javascript,83203.0,1,1,0.7406131915901424,True
36744,JavaScript,lang_javascript,100000.0,1,1,0.769410547232614,True
39129,JavaScript,lang_javascript,17687.0,0,0,0.0792139678318053,True
45640,JavaScript,lang_javascript,500.0,0,0,0.013408297573100462,True
12552,JavaScript,lang_javascript,58007.0,0,0,0.23851430331294307,True
28077,JavaScript,lang_javascript,60328.0,0,1,0.6485187417594862,False
4986,JavaScript,lang_javascript,119094.0,1,0,0.49405444074293736,False
19914,JavaScript,lang_javascript,74249.0,0,1,0.7188341554416157,False
28317,JavaScript,lang_javascript,53367.0,0,1,0.5406048546716529,False
38557,JavaScript,lang_javascript,56604.0,0,1,0.7414654297612615,False
27225,JavaScript,lang_javascript,13780.0,0,0,0.013728198575621978,True
4999,JavaScript,lang_javascript,69609.0,0,1,0.7402534147546277,False
28878,JavaScript,lang_javascript,104000.0,1,1,0.8538539877561514,True
12566,JavaScript,lang_javascript,124000.0,1,1,0.746961919458823,True
3986,JavaScript,lang_javascript,41640.0,0,0,0.13848944965550486,True
3552,JavaScript,lang_javascript,58471.0,0,0,0.12200832374797961,True
5557,JavaScript,lang_javascript,51407.0,0,0,0.3528345697910118,True
15673,JavaScript,lang_javascript,40000.0,0,1,0.6335948108095363,False
33440,JavaScript,lang_javascript,44086.0,0,0,0.1432669753397237,True
5047,JavaScript,lang_javascript,13209.0,0,0,0.07685975449585798,True
20517,JavaScript,lang_javascript,959.0,0,0,0.03548953905208224,True
31349,JavaScript,lang_javascript,75472.0,0,0,0.35598174999512705,True
42767,JavaScript,lang_javascript,174022.0,1,1,0.6130282641962025,True
14237,JavaScript,lang_javascript,162523.0,1,1,0.8095077662263265,True
8126,JavaScript,lang_javascript,33072.0,0,0,0.1248854535700269,True
32330,JavaScript,lang_javascript,1007.0,0,0,0.12310119221126485,True
34622,JavaScript,lang_javascript,27268.0,0,0,0.09095018307109497,True
12337,JavaScript,lang_javascript,22056.0,0,1,0.7158492230919691,False
39533,JavaScript,lang_javascript,64933.0,0,1,0.743620082266653,False
46898,JavaScript,lang_javascript,71168.0,0,0,0.21967403301524907,True
27520,JavaScript,lang_javascript,93000.0,1,1,0.8696211582975145,True
11000,JavaScript,lang_javascript,120000.0,1,1,0.7780014059298856,True
24799,JavaScript,lang_javascript,120000.0,1,1,0.9107035372442496,True
28206,JavaScript,lang_javascript,114359.0,1,1,0.7845357307636046,True
46147,JavaScript,lang_javascript,104413.0,1,1,0.5854125400499051,True
44558,JavaScript,lang_javascript,90491.0,1,0,0.34782432861453083,False
21284,JavaScript,lang_javascript,47500.0,0,1,0.5268078082546046,False
26217,JavaScript,lang_javascript,42412.0,0,0,0.42969130694663327,True
18524,JavaScript,lang_javascript,125000.0,1,1,0.8921414275169435,True
33676,JavaScript,lang_javascript,97452.0,1,0,0.3144786967479561,False
26881,JavaScript,lang_javascript,48726.0,0,0,0.4927532229294783,True
45583,JavaScript,lang_javascript,13922.0,0,0,0.3525214045833043,True
5672,JavaScript,lang_javascript,92000.0,1,1,0.5529525114905322,True
42156,JavaScript,lang_javascript,180000.0,1,1,0.978887664072915,True
12870,JavaScript,lang_javascript,90353.0,1,1,0.7714427554902613,True
36156,JavaScript,lang_javascript,2906.0,0,0,0.022067009346755793,True
46865,JavaScript,lang_javascript,257770.0,1,1,0.8728082101601691,True
6474,JavaScript,lang_javascript,40127.0,0,1,0.6701165543212481,False
9787,JavaScript,lang_javascript,76566.0,1,1,0.7415546612655985,True
27212,JavaScript,lang_javascript,54449.0,0,0,0.288904253912923,True
14163,JavaScript,lang_javascript,55723.0,0,0,0.1311313047124675,True
3931,JavaScript,lang_javascript,46496.0,0,0,0.20253988906354042,True
310,JavaScript,lang_javascript,63808.0,0,1,0.6022922829648641,False
15410,JavaScript,lang_javascript,95299.0,1,1,0.7293383219357256,True
37381,JavaScript,lang_javascript,9006.0,0,0,0.4257960125298015,True
17715,JavaScript,lang_javascript,68581.0,0,1,0.604123586696726,False
45280,JavaScript,lang_javascript,58007.0,0,0,0.3582764259069174,True
13799,JavaScript,lang_javascript,20000.0,0,0,0.09832375472108901,True
1180,JavaScript,lang_javascript,224000.0,1,1,0.9890004214309482,True
38335,JavaScript,lang_javascript,210000.0,1,1,0.9628310808894922,True
10995,JavaScript,lang_javascript,25000.0,0,0,0.15465559610720778,True
24920,JavaScript,lang_javascript,17402.0,0,0,0.0046233011179911115,True
16252,JavaScript,lang_javascript,266834.0,1,1,0.9728420850500987,True
41953,JavaScript,lang_javascript,98612.0,1,1,0.6599727748671331,True
32988,JavaScript,lang_javascript,92786.0,1,1,0.5233164124368114,True
37181,JavaScript,lang_javascript,48726.0,0,0,0.2290372998303998,True
2425,JavaScript,lang_javascript,5000.0,0,0,0.12755302971962784,True
18196,JavaScript,lang_javascript,30000.0,0,0,0.25010980565108465,True
17561,JavaScript,lang_javascript,174022.0,1,1,0.75309877735949,True
31012,JavaScript,lang_javascript,266834.0,1,1,0.93540951578556,True
16119,JavaScript,lang_javascript,73375.0,0,0,0.3019536276673071,True
29880,JavaScript,lang_javascript,70208.0,0,0,0.21028506838528332,True
10596,JavaScript,lang_javascript,200000.0,1,1,0.9224092433437558,True
25656,JavaScript,lang_javascript,319659.0,1,0,0.021485703141315034,False
8405,JavaScript,lang_javascript,80323.0,1,1,0.7493123718905562,True
37774,JavaScript,lang_javascript,40663.0,0,0,0.2792550106868493,True
28084,JavaScript,lang_javascript,46429.0,0,0,0.053668452873966384,True
5258,JavaScript,lang_javascript,6822.0,0,1,0.8524879609709515,False
26864,JavaScript,lang_javascript,16564.0,0,0,0.06330940035113153,True
17001,JavaScript,lang_javascript,41515.0,0,0,0.09868156083226157,True
995,JavaScript,lang_javascript,23203.0,0,1,0.6043775253571682,False
735,JavaScript,lang_javascript,175000.0,1,1,0.9803299890250503,True
11205,JavaScript,lang_javascript,387.0,0,0,0.07262306354185415,True
18156,JavaScript,lang_javascript,170000.0,1,1,0.9673718482466472,True
16144,JavaScript,lang_javascript,34804.0,0,0,0.0726021978256468,True
15009,JavaScript,lang_javascript,27306.0,0,1,0.5401947892988102,False
5631,JavaScript,lang_javascript,81038.0,1,1,0.7879578068570912,True
16021,JavaScript,lang_javascript,81318.0,1,0,0.2896731010474933,False
13957,JavaScript,lang_javascript,54611.0,0,0,0.24096792122704513,True
11512,JavaScript,lang_javascript,4093.0,0,0,0.18571583668581498,True
464,JavaScript,lang_javascript,67400.0,0,0,0.06670245973972659,True
2904,JavaScript,lang_javascript,91215.0,1,1,0.7479307347480987,True
950,JavaScript,lang_javascript,47650.0,0,0,0.46216211600725576,True
19798,JavaScript,lang_javascript,58120.0,0,0,0.12760862497956096,True
37141,JavaScript,lang_javascript,2666.0,0,0,0.2286348996885214,True
18629,JavaScript,lang_javascript,133417.0,1,0,0.1123961571231135,False
22223,JavaScript,lang_javascript,45480.0,0,1,0.6880790757228644,False
21067,JavaScript,lang_javascript,157000.0,1,1,0.8481136110950925,True
13818,JavaScript,lang_javascript,3000.0,0,0,0.05050890496997401,True
5098,JavaScript,lang_javascript,83000.0,1,1,0.7613787951579589,True
16210,JavaScript,lang_javascript,23203.0,0,0,0.025473793912103783,True
39849,JavaScript,lang_javascript,26735.0,0,0,0.03338192948779012,True
11672,JavaScript,lang_javascript,106000.0,1,1,0.9309662436785505,True
3566,JavaScript,lang_javascript,81210.0,1,0,0.21611927160392894,False
48821,JavaScript,lang_javascript,165000.0,1,1,0.9129237944328963,True
25244,JavaScript,lang_javascript,10462.0,0,0,0.020250554442844904,True
37237,JavaScript,lang_javascript,50000.0,0,0,0.20566263737114296,True
15564,JavaScript,lang_javascript,114447.0,1,1,0.8255824631716078,True
26594,JavaScript,lang_javascript,429.0,0,0,0.0257543498288533,True
15987,JavaScript,lang_javascript,46496.0,0,0,0.10119131044721552,True
18876,JavaScript,lang_javascript,52207.0,0,0,0.14007324526779233,True
42354,JavaScript,lang_javascript,29568.0,0,0,0.1282402545364178,True
18264,JavaScript,lang_javascript,165000.0,1,1,0.957503995226599,True
6724,JavaScript,lang_javascript,176984.0,1,1,0.9015147593008532,True
37716,JavaScript,lang_javascript,69609.0,0,0,0.16339984683881775,True
17095,JavaScript,lang_javascript,232029.0,1,0,0.3863267361853096,False
31611,JavaScript,lang_javascript,139350.0,1,1,0.7787560026097359,True
14595,JavaScript,lang_javascript,73375.0,0,0,0.38662096096496373,True
14909,JavaScript,lang_javascript,205000.0,1,1,0.9908010029757124,True
9413,JavaScript,lang_javascript,259.0,0,0,0.031088799986326538,True
22039,JavaScript,lang_javascript,40684.0,0,0,0.10975582426754321,True
147,JavaScript,lang_javascript,114981.0,1,1,0.9374102248327165,True
2187,JavaScript,lang_javascript,235000.0,1,1,0.8839858940918681,True
37372,JavaScript,lang_javascript,88400.0,1,1,0.5543603112880165,True
34437,JavaScript,lang_javascript,73089.0,0,0,0.3452636495681733,True
6590,JavaScript,lang_javascript,204000.0,1,1,0.8234430746681505,True
45014,JavaScript,lang_javascript,250000.0,1,1,0.9939356781375266,True
6695,JavaScript,lang_javascript,150000.0,1,1,0.917229433490846,True
42418,JavaScript,lang_javascript,116015.0,1,1,0.9358949247351173,True
38088,JavaScript,lang_javascript,63808.0,0,1,0.5539662623576571,False
29585,JavaScript,lang_javascript,72393.0,0,1,0.5626392858897429,False
20803,JavaScript,lang_javascript,75472.0,0,0,0.15976910085285187,True
25914,JavaScript,lang_javascript,43565.0,0,0,0.13525007507292827,True
32586,JavaScript,lang_javascript,174022.0,1,1,0.5854985048743758,True
40571,JavaScript,lang_javascript,240000.0,1,1,0.9044263817586999,True
46420,JavaScript,lang_javascript,4745.0,0,0,0.03219906053354116,True
11087,JavaScript,lang_javascript,10000.0,0,1,0.8758365506402984,False
28444,JavaScript,lang_javascript,5461.0,0,0,0.019615245753966604,True
44645,JavaScript,lang_javascript,34804.0,0,0,0.10478438205920367,True
28933,JavaScript,lang_javascript,140000.0,1,1,0.9576315891591863,True
20033,JavaScript,lang_javascript,64968.0,0,0,0.32062714611468945,True
15490,JavaScript,lang_javascript,280000.0,1,1,0.8454606183778745,True
45949,JavaScript,lang_javascript,98612.0,1,1,0.5743698602654768,True
18299,JavaScript,lang_javascript,2904.0,0,0,0.10717246107503749,True
14176,JavaScript,lang_javascript,87550.0,1,1,0.9082958784691576,True
4240,JavaScript,lang_javascript,29004.0,0,0,0.01728384088429479,True
21584,JavaScript,lang_javascript,9880.0,0,0,0.043281988075055226,True
27752,JavaScript,lang_javascript,160000.0,1,1,0.9060957011337584,True
9100,JavaScript,lang_javascript,54719.0,0,0,0.2982512317732292,True
22889,JavaScript,lang_javascript,232029.0,1,1,0.8851065388882506,True
2450,JavaScript,lang_javascript,61264.0,0,0,0.15361617005599787,True
22794,JavaScript,lang_javascript,128000.0,1,1,0.9302851965133432,True
2532,JavaScript,lang_javascript,10194.0,0,0,0.009971239148832516,True
16770,JavaScript,lang_javascript,20883.0,0,0,0.002663389095904828,True
35044,JavaScript,lang_javascript,49011.0,0,1,0.568408602888524,False
6449,JavaScript,lang_javascript,265000.0,1,1,0.9833400626523099,True
18518,JavaScript,lang_javascript,16338.0,0,0,0.033335635649666594,True
38753,JavaScript,lang_javascript,102106.0,1,1,0.7998696541411676,True
8143,JavaScript,lang_javascript,46406.0,0,0,0.255211228046234,True
31989,JavaScript,lang_javascript,114000.0,1,1,0.8205610966938259,True
3037,JavaScript,lang_javascript,305000.0,1,1,0.9630838013475846,True
36745,JavaScript,lang_javascript,100000.0,1,1,0.9308011282271149,True
28522,JavaScript,lang_javascript,104829.0,1,0,0.4275369753543865,False
34462,JavaScript,lang_javascript,74539.0,0,0,0.4679261683260563,True
1056,JavaScript,lang_javascript,73901.0,0,0,0.010165499396929664,True
5248,JavaScript,lang_javascript,68071.0,0,0,0.36527565859532996,True
3711,JavaScript,lang_javascript,160000.0,1,1,0.9909689522310936,True
4614,JavaScript,lang_javascript,34804.0,0,0,0.03471094632959667,True
21047,JavaScript,lang_javascript,1820.0,0,0,0.11068816664340192,True
33136,JavaScript,lang_javascript,14592.0,0,1,0.5866766871963346,False
44910,JavaScript,lang_javascript,145917.0,1,1,0.9497333187671363,True
11394,JavaScript,lang_javascript,162000.0,1,1,0.9245867569987462,True
11519,JavaScript,lang_javascript,55139.0,0,1,0.5877664335113978,False
42127,JavaScript,lang_javascript,117657.0,1,1,0.8800282414386097,True
43547,JavaScript,lang_javascript,115.0,0,0,0.19021182929197564,True
21513,JavaScript,lang_javascript,350000.0,1,1,0.9102847044877083,True
33481,JavaScript,lang_javascript,4877.0,0,0,0.007801276637520216,True
15594,JavaScript,lang_javascript,116015.0,1,1,0.5719656961602448,True
21110,JavaScript,lang_javascript,340000.0,1,1,0.9907041974628493,True
25173,JavaScript,lang_javascript,8007.0,0,0,0.06171526954291783,True
15065,JavaScript,lang_javascript,120000.0,1,1,0.9743577920456856,True
39314,JavaScript,lang_javascript,215000.0,1,1,0.9556549818582198,True
6535,JavaScript,lang_javascript,160000.0,1,1,0.9628455415980975,True
45214,JavaScript,lang_javascript,12254.0,0,0,0.007701380292973178,True
41774,JavaScript,lang_javascript,19761.0,0,0,0.021639537743415496,True
20195,JavaScript,lang_javascript,29060.0,0,0,0.05711146598752213,True
29502,JavaScript,lang_javascript,59529.0,0,0,0.2373744003740631,True
34902,JavaScript,lang_javascript,128000.0,1,1,0.9614191942870226,True
37095,JavaScript,lang_javascript,69609.0,0,1,0.6763789542770842,False
46189,JavaScript,lang_javascript,100000.0,1,0,0.09401898487480605,False
24805,JavaScript,lang_javascript,267.0,0,0,0.04762959243078582,True
44250,JavaScript,lang_javascript,49886.0,0,0,0.09441946985370886,True
281,JavaScript,lang_javascript,106190.0,1,1,0.7087375669193674,True
20172,JavaScript,lang_javascript,46806.0,0,0,0.09318323730326387,True
3086,JavaScript,lang_javascript,128068.0,1,1,0.7134855721422463,True
5558,JavaScript,lang_javascript,50000.0,0,1,0.7984588345992231,False
45270,JavaScript,lang_javascript,310000.0,1,1,0.9830325397380154,True
22940,JavaScript,lang_javascript,66128.0,0,0,0.23571727542735035,True
17065,JavaScript,lang_javascript,139218.0,1,0,0.3469430673101168,False
40914,JavaScript,lang_javascript,1845.0,0,0,0.0952523833079824,True
8421,JavaScript,lang_javascript,118443.0,1,1,0.7330426278686347,True
29485,JavaScript,lang_javascript,4412.0,0,0,0.015074822395474856,True
28655,JavaScript,lang_javascript,58007.0,0,0,0.3668444609120233,True
16902,JavaScript,lang_javascript,26474.0,0,0,0.06655909352150943,True
12498,JavaScript,lang_javascript,145917.0,1,1,0.6432245211048292,True
11600,JavaScript,lang_javascript,58367.0,0,1,0.6813668188489918,False
1928,JavaScript,lang_javascript,79062.0,1,1,0.7189631288984084,True
8810,JavaScript,lang_javascript,124029.0,1,1,0.8323404454256489,True
34671,JavaScript,lang_javascript,46406.0,0,0,0.4006511181539243,True
21416,JavaScript,lang_javascript,156000.0,1,1,0.8961538217238987,True
8353,JavaScript,lang_javascript,29004.0,0,1,0.9245896461447357,False
38679,JavaScript,lang_javascript,110000.0,1,1,0.9470671708654129,True
25939,JavaScript,lang_javascript,60000.0,0,1,0.964295021329379,False
20604,JavaScript,lang_javascript,20319.0,0,0,0.06556021377923942,True
41162,JavaScript,lang_javascript,65663.0,0,0,0.18549956739763887,True
11435,JavaScript,lang_javascript,63808.0,0,0,0.10501470295988322,True
1904,JavaScript,lang_javascript,275000.0,1,1,0.8934761921916766,True
2155,JavaScript,lang_javascript,88960.0,1,0,0.29245197361123676,False
24249,JavaScript,lang_javascript,5872.0,0,0,0.0361876230459376,True
3077,JavaScript,lang_javascript,76433.0,1,1,0.5618014760513044,True
28605,JavaScript,lang_javascript,18516.0,0,0,0.2121792657725433,True
26808,JavaScript,lang_javascript,109160.0,1,0,0.4495599852958736,False
5322,JavaScript,lang_javascript,30164.0,0,0,0.014791909916081,True
26117,JavaScript,lang_javascript,180000.0,1,1,0.9774562289732337,True
1653,JavaScript,lang_javascript,52207.0,0,1,0.6539913366177619,False
6903,JavaScript,lang_javascript,63808.0,0,0,0.12706094883150107,True
1439,JavaScript,lang_javascript,160000.0,1,1,0.9468411129887127,True
29346,JavaScript,lang_javascript,46015.0,0,0,0.14142972072124171,True
9725,JavaScript,lang_javascript,73089.0,0,1,0.653840921920843,False
31601,JavaScript,lang_javascript,27290.0,0,0,0.31358975234913655,True
13381,JavaScript,lang_javascript,100765.0,1,1,0.7837701385428943,True
35301,JavaScript,lang_javascript,220000.0,1,1,0.97107600033409,True
28476,JavaScript,lang_javascript,26000.0,0,0,0.04930078894123845,True
27297,JavaScript,lang_javascript,464.0,0,0,0.027777744837787693,True
29356,JavaScript,lang_javascript,72608.0,0,0,0.09627053419217807,True
29692,JavaScript,lang_javascript,96689.0,1,0,0.11230466078200868,False
47213,JavaScript,lang_javascript,74761.0,0,1,0.6487026801559359,False
31119,JavaScript,lang_javascript,77730.0,1,0,0.1843023717463519,False
32080,JavaScript,lang_javascript,89065.0,1,0,0.393837556800933,False
8278,JavaScript,lang_javascript,260000.0,1,1,0.9872938045135347,True
2958,JavaScript,lang_javascript,30582.0,0,0,0.23130901417837446,True
21106,JavaScript,lang_javascript,44000.0,0,0,0.05848243418886157,True
11143,JavaScript,lang_javascript,53367.0,0,0,0.47825641086888065,True
3326,JavaScript,lang_javascript,45507.0,0,0,0.18079282356833665,True
30412,JavaScript,lang_javascript,100000.0,1,1,0.814719488805049,True
13485,JavaScript,lang_javascript,85851.0,1,1,0.5117137643323955,True
38142,JavaScript,lang_javascript,81210.0,1,0,0.33196681512903375,False
27558,JavaScript,lang_javascript,170000.0,1,1,0.9621692772556395,True
17092,JavaScript,lang_javascript,91485.0,1,1,0.8773789898674557,True
41371,JavaScript,lang_javascript,39966.0,0,0,0.25678531672282495,True
11268,JavaScript,lang_javascript,139218.0,1,1,0.8572300732062023,True
2889,JavaScript,lang_javascript,69609.0,0,0,0.3626040329950654,True
14290,JavaScript,lang_javascript,13949.0,0,0,0.043053646306649034,True
16558,JavaScript,lang_javascript,44108.0,0,0,0.17884695273807677,True
13916,JavaScript,lang_javascript,138000.0,1,1,0.9449093356242072,True
20481,JavaScript,lang_javascript,2300.0,0,0,0.008697143581799958,True
45479,JavaScript,lang_javascript,54457.0,0,1,0.5663657128077401,False
9778,JavaScript,lang_javascript,38217.0,0,0,0.39446443951463034,True
43470,JavaScript,lang_javascript,58120.0,0,0,0.09832970879356032,True
42608,JavaScript,lang_javascript,200000.0,1,1,0.9567486555468925,True
32290,JavaScript,lang_javascript,64674.0,0,0,0.18899422500378435,True
34494,JavaScript,lang_javascript,108710.0,1,1,0.598469870892849,True
12580,JavaScript,lang_javascript,85088.0,1,0,0.4421368508616306,False
918,JavaScript,lang_javascript,170000.0,1,1,0.9420355794782904,True
35731,JavaScript,lang_javascript,74761.0,0,0,0.45172769735081725,True
40718,JavaScript,lang_javascript,300000.0,1,1,0.9945917420655843,True
31025,JavaScript,lang_javascript,3835.0,0,0,0.02356143932974782,True
47257,JavaScript,lang_javascript,7645.0,0,1,0.9274512137796322,False
9175,JavaScript,lang_javascript,105000.0,1,1,0.8972070336783291,True
27680,JavaScript,lang_javascript,212000.0,1,1,0.9559649841625908,True
36044,JavaScript,lang_javascript,29179.0,0,0,0.12719575264531902,True
41368,JavaScript,lang_javascript,190000.0,1,1,0.9496188078535973,True
14910,JavaScript,lang_javascript,148791.0,1,1,0.9679937035739897,True
3382,JavaScript,lang_javascript,130000.0,1,1,0.8550530000630432,True
22878,JavaScript,lang_javascript,31742.0,0,0,0.14224464971954393,True
8383,JavaScript,lang_javascript,2945.0,0,0,0.0404470366756531,True
3966,JavaScript,lang_javascript,53367.0,0,0,0.18167573159030412,True
11999,JavaScript,lang_javascript,5097.0,0,0,0.008734282832501302,True
9296,JavaScript,lang_javascript,15285.0,0,0,0.02935753848036447,True
35008,JavaScript,lang_javascript,132057.0,1,1,0.7924090630058228,True
46122,JavaScript,lang_javascript,30164.0,0,0,0.1925333464965911,True
21715,JavaScript,lang_javascript,81210.0,1,1,0.8594653599679624,True
37948,JavaScript,lang_javascript,24363.0,0,0,0.03597602596000395,True
27315,JavaScript,lang_javascript,136450.0,1,0,0.3011027017649626,False
39572,JavaScript,lang_javascript,68449.0,0,0,0.23051342745965003,True
8400,JavaScript,lang_javascript,19793.0,0,0,0.061221528167645624,True
33650,JavaScript,lang_javascript,4273.0,0,0,0.012886810725392227,True
39372,JavaScript,lang_javascript,11624.0,0,0,0.03585833343855341,True
17103,JavaScript,lang_javascript,63808.0,0,0,0.15534215249705544,True
16077,JavaScript,lang_javascript,42730.0,0,0,0.1800203356104945,True
10789,JavaScript,lang_javascript,101000.0,1,1,0.8918856824331928,True
7987,JavaScript,lang_javascript,46406.0,0,0,0.1423237972299887,True
8999,JavaScript,lang_javascript,84512.0,1,1,0.794265268945041,True
40420,JavaScript,lang_javascript,81685.0,1,1,0.8703126213157233,True
20355,JavaScript,lang_javascript,30222.0,0,0,0.14073069788165318,True
314,JavaScript,lang_javascript,109438.0,1,1,0.7976428197220553,True
9243,JavaScript,lang_javascript,42413.0,0,0,0.08947143770736077,True
5336,JavaScript,lang_javascript,133000.0,1,1,0.9923947345265832,True
6607,JavaScript,lang_javascript,67289.0,0,0,0.4620603626548005,True
4624,JavaScript,lang_javascript,90194.0,1,1,0.9625435242402979,True
5057,JavaScript,lang_javascript,102106.0,1,1,0.556215736091869,True
4147,JavaScript,lang_javascript,99580.0,1,0,0.33349073979612887,False
17879,JavaScript,lang_javascript,58007.0,0,0,0.33008527066647536,True
3238,JavaScript,lang_javascript,99935.0,1,0,0.19251565850559346,False
28438,JavaScript,lang_javascript,19761.0,0,0,0.06019606029336212,True
35881,JavaScript,lang_javascript,20296.0,0,0,0.04649969877645743,True
7069,JavaScript,lang_javascript,69609.0,0,0,0.2649697679502948,True
28805,JavaScript,lang_javascript,30222.0,0,0,0.06541420600704999,True
3042,JavaScript,lang_javascript,135000.0,1,1,0.9698469081131641,True
2071,JavaScript,lang_javascript,72958.0,0,1,0.6281723264436346,False
5705,JavaScript,lang_javascript,92812.0,1,1,0.6149665726109599,True
375,JavaScript,lang_javascript,90000.0,1,1,0.7537547362639715,True
644,JavaScript,lang_javascript,110000.0,1,1,0.9745362850566188,True
12635,JavaScript,lang_javascript,80966.0,1,0,0.14771492987615997,False
30017,JavaScript,lang_javascript,275000.0,1,1,0.965034097556552,True
28927,JavaScript,lang_javascript,5752.0,0,0,0.27131540403656856,True
27798,JavaScript,lang_javascript,83293.0,1,1,0.6087313304064743,True
8415,JavaScript,lang_javascript,81685.0,1,1,0.8357785362998541,True
35512,JavaScript,lang_javascript,185623.0,1,1,0.869387194120831,True
23417,JavaScript,lang_javascript,20923.0,0,0,0.01868262111747761,True
10002,JavaScript,lang_javascript,58007.0,0,0,0.27753071678136226,True
28159,JavaScript,lang_javascript,33644.0,0,0,0.02746848780053834,True
41056,JavaScript,lang_javascript,174022.0,1,1,0.9650743252253434,True
4432,JavaScript,lang_javascript,63808.0,0,0,0.337020140043047,True
39536,JavaScript,lang_javascript,73089.0,0,1,0.5324663883706777,False
15072,JavaScript,lang_javascript,136141.0,1,1,0.8242891232455178,True
15507,JavaScript,lang_javascript,72958.0,0,1,0.8838211914575629,False
35099,JavaScript,lang_javascript,240000.0,1,1,0.993628705683049,True
13487,JavaScript,lang_javascript,56000.0,0,0,0.38557198895211997,True
5487,JavaScript,lang_javascript,190000.0,1,1,0.781696332231713,True
13434,JavaScript,lang_javascript,104413.0,1,0,0.0767254843981118,False
40278,JavaScript,lang_javascript,56167.0,0,0,0.32666661927214036,True
21057,JavaScript,lang_javascript,6000.0,0,0,0.04385001426855804,True
28897,JavaScript,lang_javascript,20132.0,0,0,0.03212072689922062,True
17127,JavaScript,lang_javascript,175525.0,1,1,0.9896064271610128,True
20754,JavaScript,lang_javascript,29060.0,0,0,0.049172367605084276,True
9157,JavaScript,lang_javascript,108000.0,1,1,0.8986553159842469,True
7087,JavaScript,lang_javascript,104413.0,1,0,0.32684617773684127,False
21680,JavaScript,lang_javascript,95000.0,1,1,0.7400075732780766,True
25791,JavaScript,lang_javascript,8307.0,0,0,0.16335592288093279,True
1916,JavaScript,lang_javascript,21056.0,0,0,0.056241023706210196,True
29725,JavaScript,lang_javascript,115667.0,1,1,0.8480104119025503,True
34653,JavaScript,lang_javascript,103702.0,1,1,0.6405880753223321,True
27062,JavaScript,lang_javascript,161191.0,1,1,0.9567959407434988,True
35803,JavaScript,lang_javascript,364.0,0,0,0.010720449383882452,True
26426,JavaScript,lang_javascript,100000.0,1,0,0.15208801112927764,False
15929,JavaScript,lang_javascript,46496.0,0,0,0.05146226572055738,True
18562,JavaScript,lang_javascript,352971.0,1,1,0.8318473293681391,True
30538,JavaScript,lang_javascript,120381.0,1,0,0.25753222570171136,False
29064,JavaScript,lang_javascript,55000.0,0,1,0.7261460077404579,False
934,JavaScript,lang_javascript,110214.0,1,1,0.5025519860250696,True
46265,JavaScript,lang_javascript,92812.0,1,0,0.49591779705381944,False
20372,JavaScript,lang_javascript,71929.0,0,1,0.6308008090804152,False
581,JavaScript,lang_javascript,240000.0,1,1,0.9759067833542115,True
19421,JavaScript,lang_javascript,7030.0,0,1,0.5760345526293857,False
5294,JavaScript,lang_javascript,185989.0,1,1,0.9812874153003963,True
15917,JavaScript,lang_javascript,20428.0,0,0,0.01741200787824276,True
14625,JavaScript,lang_javascript,46406.0,0,0,0.08386460784038459,True
22315,JavaScript,lang_javascript,34804.0,0,0,0.10200045874124616,True
47111,JavaScript,lang_javascript,54457.0,0,0,0.45586641090370233,True
39808,JavaScript,lang_javascript,348044.0,1,1,0.5287663340276496,True
14143,JavaScript,lang_javascript,325000.0,1,1,0.9937347184417404,True
14498,JavaScript,lang_javascript,50000.0,0,1,0.9099042373759985,False
11070,JavaScript,lang_javascript,63808.0,0,1,0.5450190705439223,False
22407,JavaScript,lang_javascript,11624.0,0,0,0.036208674534904624,True
19825,JavaScript,lang_javascript,51046.0,0,0,0.4715461253937031,True
10661,JavaScript,lang_javascript,58007.0,0,1,0.6675684048106048,False
14184,JavaScript,lang_javascript,32123.0,0,0,0.11689427141557894,True
22810,JavaScript,lang_javascript,116015.0,1,1,0.8480615337161134,True
5232,JavaScript,lang_javascript,74000.0,0,1,0.905631747927112,False
46665,JavaScript,lang_javascript,165000.0,1,1,0.9715046214338451,True
33751,JavaScript,lang_javascript,767.0,0,0,0.039452271469129274,True
48719,JavaScript,lang_javascript,92812.0,1,1,0.7507186696314163,True
4428,JavaScript,lang_javascript,34804.0,0,0,0.032656535314155036,True
36449,JavaScript,lang_javascript,4390.0,0,0,0.014501088691908694,True
26612,JavaScript,lang_javascript,300000.0,1,1,0.8660784554654013,True
10091,JavaScript,lang_javascript,309982.0,1,1,0.9961090505598434,True
41197,JavaScript,lang_javascript,64968.0,0,0,0.38982077309721147,True
16988,JavaScript,lang_javascript,69609.0,0,1,0.5655922478576284,False
993,JavaScript,lang_javascript,170177.0,1,1,0.9350588293098118,True
41952,JavaScript,lang_javascript,120000.0,1,1,0.8898991248000533,True
37615,JavaScript,lang_javascript,14502.0,0,0,0.03557833365054509,True
35152,JavaScript,lang_javascript,149756.0,1,1,0.8244511918807512,True
1461,JavaScript,lang_javascript,46406.0,0,0,0.013141696585749409,True
15463,JavaScript,lang_javascript,3282.0,0,0,0.21738816681426176,True
32195,JavaScript,lang_javascript,42256.0,0,1,0.94136596780165,False
10272,JavaScript,lang_javascript,176984.0,1,1,0.90265052013363,True
9381,JavaScript,lang_javascript,63808.0,0,1,0.5548432506827039,False
43237,JavaScript,lang_javascript,2075.0,0,0,0.04159677438618268,True
45104,JavaScript,lang_javascript,101000.0,1,1,0.8955950179107546,True
41042,JavaScript,lang_javascript,225000.0,1,1,0.981167551304381,True
13492,JavaScript,lang_javascript,104413.0,1,1,0.7471332497932867,True
36593,JavaScript,lang_javascript,27864.0,0,0,0.14455700504303218,True
26761,JavaScript,lang_javascript,34108.0,0,0,0.09175934037058713,True
20808,JavaScript,lang_javascript,350000.0,1,1,0.9714515692325444,True
46319,JavaScript,lang_javascript,9586.0,0,0,0.001916663544587449,True
35506,JavaScript,lang_javascript,25504.0,0,0,0.047428913296714476,True
28414,JavaScript,lang_javascript,26363.0,0,0,0.04362036317891528,True
22652,JavaScript,lang_javascript,54527.0,0,1,0.5940810710341194,False
3663,JavaScript,lang_javascript,47650.0,0,1,0.7393533798309425,False
15802,JavaScript,lang_javascript,18900.0,0,1,0.9857119037266227,False
12621,JavaScript,lang_javascript,141587.0,1,1,0.8040023025890416,True
2310,JavaScript,lang_javascript,198447.0,1,1,0.7040783426185653,True
26355,JavaScript,lang_javascript,87011.0,1,1,0.5904326969885124,True
35159,JavaScript,lang_javascript,240000.0,1,1,0.9510847369691969,True
10599,JavaScript,lang_javascript,80503.0,1,1,0.7180640782325721,True
1122,JavaScript,lang_javascript,175000.0,1,1,0.9606407862643382,True
26153,JavaScript,lang_javascript,115648.0,1,1,0.6851366333959693,True
9384,JavaScript,lang_javascript,155521.0,1,1,0.9861408004608488,True
25108,JavaScript,lang_javascript,26141.0,0,0,0.31984881271508675,True
2938,JavaScript,lang_javascript,153213.0,1,1,0.8268708177312265,True
3027,JavaScript,lang_javascript,150000.0,1,1,0.7488027345660812,True
19214,JavaScript,lang_javascript,80000.0,1,1,0.6006046409241058,True
28788,JavaScript,lang_javascript,210000.0,1,1,0.9674106063248414,True
43904,JavaScript,lang_javascript,130000.0,1,1,0.9833447385961532,True
19463,JavaScript,lang_javascript,400000.0,1,1,0.9509211412112287,True
35423,JavaScript,lang_javascript,69609.0,0,1,0.6978563875548268,False
11303,JavaScript,lang_javascript,35118.0,0,0,0.14978948837265493,True
40564,JavaScript,lang_javascript,55687.0,0,0,0.17002730254660595,True
18086,JavaScript,lang_javascript,81685.0,1,1,0.5055872371271102,True
45987,JavaScript,lang_javascript,19761.0,0,0,0.022625441438442303,True
19073,JavaScript,lang_javascript,81210.0,1,1,0.8192420099421642,True
2820,JavaScript,lang_javascript,73159.0,0,1,0.5370023663181166,False
24606,JavaScript,lang_javascript,58070.0,0,0,0.05647549882447586,True
18723,JavaScript,lang_javascript,12433.0,0,0,0.042389434856872,True
36631,JavaScript,lang_javascript,275000.0,1,1,0.9622182029272437,True
36565,JavaScript,lang_javascript,180000.0,1,1,0.86378853837683,True
24352,JavaScript,lang_javascript,60000.0,0,0,0.44873607775100877,True
26477,JavaScript,lang_javascript,2184.0,0,0,0.0002685931015967963,True
47136,JavaScript,lang_javascript,72510.0,0,0,0.272231114734815,True
6964,JavaScript,lang_javascript,351.0,0,0,0.010113423592723299,True
14526,JavaScript,lang_javascript,12014.0,0,0,0.012455356048079297,True
22958,JavaScript,lang_javascript,40263.0,0,0,0.059424709664834464,True
50,JavaScript,lang_javascript,117793.0,1,1,0.8153444841940091,True
45858,JavaScript,lang_javascript,76484.0,1,1,0.520681500901258,True
44724,JavaScript,lang_javascript,59902.0,0,0,0.3366444789283471,True
899,JavaScript,lang_javascript,50000.0,0,0,0.419190567666733,True
18638,JavaScript,lang_javascript,110214.0,1,0,0.4800636760662628,False
46882,JavaScript,lang_javascript,52946.0,0,1,0.598221521269589,False
20272,JavaScript,lang_javascript,153550.0,1,0,0.40464587160614,False
14022,JavaScript,lang_javascript,34804.0,0,0,0.40054191968663827,True
17682,JavaScript,lang_javascript,52207.0,0,0,0.07195353986567547,True
3878,JavaScript,lang_javascript,83531.0,1,0,0.49511382487335015,False
16746,JavaScript,lang_javascript,69400.0,0,0,0.09144552740738715,True
40344,JavaScript,lang_javascript,36000.0,0,0,0.11506698937429338,True
22829,JavaScript,lang_javascript,92812.0,1,0,0.383268597779034,False
6621,JavaScript,lang_javascript,82370.0,1,1,0.6391050701115321,True
25828,JavaScript,lang_javascript,130900.0,1,1,0.8282916610342764,True
19152,JavaScript,lang_javascript,104330.0,1,1,0.5805845435100893,True
17320,JavaScript,lang_javascript,249432.0,1,1,0.666159041908657,True
38056,JavaScript,lang_javascript,29060.0,0,0,0.08665867175304434,True
15621,JavaScript,lang_javascript,1160.0,0,0,0.057204616245263,True
21281,JavaScript,lang_javascript,110000.0,1,0,0.10060896437912675,False
19525,JavaScript,lang_javascript,890.0,0,0,0.004666038870268778,True
34771,JavaScript,lang_javascript,92812.0,1,1,0.6213229678437339,True
4253,JavaScript,lang_javascript,195000.0,1,0,0.35828958788739734,False
40924,JavaScript,lang_javascript,30796.0,0,0,0.14466862229625096,True
6261,JavaScript,lang_javascript,92812.0,1,1,0.6180951286182601,True
25296,JavaScript,lang_javascript,73516.0,0,1,0.6709256948267917,False
45627,JavaScript,lang_javascript,150000.0,1,1,0.9822835676622717,True
18996,JavaScript,lang_javascript,159500.0,1,1,0.9196209073328916,True
27803,JavaScript,lang_javascript,270000.0,1,1,0.933509758930384,True
38807,JavaScript,lang_javascript,159000.0,1,1,0.9786674452837193,True
22568,JavaScript,lang_javascript,15041.0,0,0,0.06274914098589403,True
19001,JavaScript,lang_javascript,103520.0,1,1,0.9166007742936266,True
163,JavaScript,lang_javascript,44086.0,0,0,0.19024533496691182,True
1336,JavaScript,lang_javascript,20000.0,0,1,0.9370577671457427,False
9710,JavaScript,lang_javascript,15111.0,0,0,0.046793028323881866,True
37285,JavaScript,lang_javascript,150000.0,1,1,0.9865509689983567,True
6845,JavaScript,lang_javascript,80050.0,1,0,0.23472323798562186,False
40763,JavaScript,lang_javascript,104616.0,1,0,0.023679808530246073,False
6343,JavaScript,lang_javascript,108913.0,1,0,0.4952886978005018,False
40597,JavaScript,lang_javascript,55000.0,0,0,0.10089416252569829,True
25391,JavaScript,lang_javascript,139218.0,1,1,0.9648691769330616,True
24979,JavaScript,lang_javascript,71803.0,0,0,0.24160414498281607,True
13144,JavaScript,lang_javascript,25523.0,0,0,0.023619662867803676,True
26383,JavaScript,lang_javascript,174022.0,1,1,0.7616251173211784,True
2395,JavaScript,lang_javascript,200000.0,1,1,0.9603159456780532,True
27463,JavaScript,lang_javascript,800.0,0,1,0.7324241637187352,False
20078,JavaScript,lang_javascript,104510.0,1,1,0.677067780275265,True
37970,JavaScript,lang_javascript,68134.0,0,0,0.3614294425483892,True
9522,JavaScript,lang_javascript,25573.0,0,0,0.03996545534017464,True
11058,JavaScript,lang_javascript,92812.0,1,0,0.3757654107279014,False
6676,JavaScript,lang_javascript,135000.0,1,1,0.9305414444550012,True
6034,JavaScript,lang_javascript,50617.0,0,0,0.102779954438742,True
15330,JavaScript,lang_javascript,27898.0,0,0,0.08243016785031122,True
29532,JavaScript,lang_javascript,46496.0,0,0,0.11622808142920073,True
21288,JavaScript,lang_javascript,120000.0,1,1,0.9604452567147592,True
29334,JavaScript,lang_javascript,29620.0,0,0,0.16815007116136416,True
1903,JavaScript,lang_javascript,76606.0,1,1,0.662528277229612,True
2284,JavaScript,lang_javascript,89739.0,1,1,0.6886303123019368,True
2986,JavaScript,lang_javascript,31583.0,0,0,0.2706639177023793,True
3641,JavaScript,lang_javascript,11624.0,0,0,0.033274948656363754,True
3895,JavaScript,lang_javascript,46406.0,0,0,0.13924544533183983,True
17083,JavaScript,lang_javascript,49026.0,0,0,0.03527771350009249,True
2042,JavaScript,lang_javascript,181000.0,1,1,0.9907566185739328,True
3148,JavaScript,lang_javascript,14543.0,0,0,0.005928381135538469,True
5145,JavaScript,lang_javascript,37125.0,0,0,0.39289310604146604,True
45919,JavaScript,lang_javascript,12786.0,0,0,0.10450523686322784,True
5526,JavaScript,lang_javascript,87011.0,1,0,0.21277502458825773,False
29986,JavaScript,lang_javascript,6321.0,0,0,0.006649595805581738,True
38371,JavaScript,lang_javascript,115000.0,1,1,0.9152226671669748,True
25044,JavaScript,lang_javascript,2325.0,0,0,0.00503961721707566,True
11306,JavaScript,lang_javascript,21000.0,0,1,0.5308846294826822,False
31892,JavaScript,lang_javascript,52530.0,0,1,0.7358551501343268,False
43718,JavaScript,lang_javascript,115720.0,1,1,0.6661970706314374,True
37795,JavaScript,lang_javascript,48188.0,0,1,0.5780672158231379,False
5162,JavaScript,lang_javascript,115720.0,1,1,0.5673372960714245,True
25003,JavaScript,lang_javascript,140000.0,1,1,0.8822454074104829,True
4735,JavaScript,lang_javascript,110214.0,1,0,0.19128258961061562,False
16375,JavaScript,lang_javascript,142592.0,1,1,0.891170328273985,True
4539,JavaScript,lang_javascript,153719.0,1,1,0.6587574358889677,True
18871,JavaScript,lang_javascript,32484.0,0,0,0.43587334744446765,True
44041,JavaScript,lang_javascript,78011.0,1,1,0.7523696138646249,True
25055,JavaScript,lang_javascript,1872.0,0,0,0.07372520088669361,True
25475,JavaScript,lang_javascript,125000.0,1,1,0.9730313431164771,True
1634,JavaScript,lang_javascript,98612.0,1,1,0.6851837719513602,True
13746,JavaScript,lang_javascript,52207.0,0,0,0.1314869806473086,True
5171,JavaScript,lang_javascript,81685.0,1,1,0.5481502688853657,True
17384,JavaScript,lang_javascript,56847.0,0,0,0.3112489178932368,True
2857,JavaScript,lang_javascript,5461.0,0,0,0.07080510932576758,True
44719,JavaScript,lang_javascript,169000.0,1,1,0.9718414479089816,True
20334,JavaScript,lang_javascript,108710.0,1,0,0.48180941581304626,False
4701,JavaScript,lang_javascript,150000.0,1,1,0.9313145699374311,True
9439,JavaScript,lang_javascript,111594.0,1,1,0.9662309086666501,True
15256,JavaScript,lang_javascript,117175.0,1,0,0.29138077216150904,False
5716,JavaScript,lang_javascript,56908.0,0,0,0.07424100401520467,True
20228,JavaScript,lang_javascript,719.0,0,0,0.0789531632959397,True
11144,JavaScript,lang_javascript,75410.0,0,1,0.5859142904377516,False
1023,JavaScript,lang_javascript,250000.0,1,0,0.30749321175706246,False
5357,JavaScript,lang_javascript,220000.0,1,1,0.9899628173208914,True
9702,JavaScript,lang_javascript,47389.0,0,0,0.33497086608075277,True
39181,JavaScript,lang_javascript,150819.0,1,1,0.9362580392316091,True
6753,JavaScript,lang_javascript,103000.0,1,1,0.8930918064467918,True
18121,JavaScript,lang_javascript,13949.0,0,0,0.13593843364668565,True
13249,JavaScript,lang_javascript,87011.0,1,0,0.44574685624379695,False
11548,JavaScript,lang_javascript,300000.0,1,1,0.8972550664848326,True
41326,JavaScript,lang_javascript,91013.0,1,1,0.8878059949894775,True
42600,JavaScript,lang_javascript,25000.0,0,0,0.050966961692280516,True
40967,JavaScript,lang_javascript,65000.0,0,0,0.08730976322867713,True
32120,JavaScript,lang_javascript,93.0,0,0,0.04515703134643717,True
43710,JavaScript,lang_javascript,81210.0,1,1,0.8208392807976923,True
25807,JavaScript,lang_javascript,331000.0,1,1,0.9537249346913788,True
5909,JavaScript,lang_javascript,6545.0,0,0,0.055650413488256015,True
10007,JavaScript,lang_javascript,83632.0,1,1,0.7607214002271199,True
14128,JavaScript,lang_javascript,40842.0,0,0,0.3737499342007099,True
25888,JavaScript,lang_javascript,89000.0,1,1,0.7815765571008528,True
11637,JavaScript,lang_javascript,13614.0,0,0,0.4631710965217912,True
26711,JavaScript,lang_javascript,116015.0,1,0,0.23873871361351803,False
38041,JavaScript,lang_javascript,80000.0,1,0,0.04243340472082949,False
5815,JavaScript,lang_javascript,34951.0,0,0,0.10091744912202906,True
12887,JavaScript,lang_javascript,85851.0,1,1,0.6634629703316476,True
14955,JavaScript,lang_javascript,200000.0,1,1,0.9402292082146418,True
5005,JavaScript,lang_javascript,102142.0,1,1,0.9021698917016935,True
40244,JavaScript,lang_javascript,132000.0,1,1,0.9871685415974428,True
5527,JavaScript,lang_javascript,125000.0,1,1,0.8706900669013992,True
16071,JavaScript,lang_javascript,41765.0,0,0,0.14807332324401007,True
3466,JavaScript,lang_javascript,111626.0,1,1,0.6825286728064055,True
41065,JavaScript,lang_javascript,52791.0,0,0,0.3062238378437994,True
30639,JavaScript,lang_javascript,94339.0,1,1,0.7789690077505897,True
39155,JavaScript,lang_javascript,174022.0,1,1,0.6186073625648403,True
37006,JavaScript,lang_javascript,48726.0,0,0,0.29431150714789317,True
42181,JavaScript,lang_javascript,59722.0,0,0,0.23733991691150272,True
6301,JavaScript,lang_javascript,81262.0,1,1,0.7027209483212133,True
22683,JavaScript,lang_javascript,24872.0,0,0,0.2034158068440581,True
28050,JavaScript,lang_javascript,58007.0,0,0,0.31124721176659004,True
17692,JavaScript,lang_javascript,39785.0,0,0,0.15924459301450586,True
47355,JavaScript,lang_javascript,38285.0,0,0,0.05614905075448292,True
30511,JavaScript,lang_javascript,25523.0,0,0,0.00960667300684339,True
38410,JavaScript,lang_javascript,93312.0,1,1,0.7130117548061317,True
17075,JavaScript,lang_javascript,80363.0,1,0,0.4630366409179801,False
19192,JavaScript,lang_javascript,97514.0,1,1,0.5260586434120108,True
24152,JavaScript,lang_javascript,7672.0,0,0,0.004463923283991416,True
6027,JavaScript,lang_javascript,4459.0,0,0,0.010543161055109227,True
47184,JavaScript,lang_javascript,43565.0,0,1,0.5792799841122087,False
37877,JavaScript,lang_javascript,129936.0,1,1,0.8968460938308631,True
10895,JavaScript,lang_javascript,41929.0,0,0,0.10050354944738552,True
3654,JavaScript,lang_javascript,81210.0,1,1,0.6460875279229976,True
26488,JavaScript,lang_javascript,63808.0,0,0,0.44959789145224044,True
10304,JavaScript,lang_javascript,48726.0,0,0,0.17032374664050043,True
26187,JavaScript,lang_javascript,210000.0,1,1,0.9636638010193782,True
11744,JavaScript,lang_javascript,95132.0,1,1,0.5066541246974371,True
36028,JavaScript,lang_javascript,68553.0,0,0,0.31941248700354746,True
19311,JavaScript,lang_javascript,44096.0,0,0,0.059827385008877534,True
40147,JavaScript,lang_javascript,48726.0,0,1,0.5759892776267679,False
37012,JavaScript,lang_javascript,163370.0,1,1,0.8888676635881195,True
4166,JavaScript,lang_javascript,62648.0,0,1,0.6042140556780411,False
22676,JavaScript,lang_javascript,40000.0,0,1,0.6216126470967297,False
16389,JavaScript,lang_javascript,30991.0,0,0,0.049345532032236156,True
30614,JavaScript,lang_javascript,50242.0,0,0,0.2073458737523765,True
2825,JavaScript,lang_javascript,87011.0,1,1,0.5760312551534541,True
12671,JavaScript,lang_javascript,6192.0,0,0,0.02662183730712578,True
46909,JavaScript,lang_javascript,75472.0,0,0,0.39641306623187,True
17802,JavaScript,lang_javascript,23203.0,0,0,0.16609187920628882,True
11292,JavaScript,lang_javascript,86795.0,1,1,0.9981877388499579,True
38934,JavaScript,lang_javascript,47932.0,0,0,0.226480460121672,True
30650,JavaScript,lang_javascript,145917.0,1,1,0.5835562461406343,True
11894,JavaScript,lang_javascript,66709.0,0,1,0.6030821269917221,False
8028,JavaScript,lang_javascript,150000.0,1,1,0.8146860031252151,True
32711,JavaScript,lang_javascript,37004.0,0,0,0.22221907805221564,True
35488,JavaScript,lang_javascript,9299.0,0,0,0.049746408742055596,True
3957,JavaScript,lang_javascript,60328.0,0,0,0.4640767945817417,True
27690,JavaScript,lang_javascript,47423.0,0,0,0.43505410615869333,True
5326,JavaScript,lang_javascript,134973.0,1,1,0.7893668054750826,True
13790,JavaScript,lang_javascript,30000.0,0,0,0.17584508349552871,True
19839,JavaScript,lang_javascript,176984.0,1,1,0.8665254827606829,True
19182,JavaScript,lang_javascript,98612.0,1,1,0.6486503164594198,True
6770,JavaScript,lang_javascript,100000.0,1,1,0.9083916035762368,True
5351,JavaScript,lang_javascript,72815.0,0,0,0.19717492438718257,True
12091,JavaScript,lang_javascript,52946.0,0,1,0.6168968109678772,False
9141,JavaScript,lang_javascript,170000.0,1,1,0.8538950390674689,True
48873,JavaScript,lang_javascript,79041.0,1,0,0.22628684030136853,False
9106,JavaScript,lang_javascript,93613.0,1,1,0.895201326159703,True
45686,JavaScript,lang_javascript,79006.0,1,0,0.3557367999174783,False
40753,JavaScript,lang_javascript,81210.0,1,1,0.5242835013774586,True
6459,JavaScript,lang_javascript,160500.0,1,1,0.8672175534435621,True
14687,JavaScript,lang_javascript,7489.0,0,0,0.07154027706933958,True
35028,JavaScript,lang_javascript,46406.0,0,0,0.2315069289414605,True
1512,JavaScript,lang_javascript,131570.0,1,1,0.7088158188973154,True
32258,JavaScript,lang_javascript,30164.0,0,0,0.07143331532190239,True
41194,JavaScript,lang_javascript,4641.0,0,0,0.001044870943023593,True
48617,JavaScript,lang_javascript,105790.0,1,1,0.7147714155000744,True
11622,JavaScript,lang_javascript,165000.0,1,1,0.9709463320400904,True
34065,JavaScript,lang_javascript,5975.0,0,1,0.5728147231290783,False
25949,JavaScript,lang_javascript,192000.0,1,1,0.9980722519939049,True
28580,JavaScript,lang_javascript,42597.0,0,0,0.30886149851951766,True
4877,JavaScript,lang_javascript,140000.0,1,1,0.976320361013176,True
12133,JavaScript,lang_javascript,111374.0,1,1,0.922818124389842,True
131,JavaScript,lang_javascript,80000.0,1,1,0.6848302317595373,True
12674,JavaScript,lang_javascript,148791.0,1,1,0.9601982580479953,True
41839,JavaScript,lang_javascript,78633.0,1,0,0.18857396588887154,False
4991,JavaScript,lang_javascript,80000.0,1,1,0.9523369308098604,True
12616,JavaScript,lang_javascript,63452.0,0,0,0.2611584666167026,True
8695,JavaScript,lang_javascript,193744.0,1,1,0.8517607964335204,True
27957,JavaScript,lang_javascript,135000.0,1,1,0.8732633815252344,True
27065,JavaScript,lang_javascript,20342.0,0,0,0.05377738543740655,True
31851,JavaScript,lang_javascript,63932.0,0,0,0.05890797215179311,True
37752,JavaScript,lang_javascript,30000.0,0,1,0.6409094739265968,False
27742,JavaScript,lang_javascript,81685.0,1,0,0.3411927220352257,False
39328,JavaScript,lang_javascript,5900.0,0,1,0.9857246614938342,False
19081,JavaScript,lang_javascript,40000.0,0,1,0.8899749296364587,False
13755,JavaScript,lang_javascript,54719.0,0,0,0.0922197550288523,True
33194,JavaScript,lang_javascript,78962.0,1,1,0.7658096897358149,True
18363,JavaScript,lang_javascript,150000.0,1,1,0.9816515610223925,True
29409,JavaScript,lang_javascript,14749.0,0,0,0.07481375363279763,True
38980,JavaScript,lang_javascript,408424.0,1,1,0.657308565913555,True
3304,JavaScript,lang_javascript,198000.0,1,1,0.9550946436220906,True
23972,JavaScript,lang_javascript,85851.0,1,1,0.6360797723526397,True
37452,JavaScript,lang_javascript,223187.0,1,1,0.9838643267762328,True
47665,JavaScript,lang_javascript,60000.0,0,1,0.9687747014395146,False
27737,JavaScript,lang_javascript,32767.0,0,0,0.1655388630536554,True
32110,JavaScript,lang_javascript,162523.0,1,1,0.947244199779247,True
522,JavaScript,lang_javascript,55511.0,0,0,0.2743119064844648,True
6694,JavaScript,lang_javascript,58007.0,0,0,0.3790480724060986,True
46976,JavaScript,lang_javascript,25071.0,0,0,0.081989397029479,True
25144,JavaScript,lang_javascript,30000.0,0,0,0.17605963053342122,True
10950,JavaScript,lang_javascript,59902.0,0,0,0.30958197485677086,True
39024,JavaScript,lang_javascript,204212.0,1,1,0.8245589532991046,True
26161,JavaScript,lang_javascript,73089.0,0,0,0.328237241857313,True
17332,JavaScript,lang_javascript,112534.0,1,1,0.8138469039602397,True
35603,JavaScript,lang_javascript,58120.0,0,0,0.03003327497595202,True
41751,JavaScript,lang_javascript,87011.0,1,1,0.6855908581164104,True
12524,JavaScript,lang_javascript,130222.0,1,1,0.9286022848560134,True
3089,JavaScript,lang_javascript,116733.0,1,1,0.5922638116833465,True
10738,JavaScript,lang_javascript,1334.0,0,0,0.05622389293175161,True
44783,JavaScript,lang_javascript,174022.0,1,1,0.5257602502371491,True
30241,JavaScript,lang_javascript,108000.0,1,1,0.9385797007389943,True
3689,JavaScript,lang_javascript,150819.0,1,1,0.5896879671522554,True
42192,JavaScript,lang_javascript,5589.0,0,0,0.004004098419451467,True
24134,JavaScript,lang_javascript,72393.0,0,1,0.6925928249216702,False
37099,JavaScript,lang_javascript,127616.0,1,1,0.6070294987600233,True
651,JavaScript,lang_javascript,72958.0,0,0,0.4644503230727016,True
33212,JavaScript,lang_javascript,50000.0,0,0,0.2983725665100825,True
22918,JavaScript,lang_javascript,52000.0,0,0,0.3495423243200396,True
12862,JavaScript,lang_javascript,61264.0,0,1,0.8297741176334307,False
4331,JavaScript,lang_javascript,116015.0,1,1,0.5814995724699655,True
19052,JavaScript,lang_javascript,150000.0,1,1,0.91312348501286,True
6133,JavaScript,lang_javascript,5196.0,0,0,0.09568934000893102,True
46434,JavaScript,lang_javascript,33000.0,0,0,0.1335657952368541,True
16978,JavaScript,lang_javascript,112500.0,1,1,0.9635844024784543,True
4001,JavaScript,lang_javascript,15047.0,0,0,0.19282505534589867,True
2320,JavaScript,lang_javascript,3600.0,0,1,0.55235549606705,False
46341,JavaScript,lang_javascript,15311.0,0,0,0.20520411506481256,True
1251,JavaScript,lang_javascript,105686.0,1,0,0.4868079361249112,False
12286,JavaScript,lang_javascript,62409.0,0,1,0.5263659954422817,False
26294,JavaScript,lang_javascript,130992.0,1,0,0.4997377117649781,False
43148,JavaScript,lang_javascript,118593.0,1,1,0.9187038708401981,True
13940,JavaScript,lang_javascript,110214.0,1,1,0.6559189145473657,True
32054,JavaScript,lang_javascript,176000.0,1,1,0.9792430882185196,True
32684,JavaScript,lang_javascript,120000.0,1,1,0.8862691095531373,True
45428,JavaScript,lang_javascript,90000.0,1,0,0.07415372455365322,False
2002,JavaScript,lang_javascript,58382.0,0,0,0.22793959203042494,True
24791,JavaScript,lang_javascript,1720.0,0,0,0.0019133590000652565,True
39791,JavaScript,lang_javascript,82522.0,1,1,0.5073256563414251,True
4573,JavaScript,lang_javascript,34925.0,0,0,0.10682216370607085,True
36681,JavaScript,lang_javascript,43775.0,0,0,0.2546102226411604,True
42693,JavaScript,lang_javascript,145018.0,1,1,0.8490301302151876,True
34152,JavaScript,lang_javascript,14673.0,0,0,0.008373337515353869,True
13989,JavaScript,lang_javascript,300000.0,1,1,0.9288332769584645,True
46879,JavaScript,lang_javascript,92812.0,1,1,0.5318725571282895,True
31295,JavaScript,lang_javascript,109114.0,1,1,0.9306459544593029,True
4755,JavaScript,lang_javascript,68071.0,0,1,0.5867252375276503,False
4490,JavaScript,lang_javascript,93972.0,1,0,0.4661543008552594,False
15046,JavaScript,lang_javascript,180000.0,1,1,0.9665957343408089,True
40528,JavaScript,lang_javascript,25248.0,0,0,0.1209050376547458,True
10963,JavaScript,lang_javascript,47932.0,0,0,0.04349286899294707,True
6121,JavaScript,lang_javascript,104413.0,1,1,0.8636178768200007,True
4488,JavaScript,lang_javascript,4200.0,0,0,0.07820767086137075,True
31842,JavaScript,lang_javascript,116015.0,1,1,0.814646611645733,True
22439,JavaScript,lang_javascript,81210.0,1,0,0.23603194792001672,False
40990,JavaScript,lang_javascript,41270.0,0,0,0.018440901076490147,True
41299,JavaScript,lang_javascript,116015.0,1,1,0.577306236655422,True
42020,JavaScript,lang_javascript,73669.0,0,1,0.7035253876660349,False
40871,JavaScript,lang_javascript,303000.0,1,1,0.9754740740569746,True
14522,JavaScript,lang_javascript,48726.0,0,0,0.0773832273544006,True
38055,JavaScript,lang_javascript,64208.0,0,1,0.7403212561693383,False
46099,JavaScript,lang_javascript,350000.0,1,1,0.940247164704764,True
37879,JavaScript,lang_javascript,69609.0,0,0,0.30345766935665236,True
44576,JavaScript,lang_javascript,139218.0,1,1,0.7950370452173464,True
19824,JavaScript,lang_javascript,2092.0,0,0,0.005056252411043292,True
4854,JavaScript,lang_javascript,54060.0,0,0,0.07603621273081353,True
12085,JavaScript,lang_javascript,129750.0,1,1,0.9617013587560985,True
4204,JavaScript,lang_javascript,45524.0,0,1,0.6766566251133853,False
11152,JavaScript,lang_javascript,85851.0,1,1,0.6789240801328829,True
11727,JavaScript,lang_javascript,20883.0,0,0,0.04183349945595796,True
21151,JavaScript,lang_javascript,120471.0,1,1,0.9027996616888877,True
19006,JavaScript,lang_javascript,83857.0,1,0,0.43150143258205326,False
22081,JavaScript,lang_javascript,181000.0,1,1,0.80130722087042,True
29280,JavaScript,lang_javascript,83212.0,1,1,0.5258065909828931,True
13107,JavaScript,lang_javascript,47932.0,0,0,0.04397156156882061,True
30648,JavaScript,lang_javascript,215000.0,1,1,0.9492056351866772,True
48832,JavaScript,lang_javascript,1624.0,0,0,0.09588812838089987,True
37261,JavaScript,lang_javascript,110214.0,1,1,0.6799175722417743,True
27184,JavaScript,lang_javascript,40842.0,0,0,0.4976744530751371,True
22601,JavaScript,lang_javascript,146750.0,1,1,0.6526667233781116,True
4413,JavaScript,lang_javascript,174022.0,1,1,0.7633648810261777,True
13007,JavaScript,lang_javascript,32748.0,0,0,0.10585520336600823,True
36300,JavaScript,lang_javascript,167653.0,1,1,0.938589848174241,True
18270,JavaScript,lang_javascript,200000.0,1,1,0.8785104048815315,True
37224,JavaScript,lang_javascript,12743.0,0,0,0.01086214313788887,True
21301,JavaScript,lang_javascript,57000.0,0,0,0.4174028871539799,True
38387,JavaScript,lang_javascript,34804.0,0,0,0.12145067366446524,True
15019,JavaScript,lang_javascript,68071.0,0,1,0.6989881880935866,False
1575,JavaScript,lang_javascript,150000.0,1,1,0.928231412276616,True
1646,JavaScript,lang_javascript,230000.0,1,1,0.9381728396709753,True
30519,JavaScript,lang_javascript,31156.0,0,0,0.05836807523812301,True
4512,JavaScript,lang_javascript,92812.0,1,1,0.676118336420832,True
6320,JavaScript,lang_javascript,2798.0,0,0,0.011615877506596008,True
41024,JavaScript,lang_javascript,240000.0,1,1,0.9424233297590823,True
28534,JavaScript,lang_javascript,46406.0,0,0,0.1706807171343413,True
40688,JavaScript,lang_javascript,109054.0,1,1,0.8615342376139176,True
18833,JavaScript,lang_javascript,250000.0,1,1,0.9721280371198091,True
31385,JavaScript,lang_javascript,24410.0,0,0,0.07206145002568454,True
16213,JavaScript,lang_javascript,87011.0,1,1,0.6161337561440399,True
37041,JavaScript,lang_javascript,68924.0,0,1,0.6783308523510747,False
21567,JavaScript,lang_javascript,169000.0,1,1,0.9538361151233619,True
37154,JavaScript,lang_javascript,28083.0,0,0,0.04737940159439124,True
13622,JavaScript,lang_javascript,155000.0,1,1,0.9068943214092081,True
1381,JavaScript,lang_javascript,145000.0,1,1,0.9640810772709164,True
36332,JavaScript,lang_javascript,53989.0,0,0,0.27718072300034485,True
44857,JavaScript,lang_javascript,138621.0,1,1,0.9744213498355686,True
46350,JavaScript,lang_javascript,31324.0,0,0,0.03358059083781979,True
48374,JavaScript,lang_javascript,53260.0,0,1,0.5482635543097596,False
38211,JavaScript,lang_javascript,245000.0,1,1,0.9480904638913887,True
21212,JavaScript,lang_javascript,57903.0,0,0,0.154691841649209,True
45565,JavaScript,lang_javascript,125786.0,1,1,0.6430075950219444,True
5053,JavaScript,lang_javascript,113085.0,1,1,0.9044947216905478,True
45612,JavaScript,lang_javascript,98612.0,1,1,0.8866855063308133,True
3929,JavaScript,lang_javascript,167000.0,1,1,0.9450514101593287,True
28481,JavaScript,lang_javascript,359.0,0,0,0.010728651281220506,True
40129,JavaScript,lang_javascript,36000.0,0,0,0.1134574499442422,True
27563,JavaScript,lang_javascript,133750.0,1,1,0.9199408965956681,True
13415,JavaScript,lang_javascript,74396.0,0,1,0.7375993978389117,False
36789,JavaScript,lang_javascript,42165.0,0,0,0.1633972409506661,True
16932,JavaScript,lang_javascript,76606.0,1,1,0.7247667381540501,True
35720,JavaScript,lang_javascript,6553.0,0,0,0.044028250163382486,True
18214,JavaScript,lang_javascript,69764.0,0,0,0.30804621266131577,True
5841,JavaScript,lang_javascript,115000.0,1,1,0.7937107890538367,True
21888,JavaScript,lang_javascript,24000.0,0,0,0.04143869617024676,True
18178,JavaScript,lang_javascript,48756.0,0,0,0.09169891852905387,True
38340,JavaScript,lang_javascript,5423.0,0,0,0.10244038704941541,True
15612,JavaScript,lang_javascript,145000.0,1,1,0.9543882616627887,True
388,JavaScript,lang_javascript,135000.0,1,1,0.9205138373955998,True
4175,JavaScript,lang_javascript,58007.0,0,0,0.07419126015385678,True
31131,JavaScript,lang_javascript,34804.0,0,0,0.034535501677157764,True
26362,JavaScript,lang_javascript,35477.0,0,0,0.137663316530715,True
12504,JavaScript,lang_javascript,35346.0,0,0,0.0906566572337573,True
17322,JavaScript,lang_javascript,200000.0,1,1,0.9603957217675347,True
9865,JavaScript,lang_javascript,121815.0,1,0,0.05769815544520183,False
17544,JavaScript,lang_javascript,122527.0,1,1,0.9492393364569157,True
17896,JavaScript,lang_javascript,50000.0,0,1,0.7860673933645638,False
34030,JavaScript,lang_javascript,2400.0,0,0,0.003133476627707189,True
19576,JavaScript,lang_javascript,41208.0,0,1,0.5738109060993233,False
13881,JavaScript,lang_javascript,61171.0,0,0,0.02515055093868463,True
6628,JavaScript,lang_javascript,111636.0,1,1,0.6787467855905085,True
29041,JavaScript,lang_javascript,2731.0,0,0,0.11440213685758961,True
4729,JavaScript,lang_javascript,63713.0,0,0,0.3184693632589562,True
41582,JavaScript,lang_javascript,63808.0,0,0,0.2466335380613631,True
41573,JavaScript,lang_javascript,71929.0,0,0,0.3894061563497084,True
16327,JavaScript,lang_javascript,56847.0,0,0,0.06950200906118344,True
43115,JavaScript,lang_javascript,86180.0,1,1,0.6639230315922408,True
23312,JavaScript,lang_javascript,97452.0,1,1,0.555373702680765,True
26945,JavaScript,lang_javascript,20458.0,0,0,0.05066621061548612,True
26895,JavaScript,lang_javascript,1483.0,0,0,0.02990752200094687,True
8679,JavaScript,lang_javascript,54411.0,0,0,0.23053169012800895,True
44926,JavaScript,lang_javascript,86750.0,1,0,0.1644737735986876,False
29413,JavaScript,lang_javascript,90491.0,1,1,0.7219777574403665,True
44803,JavaScript,lang_javascript,40000.0,0,1,0.7930824095217177,False
32562,JavaScript,lang_javascript,116015.0,1,0,0.3804244073230599,False
13160,JavaScript,lang_javascript,115720.0,1,1,0.7580360661687003,True
16807,JavaScript,lang_javascript,200000.0,1,1,0.904485867840615,True
40771,JavaScript,lang_javascript,98612.0,1,1,0.6673468733180897,True
17148,JavaScript,lang_javascript,300000.0,1,1,0.9632990762166476,True
26451,JavaScript,lang_javascript,88413.0,1,1,0.9761680621247443,True
7849,JavaScript,lang_javascript,34804.0,0,1,0.6668322566311524,False
4481,JavaScript,lang_javascript,18722.0,0,0,0.0465398551802373,True
39926,JavaScript,lang_javascript,160000.0,1,1,0.8635697083672078,True
40938,JavaScript,lang_javascript,188233.0,1,1,0.6674040890288438,True
5065,JavaScript,lang_javascript,40684.0,0,0,0.0777884019582423,True
4195,JavaScript,lang_javascript,185000.0,1,1,0.8825465958815477,True
31471,JavaScript,lang_javascript,106000.0,1,1,0.8235119719747113,True
9998,JavaScript,lang_javascript,9745.0,0,0,0.18656777780733388,True
3176,JavaScript,lang_javascript,75877.0,0,1,0.7520547417573068,False
43276,JavaScript,lang_javascript,81685.0,1,1,0.5755015685880808,True
31755,JavaScript,lang_javascript,15792.0,0,0,0.24968350725400304,True
45080,JavaScript,lang_javascript,117960.0,1,0,0.08617750226188456,False
4950,JavaScript,lang_javascript,27217.0,0,0,0.006649120019982425,True
32782,JavaScript,lang_javascript,54611.0,0,1,0.7596006909804348,False
10812,JavaScript,lang_javascript,180000.0,1,1,0.9225383684361282,True
46556,JavaScript,lang_javascript,53367.0,0,1,0.5433643334976143,False
10455,JavaScript,lang_javascript,127616.0,1,1,0.6895711731143506,True
17258,JavaScript,lang_javascript,140000.0,1,1,0.9546131409409883,True
4364,JavaScript,lang_javascript,72815.0,0,0,0.09385479474741397,True
44697,JavaScript,lang_javascript,95713.0,1,0,0.1889012915572188,False
35377,JavaScript,lang_javascript,44000.0,0,0,0.08667094505750186,True
13863,JavaScript,lang_javascript,66000.0,0,1,0.504462518229716,False
15726,JavaScript,lang_javascript,150000.0,1,1,0.9184590039150397,True
30372,JavaScript,lang_javascript,25223.0,0,0,0.0111562044024949,True
2469,JavaScript,lang_javascript,89853.0,1,0,0.4604683988606899,False
15232,JavaScript,lang_javascript,178000.0,1,1,0.9648076044693025,True
28532,JavaScript,lang_javascript,87304.0,1,0,0.34632086027833836,False
20460,JavaScript,lang_javascript,180000.0,1,1,0.9950358051077486,True
46085,JavaScript,lang_javascript,17436.0,0,0,0.09745266723664148,True
37313,JavaScript,lang_javascript,1529.0,0,0,0.13504724281478236,True
41492,JavaScript,lang_javascript,69609.0,0,0,0.17924286079049356,True
26165,JavaScript,lang_javascript,27306.0,0,0,0.36451071869434976,True
6353,JavaScript,lang_javascript,170000.0,1,1,0.9067426326962778,True
23018,JavaScript,lang_javascript,204212.0,1,0,0.46887378263743235,False
42997,JavaScript,lang_javascript,51046.0,0,0,0.3014893931840304,True
11547,JavaScript,lang_javascript,73089.0,0,1,0.592546665174483,False
45097,JavaScript,lang_javascript,125000.0,1,1,0.8844797208540849,True
26718,JavaScript,lang_javascript,55687.0,0,0,0.21030413834863426,True
11101,JavaScript,lang_javascript,70794.0,0,1,0.9583397324172304,False
12852,JavaScript,lang_javascript,51851.0,0,1,0.6723828330913075,False
45632,JavaScript,lang_javascript,75294.0,0,1,0.867334552248402,False
23079,JavaScript,lang_javascript,122527.0,1,1,0.6763642143987063,True
5003,JavaScript,lang_javascript,140000.0,1,1,0.5767471121606653,True
17407,JavaScript,lang_javascript,232.0,0,0,0.07122371553106879,True
5382,JavaScript,lang_javascript,2455.0,0,0,0.031106234064998448,True
13716,JavaScript,lang_javascript,27992.0,0,0,0.2328275541490912,True
7951,JavaScript,lang_javascript,130000.0,1,1,0.9216482662909131,True
16615,JavaScript,lang_javascript,174000.0,1,1,0.928986710674713,True
11522,JavaScript,lang_javascript,115000.0,1,1,0.9093000310353011,True
37304,JavaScript,lang_javascript,35684.0,0,1,0.6322379707205708,False
42907,JavaScript,lang_javascript,75410.0,0,0,0.10671299924064666,True
27441,JavaScript,lang_javascript,77760.0,1,1,0.8566562493031922,True
4126,JavaScript,lang_javascript,84408.0,1,1,0.780758546388739,True
11873,JavaScript,lang_javascript,100000.0,1,1,0.8659047261703335,True
27597,JavaScript,lang_javascript,46266.0,0,0,0.34611330546580155,True
12263,JavaScript,lang_javascript,1099.0,0,0,0.13611788115467707,True
6354,JavaScript,lang_javascript,180000.0,1,1,0.9925167882136432,True
18541,JavaScript,lang_javascript,120000.0,1,0,0.38737640952585983,False
35217,JavaScript,lang_javascript,81210.0,1,1,0.7175053666953596,True
21629,JavaScript,lang_javascript,104413.0,1,1,0.7907008144286694,True
32680,JavaScript,lang_javascript,83531.0,1,1,0.8248220721370745,True
37919,JavaScript,lang_javascript,47445.0,0,0,0.040075686617165374,True
11228,JavaScript,lang_javascript,52903.0,0,1,0.7325251360651511,False
84,JavaScript,lang_javascript,90000.0,1,1,0.9099850898825198,True
33976,JavaScript,lang_javascript,12291.0,0,0,0.027292555870533662,True
36627,JavaScript,lang_javascript,260000.0,1,1,0.9868004093163901,True
26863,JavaScript,lang_javascript,232029.0,1,1,0.8930403432302244,True
5549,JavaScript,lang_javascript,155000.0,1,1,0.9621831541734434,True
40322,JavaScript,lang_javascript,35497.0,0,0,0.05468603551303942,True
14653,JavaScript,lang_javascript,169176.0,1,1,0.9689056330035991,True
14482,JavaScript,lang_javascript,4882.0,0,0,0.03537156389235563,True
27709,JavaScript,lang_javascript,133417.0,1,1,0.728943744311676,True
45837,JavaScript,lang_javascript,182396.0,1,1,0.8856453470153743,True
31595,JavaScript,lang_javascript,25523.0,0,0,0.2145492907438342,True
15511,JavaScript,lang_javascript,118666.0,1,1,0.8583534766324602,True
7475,JavaScript,lang_javascript,36011.0,0,0,0.16965541635664463,True
3300,JavaScript,lang_javascript,232000.0,1,1,0.9699126055822206,True
28709,JavaScript,lang_javascript,185000.0,1,1,0.97338703510264,True
17400,JavaScript,lang_javascript,5801.0,0,1,0.5167508214089487,False
16777,JavaScript,lang_javascript,121815.0,1,0,0.24636485193876792,False
12844,JavaScript,lang_javascript,148791.0,1,1,0.9752722899220624,True
537,JavaScript,lang_javascript,104822.0,1,1,0.7511935304976105,True
5724,JavaScript,lang_javascript,76570.0,1,1,0.7444682864956028,True
32560,JavaScript,lang_javascript,87011.0,1,1,0.5943842641109255,True
9259,JavaScript,lang_javascript,20923.0,0,0,0.09469347091086797,True
34010,JavaScript,lang_javascript,173590.0,1,1,0.9154805119976186,True
20906,JavaScript,lang_javascript,16000.0,0,0,0.05190152375111062,True
12734,JavaScript,lang_javascript,44086.0,0,0,0.12041264153954197,True
12767,JavaScript,lang_javascript,52207.0,0,1,0.7160901609493875,False
35154,JavaScript,lang_javascript,37900.0,0,0,0.07827973676808907,True
1334,JavaScript,lang_javascript,81210.0,1,0,0.13779897742036543,False
36349,JavaScript,lang_javascript,91928.0,1,0,0.35615073568761213,False
15690,JavaScript,lang_javascript,68071.0,0,1,0.849643250663929,False
36704,JavaScript,lang_javascript,54611.0,0,0,0.15159978294141238,True
4833,JavaScript,lang_javascript,71698.0,0,0,0.2324926835428223,True
567,JavaScript,lang_javascript,116015.0,1,1,0.9306319775196015,True
15822,JavaScript,lang_javascript,116015.0,1,0,0.3933184675684031,False
39013,JavaScript,lang_javascript,15311.0,0,0,0.003934587241424089,True
3614,JavaScript,lang_javascript,66128.0,0,1,0.7832409340864827,False
22589,JavaScript,lang_javascript,153436.0,1,0,0.045680391733143165,False
15508,JavaScript,lang_javascript,169381.0,1,1,0.907135365045558,True
37388,JavaScript,lang_javascript,26735.0,0,0,0.06273350269896615,True
28406,JavaScript,lang_javascript,4481.0,0,0,0.008602703883187337,True
36341,JavaScript,lang_javascript,120000.0,1,1,0.8812541808931982,True
13135,JavaScript,lang_javascript,66310.0,0,0,0.4689695325942683,True
20143,JavaScript,lang_javascript,37125.0,0,0,0.3186065318008764,True
10884,JavaScript,lang_javascript,65000.0,0,1,0.8298664926473057,False
29085,JavaScript,lang_javascript,9175.0,0,0,0.05433068071613588,True
35172,JavaScript,lang_javascript,70000.0,0,0,0.47293869078473505,True
25679,JavaScript,lang_javascript,81377.0,1,0,0.11144890976413468,False
3608,JavaScript,lang_javascript,32764.0,0,0,0.20808666689703806,True
24446,JavaScript,lang_javascript,94000.0,1,1,0.7844607302326858,True
9876,JavaScript,lang_javascript,85851.0,1,0,0.3792990617188399,False
6340,JavaScript,lang_javascript,20883.0,0,0,0.03817760428574546,True
12531,JavaScript,lang_javascript,49886.0,0,0,0.29139714930006266,True
19402,JavaScript,lang_javascript,5812.0,0,0,0.010015323070719182,True
652,JavaScript,lang_javascript,182270.0,1,1,0.9389723842115993,True
10921,JavaScript,lang_javascript,70000.0,0,0,0.376038748985364,True
28525,JavaScript,lang_javascript,67289.0,0,0,0.28260457632314234,True
45552,JavaScript,lang_javascript,157917.0,1,1,0.6809758229151821,True
35591,JavaScript,lang_javascript,120471.0,1,1,0.8291056004177916,True
4683,JavaScript,lang_javascript,83531.0,1,1,0.7099151064498127,True
10461,JavaScript,lang_javascript,69609.0,0,0,0.460016475286203,True
12571,JavaScript,lang_javascript,1162.0,0,0,0.14812931879102822,True
15772,JavaScript,lang_javascript,155000.0,1,1,0.9852943685656148,True
17820,JavaScript,lang_javascript,250000.0,1,1,0.9442848057937397,True
10441,JavaScript,lang_javascript,400000.0,1,1,0.9831312645202326,True
24335,JavaScript,lang_javascript,335000.0,1,1,0.9869940788455944,True
33608,JavaScript,lang_javascript,300000.0,1,1,0.9851455001076183,True
22671,JavaScript,lang_javascript,160000.0,1,1,0.8834957243857945,True
4712,JavaScript,lang_javascript,350000.0,1,1,0.9961847496908516,True
6274,JavaScript,lang_javascript,105341.0,1,0,0.1325501735025842,False
39562,JavaScript,lang_javascript,122527.0,1,1,0.5969516386842703,True
28921,JavaScript,lang_javascript,85000.0,1,1,0.9057204928947717,True
28708,JavaScript,lang_javascript,1579.0,0,0,0.03702034041992478,True
27941,JavaScript,lang_javascript,34290.0,0,0,0.4821884186197611,True
20613,JavaScript,lang_javascript,81210.0,1,0,0.21596487172627868,False
41711,JavaScript,lang_javascript,52308.0,0,0,0.27601455927628865,True
3098,JavaScript,lang_javascript,40000.0,0,0,0.470108712290047,True
30670,JavaScript,lang_javascript,509.0,0,0,0.10490098880384158,True
17090,JavaScript,lang_javascript,60796.0,0,0,0.4004187610176075,True
28284,JavaScript,lang_javascript,54000.0,0,0,0.35252534730371615,True
2453,JavaScript,lang_javascript,11766.0,0,1,0.7191167564963031,False
5347,JavaScript,lang_javascript,75410.0,0,1,0.6979552637679163,False
26078,JavaScript,lang_javascript,40605.0,0,0,0.09537516498998122,True
3447,JavaScript,lang_javascript,51816.0,0,0,0.27264365934494655,True
32969,JavaScript,lang_javascript,28759.0,0,0,0.06238299188765016,True
36964,JavaScript,lang_javascript,30164.0,0,0,0.3261931541359741,True
29292,JavaScript,lang_javascript,52308.0,0,0,0.0832225057381903,True
9815,JavaScript,lang_javascript,16242.0,0,0,0.0015878417686962312,True
46109,JavaScript,lang_javascript,69609.0,0,1,0.6765917325751989,False
20857,JavaScript,lang_javascript,145671.0,1,1,0.8875333706504047,True
42511,JavaScript,lang_javascript,9299.0,0,0,0.013760523827020584,True
18148,JavaScript,lang_javascript,23665.0,0,0,0.09845675670317992,True
38091,JavaScript,lang_javascript,118443.0,1,1,0.7178586787356236,True
40204,JavaScript,lang_javascript,130000.0,1,1,0.9242309852231706,True
38182,JavaScript,lang_javascript,136141.0,1,1,0.871094782885187,True
40715,JavaScript,lang_javascript,58007.0,0,0,0.34868853595285537,True
1128,JavaScript,lang_javascript,215000.0,1,1,0.9745022267532975,True
562,JavaScript,lang_javascript,37125.0,0,0,0.12905256007245605,True
20606,JavaScript,lang_javascript,4939.0,0,0,0.05949000560138075,True
10233,JavaScript,lang_javascript,123109.0,1,1,0.8119275995105326,True
35022,JavaScript,lang_javascript,170000.0,1,1,0.9686473672236434,True
14986,JavaScript,lang_javascript,75000.0,0,1,0.8383636949671678,False
6916,JavaScript,lang_javascript,16274.0,0,0,0.026781149416543217,True
45937,JavaScript,lang_javascript,37197.0,0,0,0.27255106932615436,True
39255,JavaScript,lang_javascript,50000.0,0,1,0.9651963713191856,False
6228,JavaScript,lang_javascript,910.0,0,0,0.26599413460085525,True
40472,JavaScript,lang_javascript,120145.0,1,1,0.800751485056704,True
578,JavaScript,lang_javascript,60000.0,0,0,0.1588822505646727,True
38344,JavaScript,lang_javascript,32748.0,0,0,0.21188189786513226,True
69,JavaScript,lang_javascript,174022.0,1,0,0.2832556983650799,False
47986,JavaScript,lang_javascript,298.0,0,0,0.03859919939629006,True
13372,JavaScript,lang_javascript,58007.0,0,0,0.260790557997531,True
11198,JavaScript,lang_javascript,150000.0,1,0,0.12793513567423087,False
6483,JavaScript,lang_javascript,108708.0,1,1,0.7334728798929541,True
20102,JavaScript,lang_javascript,297.0,0,0,0.00923104451395195,True
30325,JavaScript,lang_javascript,64709.0,0,0,0.1485686637146129,True
9300,JavaScript,lang_javascript,145699.0,1,1,0.8718546195195275,True
10571,JavaScript,lang_javascript,85000.0,1,1,0.7933325905198644,True
13486,JavaScript,lang_javascript,143000.0,1,1,0.9190264833007215,True
26703,JavaScript,lang_javascript,46406.0,0,0,0.20067840885828292,True
45620,JavaScript,lang_javascript,201000.0,1,1,0.8668686509037599,True
14416,JavaScript,lang_javascript,45510.0,0,0,0.2209598502468059,True
10814,JavaScript,lang_javascript,32484.0,0,0,0.013146836221327108,True
13884,JavaScript,lang_javascript,83531.0,1,1,0.5385430557100067,True
11072,JavaScript,lang_javascript,60000.0,0,1,0.5531191886786291,False
14033,JavaScript,lang_javascript,117014.0,1,0,0.3400570759648012,False
34022,JavaScript,lang_javascript,81685.0,1,1,0.8106942499423305,True
28996,JavaScript,lang_javascript,58007.0,0,0,0.23729638292481803,True
43160,JavaScript,lang_javascript,15000.0,0,0,0.015658091815640825,True
3592,JavaScript,lang_javascript,117017.0,1,1,0.849120499094672,True
14268,JavaScript,lang_javascript,69744.0,0,0,0.047308872287901024,True
31683,JavaScript,lang_javascript,77150.0,1,1,0.8439690532328763,True
5846,JavaScript,lang_javascript,182396.0,1,1,0.91663844992835,True
27515,JavaScript,lang_javascript,44000.0,0,1,0.602706476073673,False
35684,JavaScript,lang_javascript,22000.0,0,0,0.05055164391423804,True
48877,JavaScript,lang_javascript,200000.0,1,1,0.9286897371416732,True
38591,JavaScript,lang_javascript,2322.0,0,0,0.07386030913827991,True
26051,JavaScript,lang_javascript,80254.0,1,1,0.9558692239237773,True
18854,JavaScript,lang_javascript,83727.0,1,1,0.5926193006378672,True
15432,JavaScript,lang_javascript,200000.0,1,1,0.9545383217435879,True
45069,JavaScript,lang_javascript,348.0,0,0,0.028421147043072463,True
6719,JavaScript,lang_javascript,5451.0,0,0,0.2578332071329896,True
35907,JavaScript,lang_javascript,40483.0,0,0,0.42045462489167656,True
41686,JavaScript,lang_javascript,465.0,0,0,0.10077500104969388,True
29231,JavaScript,lang_javascript,110516.0,1,0,0.25294269982234446,False
33446,JavaScript,lang_javascript,23203.0,0,0,0.00046979274106652923,True
3322,JavaScript,lang_javascript,18000.0,0,0,0.052380068561535105,True
19563,JavaScript,lang_javascript,116256.0,1,0,0.26248616129666236,False
43812,JavaScript,lang_javascript,67868.0,0,0,0.15452135670832548,True
16541,JavaScript,lang_javascript,70769.0,0,0,0.04964592214943716,True
44778,JavaScript,lang_javascript,92812.0,1,0,0.49143211956106253,False
24770,JavaScript,lang_javascript,275000.0,1,1,0.9383371791444579,True
3799,JavaScript,lang_javascript,55987.0,0,0,0.29088492939837235,True
15103,JavaScript,lang_javascript,21208.0,0,0,0.016280535666227967,True
45167,JavaScript,lang_javascript,74418.0,0,1,0.828846283159431,False
3770,JavaScript,lang_javascript,77601.0,1,1,0.9265577333621537,True
27668,JavaScript,lang_javascript,150000.0,1,1,0.9726602881095118,True
42552,JavaScript,lang_javascript,139054.0,1,1,0.8888448039845337,True
1014,JavaScript,lang_javascript,20000.0,0,0,0.08878632314031686,True
1167,JavaScript,lang_javascript,90491.0,1,0,0.28231611255145234,False
2580,JavaScript,lang_javascript,225000.0,1,1,0.9146237941581167,True
38741,JavaScript,lang_javascript,150000.0,1,1,0.6950848800591004,True
39912,JavaScript,lang_javascript,89853.0,1,1,0.5717121550714579,True
37486,JavaScript,lang_javascript,103386.0,1,1,0.5561395131396365,True
2443,JavaScript,lang_javascript,89331.0,1,1,0.8332240948155846,True
15939,JavaScript,lang_javascript,143021.0,1,1,0.9550217388369183,True
14665,JavaScript,lang_javascript,6545.0,0,0,0.0038337582778368777,True
11063,JavaScript,lang_javascript,69744.0,0,0,0.1897306252307791,True
9555,JavaScript,lang_javascript,245000.0,1,0,0.16503140263884425,False
4799,JavaScript,lang_javascript,200000.0,1,1,0.9844392830538494,True
27905,JavaScript,lang_javascript,2092.0,0,0,0.04324875867692296,True
36406,JavaScript,lang_javascript,195000.0,1,1,0.9749616483978454,True
44868,JavaScript,lang_javascript,138621.0,1,1,0.8202299045688546,True
5532,JavaScript,lang_javascript,69609.0,0,0,0.3677985619748731,True
12906,JavaScript,lang_javascript,149756.0,1,1,0.5292067342093163,True
919,JavaScript,lang_javascript,55121.0,0,0,0.36128641789147403,True
20265,JavaScript,lang_javascript,63808.0,0,0,0.38453628334380857,True
25805,JavaScript,lang_javascript,13949.0,0,0,0.03648894657185953,True
11481,JavaScript,lang_javascript,81210.0,1,1,0.5986482141527624,True
9870,JavaScript,lang_javascript,150819.0,1,1,0.8840520730471294,True
18173,JavaScript,lang_javascript,40743.0,0,0,0.17207482289281584,True
14706,JavaScript,lang_javascript,112000.0,1,1,0.6582146055777189,True
14354,JavaScript,lang_javascript,8400.0,0,0,0.01689685700393668,True
18793,JavaScript,lang_javascript,97250.0,1,0,0.49033120055666274,False
3020,JavaScript,lang_javascript,115680.0,1,1,0.8583510928958383,True
38265,JavaScript,lang_javascript,4717.0,0,0,0.4388288923419875,True
4625,JavaScript,lang_javascript,49886.0,0,1,0.6616183912943877,False
33566,JavaScript,lang_javascript,575.0,0,0,0.0002648966238446723,True
28174,JavaScript,lang_javascript,52207.0,0,0,0.07791705250473605,True
41873,JavaScript,lang_javascript,10462.0,0,0,0.046136466444734674,True
19540,JavaScript,lang_javascript,44086.0,0,0,0.15613681912531033,True
44974,JavaScript,lang_javascript,190000.0,1,1,0.9843507907747361,True
20715,JavaScript,lang_javascript,83858.0,1,0,0.18701227810723103,False
30343,JavaScript,lang_javascript,400000.0,1,1,0.9938514125289146,True
20240,JavaScript,lang_javascript,1187.0,0,0,0.041780846613781925,True
3618,JavaScript,lang_javascript,68449.0,0,1,0.5435486413524003,False
43378,JavaScript,lang_javascript,87000.0,1,1,0.773324154392748,True
24143,JavaScript,lang_javascript,11964.0,0,0,0.1402503850578876,True
34935,JavaScript,lang_javascript,168000.0,1,1,0.9752709618151517,True
17174,JavaScript,lang_javascript,34804.0,0,0,0.3427944151631675,True
6429,JavaScript,lang_javascript,151777.0,1,1,0.7730390702497412,True
3330,JavaScript,lang_javascript,80000.0,1,1,0.8715101285890188,True
16790,JavaScript,lang_javascript,81210.0,1,0,0.2974225872909174,False
40073,JavaScript,lang_javascript,45000.0,0,1,0.8301452638243497,False
12382,JavaScript,lang_javascript,300000.0,1,1,0.9524937546088916,True
35969,JavaScript,lang_javascript,45246.0,0,0,0.014053145076697596,True
14669,JavaScript,lang_javascript,81210.0,1,0,0.36651718337302874,False
30219,JavaScript,lang_javascript,81210.0,1,0,0.213882191500699,False
1697,JavaScript,lang_javascript,26683.0,0,0,0.07931479246428053,True
41231,JavaScript,lang_javascript,185000.0,1,1,0.8449866438154442,True
5060,JavaScript,lang_javascript,3641.0,0,0,0.08432953480687885,True
33347,JavaScript,lang_javascript,58007.0,0,1,0.8983813915318016,False
4739,JavaScript,lang_javascript,58120.0,0,0,0.09216475074220061,True
12773,JavaScript,lang_javascript,81318.0,1,0,0.3629383686976976,False
28489,JavaScript,lang_javascript,29958.0,0,0,0.05976148916836307,True
21272,JavaScript,lang_javascript,65663.0,0,1,0.5395666250578687,False
38171,JavaScript,lang_javascript,98612.0,1,0,0.4752087380180163,False
11180,JavaScript,lang_javascript,72509.0,0,0,0.1922094987863797,True
17420,JavaScript,lang_javascript,61264.0,0,0,0.48457590099582804,True
40788,JavaScript,lang_javascript,140000.0,1,1,0.9817502282310779,True
43063,JavaScript,lang_javascript,55687.0,0,1,0.7677415928362812,False
45648,JavaScript,lang_javascript,5000.0,0,1,0.8807532045772564,False
1651,JavaScript,lang_javascript,400000.0,1,1,0.9812952212251416,True
14074,JavaScript,lang_javascript,120000.0,1,1,0.7992113390293067,True
19075,JavaScript,lang_javascript,136000.0,1,1,0.9421553256550884,True
15347,JavaScript,lang_javascript,34700.0,0,0,0.21901081091889793,True
7066,JavaScript,lang_javascript,265000.0,1,1,0.9815280630967648,True
1724,JavaScript,lang_javascript,55687.0,0,0,0.4430160463212791,True
610,JavaScript,lang_javascript,174022.0,1,0,0.021230550928334518,False
38198,JavaScript,lang_javascript,19350.0,0,0,0.08065229028015812,True
16195,JavaScript,lang_javascript,50466.0,0,0,0.23905531690481965,True
27061,JavaScript,lang_javascript,52207.0,0,0,0.12203084721941632,True
19323,JavaScript,lang_javascript,250000.0,1,1,0.990070863837604,True
17270,JavaScript,lang_javascript,36000.0,0,0,0.14843265912775014,True
20687,JavaScript,lang_javascript,100000.0,1,0,0.10175350007787134,False
18320,JavaScript,lang_javascript,245.0,0,0,0.020836780007758734,True
3904,JavaScript,lang_javascript,44086.0,0,1,0.6462053078973848,False
35581,JavaScript,lang_javascript,154000.0,1,1,0.9659818371118347,True
34376,JavaScript,lang_javascript,9299.0,0,0,0.03605349351283849,True
32517,JavaScript,lang_javascript,150000.0,1,0,0.373729183996881,False
44198,JavaScript,lang_javascript,48726.0,0,0,0.1288068742445807,True
44011,JavaScript,lang_javascript,20923.0,0,0,0.07072190689193202,True
23829,JavaScript,lang_javascript,210000.0,1,1,0.9845470414202294,True
18643,JavaScript,lang_javascript,250000.0,1,1,0.911881211705962,True
447,JavaScript,lang_javascript,167804.0,1,1,0.8382799070889004,True
18281,JavaScript,lang_javascript,1361.0,0,0,0.015680667761156446,True
41207,JavaScript,lang_javascript,240000.0,1,1,0.975466325423631,True
7028,JavaScript,lang_javascript,83322.0,1,1,0.7336665697823519,True
41099,JavaScript,lang_javascript,46844.0,0,0,0.15339250324003068,True
32690,JavaScript,lang_javascript,44096.0,0,0,0.07068049056245114,True
44795,JavaScript,lang_javascript,23203.0,0,0,0.044780301951320586,True
34921,JavaScript,lang_javascript,140378.0,1,0,0.4151190039031508,False
11318,JavaScript,lang_javascript,10403.0,0,0,0.04653599697599064,True
35026,JavaScript,lang_javascript,10000.0,0,1,0.5040343940038469,False
15305,JavaScript,lang_javascript,6033.0,0,0,0.3816484426205032,True
403,JavaScript,lang_javascript,250000.0,1,1,0.988024199324505,True
33067,JavaScript,lang_javascript,77730.0,1,1,0.5297266089424325,True
30079,JavaScript,lang_javascript,165000.0,1,1,0.8168732803386602,True
18826,JavaScript,lang_javascript,32748.0,0,0,0.03625813515275916,True
29301,JavaScript,lang_javascript,29060.0,0,0,0.07973391286964435,True
20014,JavaScript,lang_javascript,60328.0,0,1,0.5107223297509776,False
12174,JavaScript,lang_javascript,156022.0,1,1,0.8167210306677654,True
4438,JavaScript,lang_javascript,48505.0,0,0,0.0366955074644193,True
4600,JavaScript,lang_javascript,135152.0,1,1,0.9540509198757606,True
45028,JavaScript,lang_javascript,45400.0,0,1,0.7049417971993585,False
25765,JavaScript,lang_javascript,12000.0,0,0,0.05486809548121987,True
17366,JavaScript,lang_javascript,65316.0,0,0,0.4519441612299312,True
1301,JavaScript,lang_javascript,190000.0,1,1,0.9130862813211573,True
16355,JavaScript,lang_javascript,23203.0,0,0,0.03861326793649838,True
25377,JavaScript,lang_javascript,17402.0,0,0,0.04233684000234547,True
36493,JavaScript,lang_javascript,148791.0,1,1,0.8998882966058803,True
44702,JavaScript,lang_javascript,70040.0,0,0,0.38761171811291534,True
2807,JavaScript,lang_javascript,75147.0,0,1,0.9371465390466273,False
46120,JavaScript,lang_javascript,139218.0,1,1,0.9763410755509562,True
2416,JavaScript,lang_javascript,101088.0,1,1,0.9846132766144521,True
21307,JavaScript,lang_javascript,193000.0,1,1,0.9454513486778864,True
31034,JavaScript,lang_javascript,4912.0,0,0,0.3155843150220485,True
1398,JavaScript,lang_javascript,22108.0,0,0,0.01942954238373795,True
46112,JavaScript,lang_javascript,113694.0,1,0,0.376996628539645,False
2650,JavaScript,lang_javascript,141188.0,1,1,0.5043859467438958,True
18461,JavaScript,lang_javascript,50000.0,0,0,0.19756696753590056,True
23841,JavaScript,lang_javascript,72958.0,0,0,0.42650152929821206,True
886,JavaScript,lang_javascript,68071.0,0,0,0.10168007689065879,True
16989,JavaScript,lang_javascript,40627.0,0,0,0.05308242511035835,True
13134,JavaScript,lang_javascript,98612.0,1,1,0.5867209353341629,True
5025,JavaScript,lang_javascript,34804.0,0,0,0.026196511019696233,True
26901,JavaScript,lang_javascript,41765.0,0,0,0.1439573080307083,True
47580,JavaScript,lang_javascript,130000.0,1,1,0.9234798181366243,True
1640,JavaScript,lang_javascript,102093.0,1,1,0.7793127921075194,True
18633,JavaScript,lang_javascript,70474.0,0,0,0.32409609107323323,True
45673,JavaScript,lang_javascript,75294.0,0,1,0.6200670832279686,False
45414,JavaScript,lang_javascript,38285.0,0,0,0.12401606052933864,True
19100,JavaScript,lang_javascript,187500.0,1,1,0.9943914326500467,True
833,JavaScript,lang_javascript,99383.0,1,1,0.8961885277596281,True
13800,JavaScript,lang_javascript,112000.0,1,1,0.9120509502940524,True
11604,JavaScript,lang_javascript,175000.0,1,1,0.9438925372180845,True
16447,JavaScript,lang_javascript,69609.0,0,0,0.16436962646807332,True
4937,JavaScript,lang_javascript,25447.0,0,0,0.048466940183132724,True
21581,JavaScript,lang_javascript,7369.0,0,0,0.05943576298302122,True
25707,JavaScript,lang_javascript,2904.0,0,1,0.5107468536217289,False
20667,JavaScript,lang_javascript,122500.0,1,1,0.8744033228490359,True
39484,JavaScript,lang_javascript,48821.0,0,0,0.11178370444608197,True
26343,JavaScript,lang_javascript,71278.0,0,0,0.13680911591854164,True
14441,JavaScript,lang_javascript,4710.0,0,0,0.00201786679233376,True
21540,JavaScript,lang_javascript,200000.0,1,1,0.9854766030788653,True
21095,JavaScript,lang_javascript,36407.0,0,0,0.20337777417226685,True
1221,JavaScript,lang_javascript,153000.0,1,1,0.8482915304779506,True
4237,JavaScript,lang_javascript,48757.0,0,0,0.3892062994053568,True
34306,JavaScript,lang_javascript,58007.0,0,0,0.12589046650196936,True
1905,JavaScript,lang_javascript,89183.0,1,1,0.7652138731260728,True
34091,JavaScript,lang_javascript,325000.0,1,1,0.9694345434081635,True
29879,JavaScript,lang_javascript,220000.0,1,1,0.9877020736660005,True
12344,JavaScript,lang_javascript,325000.0,1,1,0.9096815185369396,True
11832,JavaScript,lang_javascript,38388.0,0,1,0.5272312682118881,False
5496,JavaScript,lang_javascript,1316.0,0,0,0.25765190839540264,True
1054,JavaScript,lang_javascript,46406.0,0,0,0.22195273946909552,True
24104,JavaScript,lang_javascript,38359.0,0,0,0.04335490149828768,True
19736,JavaScript,lang_javascript,81210.0,1,0,0.2248012553092016,False
23123,JavaScript,lang_javascript,160000.0,1,0,0.10986358676054697,False
17757,JavaScript,lang_javascript,123993.0,1,0,0.42124460694971255,False
2921,JavaScript,lang_javascript,118324.0,1,0,0.08941816860128772,False
38766,JavaScript,lang_javascript,110000.0,1,1,0.681230596013564,True
44285,JavaScript,lang_javascript,30297.0,0,0,0.09861818337609948,True
1524,JavaScript,lang_javascript,131097.0,1,1,0.6448776616316783,True
29862,JavaScript,lang_javascript,160000.0,1,1,0.9628777218643108,True
37239,JavaScript,lang_javascript,54611.0,0,1,0.6785973654990016,False
6479,JavaScript,lang_javascript,5148.0,0,0,0.008106075861373968,True
42700,JavaScript,lang_javascript,83857.0,1,1,0.7154999527851961,True
24121,JavaScript,lang_javascript,173000.0,1,1,0.9924855572955866,True
16004,JavaScript,lang_javascript,134000.0,1,1,0.836863487264437,True
36464,JavaScript,lang_javascript,190000.0,1,1,0.9376834764972296,True
35530,JavaScript,lang_javascript,86750.0,1,0,0.09844499391911798,False
10246,JavaScript,lang_javascript,149756.0,1,1,0.7516429878709616,True
28400,JavaScript,lang_javascript,10682.0,0,0,0.04930944699828507,True
14424,JavaScript,lang_javascript,111975.0,1,1,0.869657429278852,True
40961,JavaScript,lang_javascript,106733.0,1,1,0.8337023821505359,True
36588,JavaScript,lang_javascript,150000.0,1,1,0.9467440730398656,True
9713,JavaScript,lang_javascript,127616.0,1,0,0.42957862035344224,False
19610,JavaScript,lang_javascript,37210.0,0,0,0.12087670313622556,True
5393,JavaScript,lang_javascript,72000.0,0,1,0.8284614145319396,False
38189,JavaScript,lang_javascript,68225.0,0,1,0.5191240461368606,False
38276,JavaScript,lang_javascript,215000.0,1,1,0.924750917623359,True
36703,JavaScript,lang_javascript,136141.0,1,1,0.8428207274362233,True
3734,JavaScript,lang_javascript,81210.0,1,1,0.5863996856800437,True
2872,JavaScript,lang_javascript,43097.0,0,1,0.6401509573043136,False
1598,JavaScript,lang_javascript,66392.0,0,1,0.7670313983172627,False
43899,JavaScript,lang_javascript,50372.0,0,1,0.7150187131583797,False
18010,JavaScript,lang_javascript,7793.0,0,0,0.021626090443780104,True
5463,JavaScript,lang_javascript,31904.0,0,0,0.10771008941523214,True
16870,JavaScript,lang_javascript,87011.0,1,1,0.8188805842692997,True
17334,JavaScript,lang_javascript,32980.0,0,0,0.032739780134857455,True
15688,JavaScript,lang_javascript,26400.0,0,0,0.03896300353698657,True
1917,JavaScript,lang_javascript,45934.0,0,0,0.060113491707350114,True
32677,JavaScript,lang_javascript,23248.0,0,0,0.12677443105234484,True
3749,JavaScript,lang_javascript,85145.0,1,0,0.1672485687438932,False
32783,JavaScript,lang_javascript,93938.0,1,1,0.5799267711898461,True
38128,JavaScript,lang_javascript,29060.0,0,0,0.018029833524587105,True
45771,JavaScript,lang_javascript,100765.0,1,1,0.7346295113309628,True
5883,JavaScript,lang_javascript,84512.0,1,1,0.9169359273637385,True
2732,JavaScript,lang_javascript,95000.0,1,1,0.9551891559869292,True
133,JavaScript,lang_javascript,39445.0,0,0,0.09075494744920386,True
15246,JavaScript,lang_javascript,144580.0,1,1,0.861233066003827,True
54,JavaScript,lang_javascript,151000.0,1,1,0.8442162310774641,True
46110,JavaScript,lang_javascript,95179.0,1,1,0.7180593963248175,True
6471,JavaScript,lang_javascript,30424.0,0,0,0.07730729763262081,True
28518,JavaScript,lang_javascript,77760.0,1,1,0.6904966204563263,True
22669,JavaScript,lang_javascript,40000.0,0,1,0.9419912948979353,False
44035,JavaScript,lang_javascript,6940.0,0,0,0.06396063108465334,True
35304,JavaScript,lang_javascript,20358.0,0,0,0.03735285330532361,True
35561,JavaScript,lang_javascript,232029.0,1,1,0.9568096723453957,True
41260,JavaScript,lang_javascript,54212.0,0,0,0.13567594318950607,True
1011,JavaScript,lang_javascript,6000.0,0,0,0.05420271555618229,True
3138,JavaScript,lang_javascript,110000.0,1,1,0.8839877383995003,True
11413,JavaScript,lang_javascript,76825.0,1,1,0.7370341893501885,True
19053,JavaScript,lang_javascript,115000.0,1,1,0.9030625519335185,True
26166,JavaScript,lang_javascript,121383.0,1,1,0.6276652237818039,True
46013,JavaScript,lang_javascript,22300.0,0,1,0.9712106596127682,False
43370,JavaScript,lang_javascript,27857.0,0,0,0.41543374992328436,True
33639,JavaScript,lang_javascript,11090.0,0,0,0.052901965380134225,True
4267,JavaScript,lang_javascript,127616.0,1,1,0.9074916146426495,True
35448,JavaScript,lang_javascript,116015.0,1,1,0.5841817738372272,True
28892,JavaScript,lang_javascript,42111.0,0,0,0.06439618854063046,True
4688,JavaScript,lang_javascript,24124.0,0,0,0.20582607876502956,True
26158,JavaScript,lang_javascript,85739.0,1,0,0.2316395518205127,False
28334,JavaScript,lang_javascript,15111.0,0,0,0.05665333074550658,True
30991,JavaScript,lang_javascript,1678.0,0,0,0.018613537043244165,True
13617,JavaScript,lang_javascript,3426.0,0,0,0.12371918602198462,True
45311,JavaScript,lang_javascript,225000.0,1,1,0.9406004936216128,True
6917,JavaScript,lang_javascript,104413.0,1,1,0.7098958278165635,True
44153,JavaScript,lang_javascript,61264.0,0,0,0.10376167115884631,True
22373,JavaScript,lang_javascript,2286.0,0,0,0.040134490884696034,True
37032,JavaScript,lang_javascript,19722.0,0,0,0.005191280583300491,True
23172,JavaScript,lang_javascript,300000.0,1,1,0.9030575965040504,True
8345,JavaScript,lang_javascript,58007.0,0,0,0.32648953045137824,True
31078,JavaScript,lang_javascript,29004.0,0,0,0.06192240510422858,True
27209,JavaScript,lang_javascript,98244.0,1,0,0.2751905054541626,False
16550,JavaScript,lang_javascript,43689.0,0,0,0.41729139998599907,True
35760,JavaScript,lang_javascript,110000.0,1,1,0.9682546219024994,True
20001,JavaScript,lang_javascript,47566.0,0,0,0.22578468707606375,True
15781,JavaScript,lang_javascript,51000.0,0,0,0.48179370844020997,True
6436,JavaScript,lang_javascript,72958.0,0,0,0.4292551562582001,True
11540,JavaScript,lang_javascript,150000.0,1,1,0.7563654831186855,True
47404,JavaScript,lang_javascript,50538.0,0,0,0.07378200202387938,True
9096,JavaScript,lang_javascript,183000.0,1,1,0.9339766450009664,True
37737,JavaScript,lang_javascript,150000.0,1,1,0.9611868032200096,True
9271,JavaScript,lang_javascript,9000.0,0,0,0.0036651193415034853,True
11964,JavaScript,lang_javascript,70000.0,0,1,0.8809996849801756,False
43319,JavaScript,lang_javascript,69609.0,0,0,0.2514959802728422,True
35274,JavaScript,lang_javascript,145000.0,1,1,0.9581660463435299,True
5936,JavaScript,lang_javascript,149756.0,1,1,0.7469054061402183,True
13498,JavaScript,lang_javascript,53830.0,0,0,0.25355266648016095,True
36530,JavaScript,lang_javascript,100000.0,1,1,0.8724376922940548,True
38234,JavaScript,lang_javascript,40605.0,0,0,0.18593687657090205,True
2640,JavaScript,lang_javascript,130000.0,1,1,0.9675365899158839,True
3157,JavaScript,lang_javascript,165000.0,1,1,0.9126923539696724,True
19799,JavaScript,lang_javascript,73553.0,0,1,0.5276414932821667,False
17351,JavaScript,lang_javascript,48726.0,0,0,0.06369379443246596,True
32242,JavaScript,lang_javascript,2397.0,0,0,0.07367678027942423,True
29509,JavaScript,lang_javascript,14000.0,0,0,0.058218979844300404,True
367,JavaScript,lang_javascript,109438.0,1,1,0.9308207279075362,True
928,JavaScript,lang_javascript,91000.0,1,1,0.7857614080106405,True
40592,JavaScript,lang_javascript,168000.0,1,1,0.8778876520794886,True
11467,JavaScript,lang_javascript,185234.0,1,1,0.9695369761770658,True
18576,JavaScript,lang_javascript,23404.0,0,0,0.13622562113977033,True
45864,JavaScript,lang_javascript,125000.0,1,1,0.9900355452938459,True
1192,JavaScript,lang_javascript,75744.0,0,0,0.3818985753284166,True
11857,JavaScript,lang_javascript,6974.0,0,0,0.02017556587761978,True
17488,JavaScript,lang_javascript,77730.0,1,1,0.6608097368386465,True
6117,JavaScript,lang_javascript,29805.0,0,0,0.21408502910247862,True
44317,JavaScript,lang_javascript,232479.0,1,0,0.05467972938729919,False
15749,JavaScript,lang_javascript,81210.0,1,0,0.15671948050951137,False
30,JavaScript,lang_javascript,205000.0,1,1,0.9825441183333122,True
31310,JavaScript,lang_javascript,88846.0,1,1,0.8105665465134,True
46697,JavaScript,lang_javascript,94659.0,1,0,0.13549158955894672,False
25338,JavaScript,lang_javascript,76570.0,1,1,0.6584193361950006,True
27943,JavaScript,lang_javascript,6202.0,0,0,0.2762533149919509,True
15965,JavaScript,lang_javascript,21416.0,0,0,0.10123574301490561,True
13984,JavaScript,lang_javascript,65533.0,0,0,0.43833090327078045,True
11365,JavaScript,lang_javascript,200000.0,1,1,0.9576647826262662,True
43128,JavaScript,lang_javascript,116733.0,1,1,0.6622768688178647,True
32012,JavaScript,lang_javascript,63808.0,0,0,0.3707834740233503,True
37409,JavaScript,lang_javascript,6974.0,0,0,0.0017944135661620525,True
9122,JavaScript,lang_javascript,117017.0,1,1,0.9132745391977815,True
34470,JavaScript,lang_javascript,67289.0,0,0,0.4135978449049426,True
19238,JavaScript,lang_javascript,75000.0,0,0,0.4760232243115199,True
33666,JavaScript,lang_javascript,69609.0,0,1,0.8387900485399807,False
34569,JavaScript,lang_javascript,77730.0,1,0,0.31620308854290513,False
12839,JavaScript,lang_javascript,19180.0,0,0,0.0471562823790545,True
4837,JavaScript,lang_javascript,60072.0,0,0,0.04473630996523422,True
1877,JavaScript,lang_javascript,142000.0,1,1,0.9592967477847195,True
23962,JavaScript,lang_javascript,108864.0,1,1,0.9492694727782136,True
9601,JavaScript,lang_javascript,69609.0,0,1,0.5120017056079497,False
5023,JavaScript,lang_javascript,44086.0,0,0,0.09686823058224094,True
2688,JavaScript,lang_javascript,85769.0,1,1,0.7572811917741958,True
36033,JavaScript,lang_javascript,275000.0,1,1,0.991416137657068,True
34751,JavaScript,lang_javascript,98244.0,1,0,0.23598307989444509,False
37809,JavaScript,lang_javascript,52007.0,0,0,0.3059534992796274,True
5168,JavaScript,lang_javascript,167000.0,1,1,0.9808084199221797,True
37100,JavaScript,lang_javascript,69609.0,0,0,0.2263186073135373,True
40150,JavaScript,lang_javascript,3336.0,0,0,0.001691610978526555,True
19093,JavaScript,lang_javascript,205000.0,1,1,0.9965557298353241,True
44958,JavaScript,lang_javascript,218875.0,1,1,0.9514436755160837,True
2037,JavaScript,lang_javascript,14987.0,0,0,0.08745531655437837,True
33387,JavaScript,lang_javascript,64968.0,0,0,0.391214050162339,True
34459,JavaScript,lang_javascript,31324.0,0,0,0.1349859313016587,True
27545,JavaScript,lang_javascript,81964.0,1,0,0.2614809549166304,False
27653,JavaScript,lang_javascript,371247.0,1,1,0.8904943889432251,True
39756,JavaScript,lang_javascript,47650.0,0,0,0.4050427304176401,True
21440,JavaScript,lang_javascript,140000.0,1,1,0.8405108170744352,True
25693,JavaScript,lang_javascript,75000.0,0,1,0.7872689559958868,False
31843,JavaScript,lang_javascript,110516.0,1,1,0.6650894775607252,True
11789,JavaScript,lang_javascript,255232.0,1,1,0.7113034630289332,True
36573,JavaScript,lang_javascript,145000.0,1,1,0.9126737658715438,True
2462,JavaScript,lang_javascript,140000.0,1,1,0.9318557766544905,True
9532,JavaScript,lang_javascript,162421.0,1,1,0.8613703262190054,True
38190,JavaScript,lang_javascript,59167.0,0,0,0.3975997575743751,True
18428,JavaScript,lang_javascript,53989.0,0,1,0.6608116415903432,False
28240,JavaScript,lang_javascript,6902.0,0,0,0.07367068169319362,True
30784,JavaScript,lang_javascript,233.0,0,0,0.12219548389085963,True
15173,JavaScript,lang_javascript,95000.0,1,1,0.7703740741628031,True
13725,JavaScript,lang_javascript,63932.0,0,0,0.22163390440078196,True
7073,JavaScript,lang_javascript,55271.0,0,1,0.529485171085146,False
18666,JavaScript,lang_javascript,195000.0,1,1,0.9727442938280635,True
31479,JavaScript,lang_javascript,132576.0,1,1,0.627742756279135,True
29134,JavaScript,lang_javascript,46000.0,0,0,0.12549888971721004,True
40933,JavaScript,lang_javascript,170000.0,1,1,0.9434272276253516,True
1684,JavaScript,lang_javascript,180000.0,1,1,0.9873554452377904,True
11130,JavaScript,lang_javascript,120000.0,1,1,0.6699556022733453,True
45656,JavaScript,lang_javascript,69000.0,0,1,0.9826326686078866,False
1879,JavaScript,lang_javascript,102106.0,1,1,0.6561113564844159,True
14181,JavaScript,lang_javascript,49744.0,0,0,0.09693158053042017,True
45059,JavaScript,lang_javascript,27306.0,0,0,0.3648617904527473,True
48683,JavaScript,lang_javascript,75000.0,0,1,0.6290889486539698,False
8900,JavaScript,lang_javascript,90491.0,1,0,0.45733682091043326,False
547,JavaScript,lang_javascript,138000.0,1,1,0.9630935251310364,True
6076,JavaScript,lang_javascript,32727.0,0,0,0.12859449985787777,True
43761,JavaScript,lang_javascript,57079.0,0,1,0.5178887139891224,False
25919,JavaScript,lang_javascript,116733.0,1,1,0.7797489350045999,True
1933,JavaScript,lang_javascript,3947.0,0,0,0.2127631570287062,True
21210,JavaScript,lang_javascript,180000.0,1,1,0.9847025000804484,True
10085,JavaScript,lang_javascript,20923.0,0,0,0.039065284877041445,True
41405,JavaScript,lang_javascript,118593.0,1,1,0.9453286693611114,True
1200,JavaScript,lang_javascript,395.0,0,0,0.046903086837858064,True
40367,JavaScript,lang_javascript,91000.0,1,1,0.578038059602535,True
36986,JavaScript,lang_javascript,148791.0,1,1,0.978181536914779,True
44686,JavaScript,lang_javascript,83902.0,1,1,0.8624537291749964,True
28638,JavaScript,lang_javascript,12399.0,0,0,0.026993874716600138,True
36167,JavaScript,lang_javascript,69609.0,0,0,0.49137173518595234,True
12520,JavaScript,lang_javascript,41596.0,0,0,0.10820349108075947,True
20962,JavaScript,lang_javascript,87011.0,1,1,0.6999271873178025,True
5900,JavaScript,lang_javascript,2000.0,0,0,0.024656459311178026,True
10124,JavaScript,lang_javascript,75410.0,0,1,0.5327410094138277,False
27721,JavaScript,lang_javascript,98000.0,1,1,0.7435724799766453,True
28837,JavaScript,lang_javascript,5089.0,0,0,0.0011108988203869942,True
33906,JavaScript,lang_javascript,80000.0,1,1,0.9175949949130864,True
30099,JavaScript,lang_javascript,100000.0,1,1,0.8458744756744256,True
37148,JavaScript,lang_javascript,250000.0,1,1,0.9664498496184144,True
199,JavaScript,lang_javascript,8357.0,0,0,0.04329732789029138,True
13969,JavaScript,lang_javascript,125000.0,1,1,0.6393956052424131,True
33774,JavaScript,lang_javascript,16274.0,0,0,0.11101829910434131,True
30192,JavaScript,lang_javascript,87011.0,1,1,0.6492937074480634,True
38181,JavaScript,lang_javascript,190000.0,1,1,0.8233574176859807,True
16511,JavaScript,lang_javascript,106615.0,1,0,0.48431424989873695,False
2920,JavaScript,lang_javascript,55687.0,0,0,0.3159933988876385,True
4866,JavaScript,lang_javascript,58007.0,0,0,0.35239407092458264,True
2056,JavaScript,lang_javascript,57437.0,0,0,0.18390458702005089,True
6627,JavaScript,lang_javascript,205000.0,1,1,0.9425522154926177,True
1952,JavaScript,lang_javascript,69609.0,0,0,0.1287494386821873,True
7316,JavaScript,lang_javascript,110897.0,1,0,0.4253203608062186,False
3984,JavaScript,lang_javascript,155895.0,1,1,0.9213457730568221,True
394,JavaScript,lang_javascript,110000.0,1,0,0.4685519710253842,False
25165,JavaScript,lang_javascript,6974.0,0,0,0.08222257943396609,True
28266,JavaScript,lang_javascript,76516.0,1,1,0.9217805717001712,True
4808,JavaScript,lang_javascript,98612.0,1,1,0.6402712673158115,True
512,JavaScript,lang_javascript,200000.0,1,1,0.8053395193868481,True
11855,JavaScript,lang_javascript,143100.0,1,1,0.9101679960840147,True
27916,JavaScript,lang_javascript,77707.0,1,0,0.48451185777764433,False
10436,JavaScript,lang_javascript,116015.0,1,1,0.7946912442504694,True
4032,JavaScript,lang_javascript,7643.0,0,0,0.46892855549867113,True
18404,JavaScript,lang_javascript,141595.0,1,1,0.5423519424274292,True
3429,JavaScript,lang_javascript,200000.0,1,1,0.9835955518010457,True
40821,JavaScript,lang_javascript,2808.0,0,0,0.0038156005383821897,True
7027,JavaScript,lang_javascript,92812.0,1,1,0.7510003636306571,True
47285,JavaScript,lang_javascript,116015.0,1,1,0.5621669443329995,True
40545,JavaScript,lang_javascript,11624.0,0,0,0.028024929249346513,True
21605,JavaScript,lang_javascript,34804.0,0,0,0.033499030742534325,True
11907,JavaScript,lang_javascript,145629.0,1,0,0.2985261667457812,False
29176,JavaScript,lang_javascript,42653.0,0,0,0.1291635739598868,True
9646,JavaScript,lang_javascript,46406.0,0,0,0.28090892957657126,True
22415,JavaScript,lang_javascript,6858.0,0,0,0.013684319472776728,True
46159,JavaScript,lang_javascript,33746.0,0,0,0.08893142516338425,True
9923,JavaScript,lang_javascript,97452.0,1,1,0.9071987447479674,True
35870,JavaScript,lang_javascript,39445.0,0,0,0.07737000497442709,True
24315,JavaScript,lang_javascript,17738.0,0,0,0.3713747627388605,True
22310,JavaScript,lang_javascript,180000.0,1,1,0.901466835570393,True
39120,JavaScript,lang_javascript,240000.0,1,1,0.9148822590342076,True
36291,JavaScript,lang_javascript,170000.0,1,1,0.891186583288563,True
14356,JavaScript,lang_javascript,138872.0,1,1,0.925631692742422,True
3464,JavaScript,lang_javascript,40605.0,0,0,0.19690620003552145,True
35256,JavaScript,lang_javascript,49904.0,0,1,0.5019090425273348,False
19869,JavaScript,lang_javascript,47508.0,0,0,0.09934035797698736,True
5521,JavaScript,lang_javascript,231150.0,1,1,0.9959592483965508,True
12867,JavaScript,lang_javascript,71929.0,0,0,0.34606590572206125,True
34711,JavaScript,lang_javascript,66666.0,0,0,0.4346066485065461,True
30786,JavaScript,lang_javascript,19503.0,0,0,0.28516696325354657,True
12733,JavaScript,lang_javascript,74249.0,0,1,0.680466018229415,False
10584,JavaScript,lang_javascript,31583.0,0,0,0.06276445338351178,True
25154,JavaScript,lang_javascript,116640.0,1,1,0.6206582497460758,True
22933,JavaScript,lang_javascript,174682.0,1,1,0.812881508511508,True
4569,JavaScript,lang_javascript,89275.0,1,1,0.719862024284851,True
27484,JavaScript,lang_javascript,216000.0,1,1,0.754711085193101,True
28899,JavaScript,lang_javascript,34804.0,0,0,0.3618994021372259,True
5842,JavaScript,lang_javascript,225000.0,1,1,0.9739087672316239,True
20246,JavaScript,lang_javascript,15111.0,0,0,0.04811255832021769,True
671,JavaScript,lang_javascript,66824.0,0,0,0.19860445628132528,True
44429,JavaScript,lang_javascript,185623.0,1,1,0.6285871824357634,True
14997,JavaScript,lang_javascript,54611.0,0,0,0.12591311898651186,True
11813,JavaScript,lang_javascript,255232.0,1,1,0.957502390056912,True
41123,JavaScript,lang_javascript,150819.0,1,1,0.7869304002161072,True
39719,JavaScript,lang_javascript,20923.0,0,0,0.023385574021746507,True
28914,JavaScript,lang_javascript,145000.0,1,1,0.9836616678439034,True
27576,JavaScript,lang_javascript,69310.0,0,0,0.45194957600590374,True
40672,JavaScript,lang_javascript,13458.0,0,0,0.011179232049386726,True
15697,JavaScript,lang_javascript,64040.0,0,1,0.7728828331674991,False
5036,JavaScript,lang_javascript,102972.0,1,0,0.23104737802854292,False
11821,JavaScript,lang_javascript,34035.0,0,0,0.0024389951109535825,True
19707,JavaScript,lang_javascript,13922.0,0,0,0.007772279710863879,True
10012,JavaScript,lang_javascript,69609.0,0,0,0.39030857850371914,True
4015,JavaScript,lang_javascript,13949.0,0,0,0.014578686616941392,True
14943,JavaScript,lang_javascript,69116.0,0,0,0.1133244629765786,True
1390,JavaScript,lang_javascript,30164.0,0,0,0.06270273105680034,True
29096,JavaScript,lang_javascript,163370.0,1,1,0.7260293181862266,True
46609,JavaScript,lang_javascript,105000.0,1,1,0.9623682516476884,True
14738,JavaScript,lang_javascript,40000.0,0,0,0.06530141519655841,True
9837,JavaScript,lang_javascript,41765.0,0,0,0.06450441044898218,True
40208,JavaScript,lang_javascript,90000.0,1,1,0.9229913876247532,True
38284,JavaScript,lang_javascript,35822.0,0,0,0.484817477123177,True
41472,JavaScript,lang_javascript,29847.0,0,0,0.04901571659672634,True
32572,JavaScript,lang_javascript,44550.0,0,1,0.630631370063208,False
12812,JavaScript,lang_javascript,136392.0,1,1,0.9363551698897188,True
14031,JavaScript,lang_javascript,300000.0,1,1,0.98386111516007,True
45316,JavaScript,lang_javascript,66259.0,0,1,0.5114440202012995,False
46034,JavaScript,lang_javascript,61566.0,0,0,0.06407176424079118,True
14697,JavaScript,lang_javascript,116015.0,1,1,0.5049387220858963,True
38148,JavaScript,lang_javascript,93972.0,1,1,0.7470400650037268,True
4551,JavaScript,lang_javascript,5300.0,0,0,0.07022360272861716,True
21025,JavaScript,lang_javascript,25485.0,0,0,0.04754419386033075,True
35762,JavaScript,lang_javascript,13949.0,0,0,0.21853291509803707,True
25086,JavaScript,lang_javascript,1973.0,0,0,0.014329196534976468,True
14040,JavaScript,lang_javascript,207000.0,1,1,0.9467223902956113,True
36281,JavaScript,lang_javascript,25272.0,0,0,0.22327015640753262,True
36037,JavaScript,lang_javascript,34804.0,0,0,0.07333995544683589,True
5820,JavaScript,lang_javascript,300000.0,1,1,0.9167660616960436,True
20746,JavaScript,lang_javascript,56518.0,0,0,0.23726757844697638,True
5863,JavaScript,lang_javascript,12786.0,0,0,0.029114884835862505,True
46838,JavaScript,lang_javascript,18071.0,0,0,0.007058436502075873,True
30373,JavaScript,lang_javascript,300000.0,1,1,0.8745032151005075,True
5882,JavaScript,lang_javascript,50000.0,0,1,0.6994999283718665,False
4158,JavaScript,lang_javascript,7642.0,0,0,0.038607848321791816,True
13063,JavaScript,lang_javascript,51071.0,0,0,0.43792670956699664,True
45391,JavaScript,lang_javascript,73089.0,0,0,0.36391247008914335,True
1516,JavaScript,lang_javascript,16706.0,0,0,0.013023245781587024,True
34908,JavaScript,lang_javascript,65786.0,0,0,0.33471617851157975,True
20728,JavaScript,lang_javascript,240000.0,1,1,0.9562707879260627,True
43993,JavaScript,lang_javascript,63808.0,0,0,0.1113086084662739,True
38551,JavaScript,lang_javascript,195000.0,1,1,0.9430551695893428,True
16635,JavaScript,lang_javascript,180000.0,1,1,0.9602774101951091,True
43551,JavaScript,lang_javascript,88784.0,1,1,0.5160583724490829,True
24427,JavaScript,lang_javascript,68071.0,0,1,0.5041107703434117,False
40177,JavaScript,lang_javascript,43775.0,0,1,0.6183582586695777,False
41584,JavaScript,lang_javascript,127616.0,1,1,0.9283822369423849,True
13937,JavaScript,lang_javascript,215000.0,1,1,0.9741191443462134,True
15782,JavaScript,lang_javascript,194000.0,1,1,0.9519043668075291,True
14681,JavaScript,lang_javascript,95299.0,1,1,0.6592501841012143,True
3531,JavaScript,lang_javascript,34872.0,0,0,0.024020169453771667,True
9944,JavaScript,lang_javascript,88492.0,1,1,0.7900640629281557,True
40989,JavaScript,lang_javascript,37439.0,0,1,0.5590152351684958,False
43974,JavaScript,lang_javascript,1838.0,0,0,0.015768611824524846,True
30789,JavaScript,lang_javascript,74761.0,0,1,0.7689144516488304,False
36412,JavaScript,lang_javascript,60000.0,0,0,0.03971001782229904,True
6713,JavaScript,lang_javascript,87341.0,1,0,0.39359413538256904,False
490,JavaScript,lang_javascript,75410.0,0,1,0.6507357595671,False
40901,JavaScript,lang_javascript,115000.0,1,1,0.9012498157177751,True
29990,JavaScript,lang_javascript,97452.0,1,0,0.3831982641792886,False
28216,JavaScript,lang_javascript,81368.0,1,0,0.006037120484937157,False
2754,JavaScript,lang_javascript,170000.0,1,1,0.9701362858690652,True
30776,JavaScript,lang_javascript,12000.0,0,0,0.01822980436362185,True
35787,JavaScript,lang_javascript,68071.0,0,0,0.39714215121605967,True
6265,JavaScript,lang_javascript,9281.0,0,0,0.06350294648922186,True
26607,JavaScript,lang_javascript,150000.0,1,1,0.9744476426861053,True
29098,JavaScript,lang_javascript,90000.0,1,1,0.6964268466005066,True
46399,JavaScript,lang_javascript,230000.0,1,1,0.6901384930772403,True
6918,JavaScript,lang_javascript,117017.0,1,1,0.9437673757084684,True
1322,JavaScript,lang_javascript,200000.0,1,1,0.9843846313539985,True
1547,JavaScript,lang_javascript,71134.0,0,1,0.5901795376964929,False
12725,JavaScript,lang_javascript,18605.0,0,0,0.03757364919300037,True
5091,JavaScript,lang_javascript,83531.0,1,1,0.7855226328843109,True
5220,JavaScript,lang_javascript,71929.0,0,1,0.5409361245584013,False
4366,JavaScript,lang_javascript,78890.0,1,0,0.16777358858171948,False
44690,JavaScript,lang_javascript,2906.0,0,0,0.0983423662052487,True
4931,JavaScript,lang_javascript,107000.0,1,1,0.9010196523152865,True
27594,JavaScript,lang_javascript,43139.0,0,0,0.08351332284279735,True
40476,JavaScript,lang_javascript,136520.0,1,1,0.8692665853527931,True
15571,JavaScript,lang_javascript,69310.0,0,0,0.4135052286801074,True
45879,JavaScript,lang_javascript,72282.0,0,1,0.8179360885256387,False
29025,JavaScript,lang_javascript,24561.0,0,0,0.1260956963787889,True
1938,JavaScript,lang_javascript,65663.0,0,0,0.2929487903598316,True
33057,JavaScript,lang_javascript,125000.0,1,1,0.8700956012981926,True
14083,JavaScript,lang_javascript,213000.0,1,1,0.9259155074456573,True
4351,JavaScript,lang_javascript,58007.0,0,0,0.33778554674465056,True
3170,JavaScript,lang_javascript,80050.0,1,1,0.5821834098512084,True
36920,JavaScript,lang_javascript,50741.0,0,0,0.1513803156872512,True
23022,JavaScript,lang_javascript,68333.0,0,1,0.8299294546934193,False
35974,JavaScript,lang_javascript,16274.0,0,0,0.027221735867437025,True
12791,JavaScript,lang_javascript,37445.0,0,0,0.28535836276861554,True
39226,JavaScript,lang_javascript,72000.0,0,0,0.2492255349695338,True
18733,JavaScript,lang_javascript,150000.0,1,1,0.955398241161028,True
43915,JavaScript,lang_javascript,83280.0,1,0,0.1548052240854439,False
15812,JavaScript,lang_javascript,75000.0,0,1,0.6103260728299993,False
12274,JavaScript,lang_javascript,104413.0,1,0,0.18173346366798526,False
27452,JavaScript,lang_javascript,63713.0,0,0,0.48025491514163055,True
3481,JavaScript,lang_javascript,185000.0,1,1,0.8756519280507891,True
4037,JavaScript,lang_javascript,78310.0,1,0,0.2153610152928874,False
13040,JavaScript,lang_javascript,75410.0,0,0,0.344544179177568,True
35438,JavaScript,lang_javascript,30222.0,0,0,0.09416361724261095,True
3422,JavaScript,lang_javascript,84512.0,1,1,0.6849960029742718,True
4197,JavaScript,lang_javascript,95299.0,1,1,0.8645627500858528,True
43135,JavaScript,lang_javascript,40684.0,0,0,0.03218694284087203,True
12096,JavaScript,lang_javascript,800.0,0,1,0.9767922147573926,False
18000,JavaScript,lang_javascript,80000.0,1,0,0.13112030451070844,False
3888,JavaScript,lang_javascript,14187.0,0,0,0.030300066176588165,True
29151,JavaScript,lang_javascript,63618.0,0,0,0.2868183905710119,True
36960,JavaScript,lang_javascript,92812.0,1,1,0.5945010542869005,True
30943,JavaScript,lang_javascript,32484.0,0,0,0.2284756460641429,True
12800,JavaScript,lang_javascript,28772.0,0,0,0.09422382865406763,True
27456,JavaScript,lang_javascript,70000.0,0,1,0.5031489585095278,False
22459,JavaScript,lang_javascript,62221.0,0,0,0.3603291958703986,True
27134,JavaScript,lang_javascript,87011.0,1,1,0.6590619869845049,True
3818,JavaScript,lang_javascript,75410.0,0,0,0.23666040408897787,True
17309,JavaScript,lang_javascript,68449.0,0,0,0.15171923968794462,True
14450,JavaScript,lang_javascript,78011.0,1,1,0.7039255838057948,True
25206,JavaScript,lang_javascript,76239.0,0,1,0.6683303630034677,False
6139,JavaScript,lang_javascript,143084.0,1,1,0.7316089725186636,True
4922,JavaScript,lang_javascript,122527.0,1,1,0.7903089722666924,True
10224,JavaScript,lang_javascript,76570.0,1,1,0.8117017838804962,True
13520,JavaScript,lang_javascript,61264.0,0,0,0.3093486404061332,True
237,JavaScript,lang_javascript,61996.0,0,1,0.8761213886707994,False
13333,JavaScript,lang_javascript,34872.0,0,0,0.05046190244176896,True
9648,JavaScript,lang_javascript,53367.0,0,0,0.21350789250026822,True
33214,JavaScript,lang_javascript,130000.0,1,1,0.9623928545815245,True
13272,JavaScript,lang_javascript,190604.0,1,1,0.8792106772033211,True
11612,JavaScript,lang_javascript,99383.0,1,1,0.6654756256360841,True
41330,JavaScript,lang_javascript,218000.0,1,1,0.9549584787082738,True
21425,JavaScript,lang_javascript,180000.0,1,1,0.9166298536555556,True
787,JavaScript,lang_javascript,163370.0,1,0,0.30716951242285484,False
22696,JavaScript,lang_javascript,93000.0,1,1,0.9294850884004499,True
15287,JavaScript,lang_javascript,11601.0,0,0,0.0009212495193467739,True
33256,JavaScript,lang_javascript,215000.0,1,1,0.9771112662993569,True
4756,JavaScript,lang_javascript,130000.0,1,1,0.9447700957062896,True
14895,JavaScript,lang_javascript,7776.0,0,1,0.754210937086675,False
42682,JavaScript,lang_javascript,386000.0,1,1,0.9931992513788044,True
35820,JavaScript,lang_javascript,27844.0,0,0,0.3771882458046893,True
10887,JavaScript,lang_javascript,58007.0,0,0,0.2357085697599396,True
196,JavaScript,lang_javascript,108000.0,1,0,0.44970523670041057,False
14892,JavaScript,lang_javascript,81210.0,1,1,0.8022786616461056,True
15183,JavaScript,lang_javascript,56847.0,0,0,0.2625995266966083,True
5002,JavaScript,lang_javascript,100000.0,1,1,0.9659557474756841,True
18150,JavaScript,lang_javascript,62015.0,0,1,0.9667810387817535,False
44279,JavaScript,lang_javascript,110000.0,1,1,0.9528488387651671,True
19821,JavaScript,lang_javascript,111374.0,1,0,0.1246330457016634,False
4137,JavaScript,lang_javascript,69609.0,0,0,0.09667935156346705,True
28791,JavaScript,lang_javascript,64505.0,0,0,0.42064518258142714,True
5959,JavaScript,lang_javascript,18000.0,0,0,0.11265883945170806,True
17506,JavaScript,lang_javascript,22000.0,0,1,0.6635381237648313,False
4864,JavaScript,lang_javascript,92812.0,1,1,0.7745941678925378,True
9126,JavaScript,lang_javascript,31090.0,0,0,0.26042628359698033,True
4952,JavaScript,lang_javascript,16075.0,0,0,0.05446439349040918,True
26633,JavaScript,lang_javascript,110000.0,1,1,0.7299415690228918,True
45341,JavaScript,lang_javascript,45847.0,0,0,0.35240536911152665,True
40034,JavaScript,lang_javascript,87011.0,1,0,0.41805240325521126,False
5643,JavaScript,lang_javascript,15909.0,0,0,0.03917284231752235,True
16156,JavaScript,lang_javascript,68004.0,0,0,0.05990261388346602,True
26618,JavaScript,lang_javascript,95596.0,1,1,0.5882389094607835,True
16513,JavaScript,lang_javascript,54457.0,0,1,0.5038404318545128,False
39833,JavaScript,lang_javascript,1078.0,0,0,0.014153494167884034,True
6278,JavaScript,lang_javascript,130000.0,1,1,0.9929606599769955,True
20676,JavaScript,lang_javascript,190000.0,1,1,0.9657532509822928,True
5465,JavaScript,lang_javascript,120000.0,1,1,0.9653636410635161,True
45488,JavaScript,lang_javascript,98827.0,1,1,0.7376048527518487,True
8590,JavaScript,lang_javascript,4214.0,0,0,0.030215895215677812,True
48931,JavaScript,lang_javascript,165000.0,1,1,0.8960745574690321,True
33625,JavaScript,lang_javascript,216988.0,1,1,0.9955883101119181,True
29038,JavaScript,lang_javascript,29004.0,0,0,0.031970642266589064,True
35375,JavaScript,lang_javascript,240000.0,1,1,0.9233877065636402,True
18821,JavaScript,lang_javascript,280000.0,1,1,0.9126965101882887,True
3606,JavaScript,lang_javascript,55687.0,0,1,0.6409749245101614,False
27015,JavaScript,lang_javascript,147071.0,1,1,0.7231856796302489,True
45137,JavaScript,lang_javascript,69609.0,0,0,0.24497175319482473,True
4726,JavaScript,lang_javascript,73089.0,0,1,0.8447355880987715,False
25351,JavaScript,lang_javascript,37872.0,0,0,0.4612678087709882,True
44615,JavaScript,lang_javascript,46406.0,0,1,0.7980658435497601,False
3915,JavaScript,lang_javascript,55818.0,0,1,0.810040232369915,False
2951,JavaScript,lang_javascript,89751.0,1,1,0.6736403057179036,True
8319,JavaScript,lang_javascript,61919.0,0,0,0.029908746315133142,True
35596,JavaScript,lang_javascript,100000.0,1,1,0.9300450909976723,True
38785,JavaScript,lang_javascript,185623.0,1,1,0.8883280304564359,True
30042,JavaScript,lang_javascript,350000.0,1,1,0.9574945606776144,True
15195,JavaScript,lang_javascript,165000.0,1,1,0.9668609288401374,True
28150,JavaScript,lang_javascript,69609.0,0,0,0.49044905196690114,True
40118,JavaScript,lang_javascript,78000.0,1,1,0.9684357399506666,True
13686,JavaScript,lang_javascript,185623.0,1,1,0.7361886525943904,True
28910,JavaScript,lang_javascript,108723.0,1,1,0.6900508363953,True
19128,JavaScript,lang_javascript,37197.0,0,0,0.005195795412017297,True
40052,JavaScript,lang_javascript,87011.0,1,1,0.7632356865876887,True
36423,JavaScript,lang_javascript,92812.0,1,0,0.1762152010142408,False
15056,JavaScript,lang_javascript,195280.0,1,1,0.9735363432251054,True
11216,JavaScript,lang_javascript,200000.0,1,1,0.9790328115345796,True
389,JavaScript,lang_javascript,117014.0,1,0,0.2226780447448832,False
16712,JavaScript,lang_javascript,58007.0,0,0,0.03203634015373021,True
12419,JavaScript,lang_javascript,98612.0,1,0,0.3538924178480557,False
35634,JavaScript,lang_javascript,75744.0,0,0,0.20529428286332874,True
14750,JavaScript,lang_javascript,56604.0,0,0,0.25849974479118976,True
17373,JavaScript,lang_javascript,145000.0,1,1,0.6255812012141657,True
22585,JavaScript,lang_javascript,348.0,0,0,0.010214648576424108,True
2377,JavaScript,lang_javascript,142592.0,1,1,0.9637038175984368,True
3880,JavaScript,lang_javascript,6000.0,0,0,0.15828551444257588,True
10245,JavaScript,lang_javascript,38171.0,0,0,0.05224589761030293,True
28252,JavaScript,lang_javascript,42356.0,0,0,0.35166310378551546,True
31582,JavaScript,lang_javascript,75495.0,0,0,0.13125898426457172,True
35635,JavaScript,lang_javascript,325047.0,1,1,0.9468681903383456,True
10645,JavaScript,lang_javascript,23203.0,0,0,0.019013283207174724,True
5788,JavaScript,lang_javascript,8809.0,0,0,0.009964403224395896,True
6658,JavaScript,lang_javascript,117082.0,1,1,0.6277099133165462,True
5076,JavaScript,lang_javascript,272536.0,1,1,0.5747553549189756,True
13002,JavaScript,lang_javascript,81262.0,1,1,0.500091805045036,True
31277,JavaScript,lang_javascript,75410.0,0,0,0.24519091189675782,True
2257,JavaScript,lang_javascript,75000.0,0,1,0.7318772439237488,False
7,JavaScript,lang_javascript,6240.0,0,0,0.07308295656249787,True
48823,JavaScript,lang_javascript,3545.0,0,0,0.06232372513753506,True
43127,JavaScript,lang_javascript,145000.0,1,1,0.9425551310863807,True
20069,JavaScript,lang_javascript,81761.0,1,1,0.6651414972451777,True
10578,JavaScript,lang_javascript,130193.0,1,1,0.9792961588776734,True
22974,JavaScript,lang_javascript,74249.0,0,0,0.1821328124010218,True
12280,JavaScript,lang_javascript,93000.0,1,1,0.9093233078469428,True
39664,JavaScript,lang_javascript,87011.0,1,0,0.19895887971062362,False
6236,JavaScript,lang_javascript,81210.0,1,1,0.7416773163227911,True
11583,JavaScript,lang_javascript,18204.0,0,0,0.16917088663475705,True
41936,JavaScript,lang_javascript,200000.0,1,1,0.9494456634052977,True
11760,JavaScript,lang_javascript,57861.0,0,0,0.18229521596137452,True
13919,JavaScript,lang_javascript,180000.0,1,1,0.9403929605279717,True
6329,JavaScript,lang_javascript,132057.0,1,1,0.5589218713327035,True
11804,JavaScript,lang_javascript,92812.0,1,0,0.31601252400455143,False
43896,JavaScript,lang_javascript,618.0,0,0,0.15632850543022095,True
43575,JavaScript,lang_javascript,125000.0,1,1,0.772066419490256,True
20309,JavaScript,lang_javascript,2000.0,0,0,0.33571207597680486,True
42230,JavaScript,lang_javascript,69659.0,0,0,0.39084207452568215,True
18819,JavaScript,lang_javascript,234000.0,1,1,0.9920296048418262,True
36330,JavaScript,lang_javascript,220000.0,1,1,0.9836345965077951,True
5616,JavaScript,lang_javascript,62180.0,0,0,0.35309866639726456,True
1464,JavaScript,lang_javascript,71168.0,0,0,0.3538103261513704,True
41821,JavaScript,lang_javascript,73375.0,0,0,0.4161929361755627,True
6696,JavaScript,lang_javascript,161191.0,1,1,0.977781492468667,True
12989,JavaScript,lang_javascript,34804.0,0,0,0.06363537586549847,True
26984,JavaScript,lang_javascript,116015.0,1,1,0.8194972051700385,True
47399,JavaScript,lang_javascript,30164.0,0,0,0.019930801688941683,True
35254,JavaScript,lang_javascript,58007.0,0,0,0.24515510906881624,True
6077,JavaScript,lang_javascript,66128.0,0,1,0.5008206425473236,False
22635,JavaScript,lang_javascript,96000.0,1,0,0.08410495178670652,False
26508,JavaScript,lang_javascript,57342.0,0,0,0.24556693773737925,True
35947,JavaScript,lang_javascript,84408.0,1,1,0.935800545688595,True
46837,JavaScript,lang_javascript,47566.0,0,0,0.3226360655318383,True
4982,JavaScript,lang_javascript,27000.0,0,0,0.1810658978044132,True
12427,JavaScript,lang_javascript,116015.0,1,1,0.8319856005322576,True
40293,JavaScript,lang_javascript,5000.0,0,0,0.013620373490025584,True
27548,JavaScript,lang_javascript,37000.0,0,1,0.761088011406219,False
41507,JavaScript,lang_javascript,57858.0,0,0,0.382985022667869,True
38640,JavaScript,lang_javascript,80050.0,1,1,0.7413531439063209,True
4534,JavaScript,lang_javascript,168221.0,1,1,0.7439878085927965,True
46240,JavaScript,lang_javascript,81210.0,1,0,0.3019421830659815,False
12002,JavaScript,lang_javascript,81262.0,1,1,0.795380461480454,True
36748,JavaScript,lang_javascript,240000.0,1,1,0.9757955416459796,True
32766,JavaScript,lang_javascript,10922.0,0,0,0.12803829517240836,True
15344,JavaScript,lang_javascript,20047.0,0,0,0.04204273738771349,True
31053,JavaScript,lang_javascript,30628.0,0,0,0.1931068529565341,True
25214,JavaScript,lang_javascript,5812.0,0,0,0.0066728391193926,True
31308,JavaScript,lang_javascript,89815.0,1,1,0.5905999035756722,True
5317,JavaScript,lang_javascript,78890.0,1,1,0.5137135155179668,True
12385,JavaScript,lang_javascript,43985.0,0,1,0.7549811705103482,False
11840,JavaScript,lang_javascript,2790.0,0,0,0.02150876590671794,True
17565,JavaScript,lang_javascript,63808.0,0,0,0.37247212067427604,True
34806,JavaScript,lang_javascript,81685.0,1,1,0.7886840074532754,True
20312,JavaScript,lang_javascript,167454.0,1,1,0.7330195343835179,True
37503,JavaScript,lang_javascript,36034.0,0,0,0.04472932935206508,True
44336,JavaScript,lang_javascript,83531.0,1,0,0.33351493735705445,False
22627,JavaScript,lang_javascript,74878.0,0,0,0.4505043481038398,True
17930,JavaScript,lang_javascript,44086.0,0,0,0.4805643563556166,True
26687,JavaScript,lang_javascript,234337.0,1,1,0.9002571424398638,True
21463,JavaScript,lang_javascript,120000.0,1,1,0.9978698805285218,True
34795,JavaScript,lang_javascript,54457.0,0,1,0.5365821646404393,False
11986,JavaScript,lang_javascript,120381.0,1,0,0.45544657549667034,False
7427,JavaScript,lang_javascript,1515.0,0,0,0.1187254833949228,True
6336,JavaScript,lang_javascript,61996.0,0,0,0.2740208245873278,True
13505,JavaScript,lang_javascript,100000.0,1,1,0.8725656269044454,True
18935,JavaScript,lang_javascript,163000.0,1,1,0.9726935723128904,True
13146,JavaScript,lang_javascript,6362.0,0,0,0.2769937945305728,True
36397,JavaScript,lang_javascript,231441.0,1,1,0.958603189599911,True
6749,JavaScript,lang_javascript,78000.0,1,1,0.7049830556673884,True
1813,JavaScript,lang_javascript,3480.0,0,1,0.757327785449163,False
28847,JavaScript,lang_javascript,16383.0,0,0,0.2940697440234355,True
27506,JavaScript,lang_javascript,46918.0,0,1,0.8236622340710263,False
13058,JavaScript,lang_javascript,1000.0,0,0,0.058618793266142735,True
513,JavaScript,lang_javascript,9368.0,0,0,0.017715035690986834,True
19237,JavaScript,lang_javascript,156000.0,1,1,0.9838320677845389,True
20392,JavaScript,lang_javascript,107000.0,1,1,0.8883847678130866,True
11051,JavaScript,lang_javascript,169000.0,1,1,0.8426628722390956,True
41086,JavaScript,lang_javascript,250000.0,1,1,0.9953225838058118,True
4365,JavaScript,lang_javascript,54457.0,0,0,0.2951587200765594,True
15250,JavaScript,lang_javascript,46406.0,0,1,0.8556416773433114,False
29006,JavaScript,lang_javascript,36000.0,0,0,0.08666180981335096,True
33918,JavaScript,lang_javascript,170000.0,1,1,0.959480947939236,True
14045,JavaScript,lang_javascript,175000.0,1,1,0.9892727553465058,True
645,JavaScript,lang_javascript,48726.0,0,0,0.26700980803238267,True
12243,JavaScript,lang_javascript,164000.0,1,1,0.968329007472278,True
30423,JavaScript,lang_javascript,92000.0,1,1,0.6697674809170072,True
43685,JavaScript,lang_javascript,4650.0,0,0,0.007097326352480373,True
35427,JavaScript,lang_javascript,92812.0,1,1,0.5362332524978478,True
37913,JavaScript,lang_javascript,47358.0,0,0,0.17492686803592328,True
12220,JavaScript,lang_javascript,198000.0,1,1,0.9477897147779432,True
28668,JavaScript,lang_javascript,52207.0,0,0,0.45822846582016885,True
47338,JavaScript,lang_javascript,69609.0,0,0,0.3174511394941752,True
42219,JavaScript,lang_javascript,85000.0,1,1,0.9804659398298922,True
1292,JavaScript,lang_javascript,150000.0,1,1,0.9212286074937079,True
3256,JavaScript,lang_javascript,13000.0,0,0,0.3008045672243207,True
6175,JavaScript,lang_javascript,3863.0,0,0,0.036316520266226046,True
24689,JavaScript,lang_javascript,20000.0,0,0,0.050375875755753245,True
5634,JavaScript,lang_javascript,119805.0,1,0,0.4219954618519383,False
6470,JavaScript,lang_javascript,87550.0,1,1,0.5783255107584744,True
14361,JavaScript,lang_javascript,52207.0,0,0,0.35224559766355834,True
38173,JavaScript,lang_javascript,36000.0,0,0,0.10487225390264833,True
44810,JavaScript,lang_javascript,150000.0,1,1,0.9425882593901721,True
36325,JavaScript,lang_javascript,23248.0,0,0,0.10511484559149285,True
43428,JavaScript,lang_javascript,40684.0,0,0,0.08090124582867225,True
183,JavaScript,lang_javascript,94846.0,1,1,0.9844090559747518,True
25990,JavaScript,lang_javascript,50000.0,0,0,0.026310235870987155,True
12715,JavaScript,lang_javascript,66128.0,0,1,0.6253398913660627,False
15428,JavaScript,lang_javascript,96000.0,1,1,0.9647760070732989,True
6404,JavaScript,lang_javascript,8755.0,0,0,0.11375746392939058,True
41174,JavaScript,lang_javascript,55000.0,0,1,0.849826358180406,False
41375,JavaScript,lang_javascript,60000.0,0,1,0.625838479283476,False
40532,JavaScript,lang_javascript,58007.0,0,1,0.6364999447301017,False
12081,JavaScript,lang_javascript,36951.0,0,0,0.11703048295221614,True
27517,JavaScript,lang_javascript,121000.0,1,1,0.8918236589376368,True
10765,JavaScript,lang_javascript,150000.0,1,1,0.9259103464809781,True
28098,JavaScript,lang_javascript,31324.0,0,0,0.07642809831294338,True
3803,JavaScript,lang_javascript,65258.0,0,0,0.1551063310396408,True
35494,JavaScript,lang_javascript,116015.0,1,1,0.5046312309988759,True
34385,JavaScript,lang_javascript,6221.0,0,1,0.6969812465742439,False
22970,JavaScript,lang_javascript,68924.0,0,0,0.41563351576337254,True
19355,JavaScript,lang_javascript,157000.0,1,1,0.9510907642508721,True
26240,JavaScript,lang_javascript,98612.0,1,0,0.137256892700754,False
40516,JavaScript,lang_javascript,9600.0,0,0,0.11521083910019725,True
34560,JavaScript,lang_javascript,82370.0,1,0,0.30007947020177206,False
34789,JavaScript,lang_javascript,69609.0,0,0,0.13757487539553953,True
4596,JavaScript,lang_javascript,61187.0,0,0,0.004448511481091382,True
16734,JavaScript,lang_javascript,63808.0,0,0,0.4303981342012157,True
21606,JavaScript,lang_javascript,144310.0,1,1,0.5544365185400143,True
45698,JavaScript,lang_javascript,350000.0,1,1,0.9846650818247082,True
28782,JavaScript,lang_javascript,2876.0,0,0,0.0004041789112579341,True
5912,JavaScript,lang_javascript,4650.0,0,0,0.02815128270325958,True
49090,JavaScript,lang_javascript,4650.0,0,0,0.0010831147326197262,True
15169,JavaScript,lang_javascript,28772.0,0,0,0.17395081594715597,True
6011,JavaScript,lang_javascript,49328.0,0,0,0.050302298976019684,True
2891,JavaScript,lang_javascript,40000.0,0,1,0.7492874349692177,False
17600,JavaScript,lang_javascript,146.0,0,1,0.6663345485662427,False
43543,JavaScript,lang_javascript,33886.0,0,0,0.05375971386283879,True
44808,JavaScript,lang_javascript,110000.0,1,1,0.9670096953416671,True
37992,JavaScript,lang_javascript,65496.0,0,0,0.48607334954973386,True
49008,JavaScript,lang_javascript,112334.0,1,0,0.48942555427386786,False
28341,JavaScript,lang_javascript,50400.0,0,0,0.047635225696926645,True
37025,JavaScript,lang_javascript,108913.0,1,1,0.8599553610415498,True
1805,JavaScript,lang_javascript,78000.0,1,1,0.9223311297658012,True
28594,JavaScript,lang_javascript,150000.0,1,1,0.9390518072171464,True
21821,JavaScript,lang_javascript,69609.0,0,1,0.7777936115872579,False
33251,JavaScript,lang_javascript,19085.0,0,0,0.034344717375105076,True
20730,JavaScript,lang_javascript,110000.0,1,1,0.8894939403942537,True
40635,JavaScript,lang_javascript,39445.0,0,0,0.09702837202783209,True
27319,JavaScript,lang_javascript,120000.0,1,1,0.9822758777396375,True
25766,JavaScript,lang_javascript,58000.0,0,0,0.03648358927279657,True
4023,JavaScript,lang_javascript,364859.0,1,1,0.8917576379887479,True
43631,JavaScript,lang_javascript,47742.0,0,0,0.06748707968583222,True
20229,JavaScript,lang_javascript,50118.0,0,0,0.21610526664450935,True
9016,JavaScript,lang_javascript,49886.0,0,0,0.1235557191644177,True
17269,JavaScript,lang_javascript,99953.0,1,1,0.6532076673973174,True
16604,JavaScript,lang_javascript,97341.0,1,1,0.6135608238248752,True
10143,JavaScript,lang_javascript,55220.0,0,0,0.12493806789659492,True
35356,JavaScript,lang_javascript,130000.0,1,1,0.9845806343963237,True
6180,JavaScript,lang_javascript,55687.0,0,0,0.19648039215257654,True
15456,JavaScript,lang_javascript,192000.0,1,1,0.8501399493921612,True
33422,JavaScript,lang_javascript,1595.0,0,0,0.016347018384341425,True
20614,JavaScript,lang_javascript,75410.0,0,1,0.8405285521337605,False
37045,JavaScript,lang_javascript,109861.0,1,1,0.5980233726399627,True
2250,JavaScript,lang_javascript,220000.0,1,1,0.9920732910933795,True
4282,JavaScript,lang_javascript,11043.0,0,0,0.018344998967578918,True
683,JavaScript,lang_javascript,41765.0,0,0,0.424722580778323,True
3161,JavaScript,lang_javascript,232000.0,1,1,0.9375803527257774,True
9028,JavaScript,lang_javascript,169024.0,1,1,0.952203920322477,True
21577,JavaScript,lang_javascript,5580.0,0,0,0.00021641635965667592,True
18409,JavaScript,lang_javascript,75410.0,0,0,0.4164889891653258,True
3693,JavaScript,lang_javascript,48726.0,0,0,0.24500952068238063,True
20142,JavaScript,lang_javascript,89853.0,1,1,0.8475648053986186,True
5614,JavaScript,lang_javascript,48726.0,0,0,0.11986403887127106,True
24492,JavaScript,lang_javascript,94552.0,1,1,0.7729046182910473,True
33811,JavaScript,lang_javascript,11601.0,0,0,0.005404659685669567,True
40337,JavaScript,lang_javascript,18562.0,0,0,0.059494612376167745,True
19577,JavaScript,lang_javascript,12759.0,0,0,0.05841597076820926,True
40874,JavaScript,lang_javascript,100745.0,1,1,0.530340698105862,True
41050,JavaScript,lang_javascript,1416.0,0,0,0.017962804881279753,True
17495,JavaScript,lang_javascript,110275.0,1,1,0.8945115553456225,True
854,JavaScript,lang_javascript,35965.0,0,0,0.15043194388138062,True
41550,JavaScript,lang_javascript,558.0,0,0,0.01935492610257865,True
28293,JavaScript,lang_javascript,117793.0,1,1,0.629500424773293,True
35350,JavaScript,lang_javascript,18204.0,0,0,0.033165200165789256,True
6693,JavaScript,lang_javascript,103137.0,1,1,0.9076176958615896,True
3801,JavaScript,lang_javascript,58007.0,0,0,0.09115702384568815,True
25321,JavaScript,lang_javascript,5812.0,0,0,0.05015256897869231,True
36799,JavaScript,lang_javascript,30000.0,0,0,0.15662134157048685,True
47215,TypeScript,lang_typescript,69600.0,0,0,0.3735561426650428,True
13138,TypeScript,lang_typescript,47650.0,0,0,0.10053321258203331,True
19763,TypeScript,lang_typescript,182026.0,1,1,0.9655802999956778,True
24440,TypeScript,lang_typescript,240000.0,1,1,0.9529660979569738,True
32836,TypeScript,lang_typescript,63808.0,0,0,0.40712245760875815,True
36755,TypeScript,lang_typescript,44096.0,0,0,0.09912875308089202,True
37749,TypeScript,lang_typescript,85534.0,1,0,0.20948593017631142,False
26172,TypeScript,lang_typescript,98612.0,1,1,0.5156985973845255,True
11663,TypeScript,lang_typescript,83600.0,1,1,0.9116999491511458,True
14865,TypeScript,lang_typescript,200000.0,1,1,0.9885920298758474,True
6114,TypeScript,lang_typescript,195028.0,1,1,0.758880350670327,True
6810,TypeScript,lang_typescript,170000.0,1,1,0.9858938849873492,True
40767,TypeScript,lang_typescript,87011.0,1,1,0.5362833734523454,True
600,TypeScript,lang_typescript,2221.0,0,0,0.031391002846678784,True
3398,TypeScript,lang_typescript,100765.0,1,1,0.5387952276763477,True
45868,TypeScript,lang_typescript,52007.0,0,1,0.6254569805039668,False
1052,TypeScript,lang_typescript,73100.0,0,1,0.763056373696724,False
1308,TypeScript,lang_typescript,8100.0,0,0,0.012297898645310378,True
16774,TypeScript,lang_typescript,45195.0,0,0,0.15185678972538683,True
47170,TypeScript,lang_typescript,43505.0,0,1,0.733472162858954,False
19634,TypeScript,lang_typescript,93392.0,1,1,0.7474455661474564,True
46054,TypeScript,lang_typescript,58120.0,0,0,0.06476569677049036,True
20665,TypeScript,lang_typescript,80000.0,1,1,0.9369253379831284,True
35577,TypeScript,lang_typescript,34122.0,0,0,0.26114212748579213,True
42591,TypeScript,lang_typescript,13322.0,0,0,0.08673524489108501,True
15762,TypeScript,lang_typescript,120000.0,1,1,0.9766520140890527,True
6597,TypeScript,lang_typescript,217729.0,1,1,0.986026734052115,True
3165,TypeScript,lang_typescript,131000.0,1,1,0.919562131380862,True
31063,TypeScript,lang_typescript,15786.0,0,0,0.11943980360774407,True
18656,TypeScript,lang_typescript,52207.0,0,0,0.07695000010725021,True
39759,TypeScript,lang_typescript,68071.0,0,1,0.7139872070512596,False
13769,TypeScript,lang_typescript,190000.0,1,1,0.9507905631573323,True
30517,TypeScript,lang_typescript,150000.0,1,1,0.8407585629151982,True
1157,TypeScript,lang_typescript,113615.0,1,0,0.4115889079052448,False
36766,TypeScript,lang_typescript,145500.0,1,1,0.9864251274011018,True
190,TypeScript,lang_typescript,3371.0,0,0,0.09262725736551619,True
17212,TypeScript,lang_typescript,118000.0,1,1,0.8729823783837102,True
26780,TypeScript,lang_typescript,108913.0,1,1,0.5322805968892628,True
37554,TypeScript,lang_typescript,100000.0,1,1,0.9733999769767477,True
37235,TypeScript,lang_typescript,85851.0,1,0,0.17040509481593122,False
12221,TypeScript,lang_typescript,142949.0,1,1,0.7438279628975217,True
5965,TypeScript,lang_typescript,367.0,0,0,0.017534269562538438,True
483,TypeScript,lang_typescript,210000.0,1,1,0.7436251232537747,True
45519,TypeScript,lang_typescript,192000.0,1,1,0.9166294919417342,True
37293,TypeScript,lang_typescript,15082.0,0,0,0.06513278349178846,True
12729,TypeScript,lang_typescript,119805.0,1,1,0.6608568923234983,True
45975,TypeScript,lang_typescript,180000.0,1,1,0.9812033489029536,True
15488,TypeScript,lang_typescript,38112.0,0,0,0.09893985825922745,True
19925,TypeScript,lang_typescript,5221.0,0,1,0.6438023819769819,False
21747,TypeScript,lang_typescript,139218.0,1,1,0.9790268122340079,True
3826,TypeScript,lang_typescript,84691.0,1,1,0.6813777084594149,True
45676,TypeScript,lang_typescript,125468.0,1,1,0.8119290089197794,True
20662,TypeScript,lang_typescript,27844.0,0,0,0.024613599058983877,True
18208,TypeScript,lang_typescript,250000.0,1,1,0.988413662913059,True
15625,TypeScript,lang_typescript,41765.0,0,0,0.21448899256765558,True
40694,TypeScript,lang_typescript,87011.0,1,1,0.5553502295063224,True
5937,TypeScript,lang_typescript,46496.0,0,0,0.09163276521686188,True
11253,TypeScript,lang_typescript,78930.0,1,0,0.20404005273674955,False
2403,TypeScript,lang_typescript,127616.0,1,1,0.5380523003630545,True
43681,TypeScript,lang_typescript,65528.0,0,0,0.21825450121058093,True
2559,TypeScript,lang_typescript,75410.0,0,0,0.44369055687321335,True
41963,TypeScript,lang_typescript,88960.0,1,1,0.5244060063001104,True
34329,TypeScript,lang_typescript,50496.0,0,0,0.16242337329436426,True
24562,TypeScript,lang_typescript,122527.0,1,1,0.5261822513379655,True
16667,TypeScript,lang_typescript,80000.0,1,0,0.1186225088078477,False
42092,TypeScript,lang_typescript,1600.0,0,0,0.47026086759119434,True
13290,TypeScript,lang_typescript,24813.0,0,0,0.2307836528691627,True
1860,TypeScript,lang_typescript,58429.0,0,0,0.11315574622460878,True
1689,TypeScript,lang_typescript,58007.0,0,0,0.4745115696912473,True
36331,TypeScript,lang_typescript,145000.0,1,1,0.9506084132670262,True
34887,TypeScript,lang_typescript,86163.0,1,0,0.3882786872875675,False
17852,TypeScript,lang_typescript,185000.0,1,1,0.9624634370214549,True
15355,TypeScript,lang_typescript,136392.0,1,1,0.9487953287764316,True
2787,TypeScript,lang_typescript,40605.0,0,0,0.2034678602201018,True
27135,TypeScript,lang_typescript,12786.0,0,0,0.014576861250077984,True
44750,TypeScript,lang_typescript,69609.0,0,0,0.49335679865626353,True
3609,TypeScript,lang_typescript,96292.0,1,0,0.4578992468647229,False
38209,TypeScript,lang_typescript,81210.0,1,1,0.627225866922222,True
29979,TypeScript,lang_typescript,54527.0,0,0,0.4176172197553719,True
35656,TypeScript,lang_typescript,68260.0,0,0,0.4303826381141935,True
25737,TypeScript,lang_typescript,91018.0,1,0,0.15783159855720896,False
26422,TypeScript,lang_typescript,64927.0,0,0,0.13067771385848528,True
13810,TypeScript,lang_typescript,14681.0,0,0,0.046242428421855324,True
30439,TypeScript,lang_typescript,60328.0,0,0,0.4134322210409075,True
45186,TypeScript,lang_typescript,23203.0,0,0,0.10924489285368132,True
48789,TypeScript,lang_typescript,75893.0,0,0,0.1365017372337484,True
40000,TypeScript,lang_typescript,87011.0,1,1,0.7059747547264158,True
20912,TypeScript,lang_typescript,150000.0,1,1,0.7139517012580533,True
27259,TypeScript,lang_typescript,10871.0,0,1,0.8413092125895353,False
6678,TypeScript,lang_typescript,140000.0,1,1,0.92151949282284,True
18938,TypeScript,lang_typescript,65663.0,0,1,0.532928367447909,False
11016,TypeScript,lang_typescript,78962.0,1,1,0.6511721842618688,True
16108,TypeScript,lang_typescript,60377.0,0,0,0.1297595304691518,True
31452,TypeScript,lang_typescript,49886.0,0,0,0.33495430165114193,True
1347,TypeScript,lang_typescript,38216.0,0,0,0.2722676966484484,True
25843,TypeScript,lang_typescript,14199.0,0,0,0.05983540367931074,True
21682,TypeScript,lang_typescript,98447.0,1,0,0.4272812064659016,False
17532,TypeScript,lang_typescript,89853.0,1,1,0.7188156922655122,True
20432,TypeScript,lang_typescript,13922.0,0,0,0.3475853643703639,True
21152,TypeScript,lang_typescript,80254.0,1,0,0.46959904387603063,False
27835,TypeScript,lang_typescript,115720.0,1,1,0.5804176958424804,True
10295,TypeScript,lang_typescript,142949.0,1,1,0.8705440597398477,True
41474,TypeScript,lang_typescript,4185.0,0,0,0.0013643960295331423,True
27323,TypeScript,lang_typescript,29397.0,0,0,0.07482944214357475,True
15719,TypeScript,lang_typescript,82000.0,1,1,0.858022376734074,True
35000,TypeScript,lang_typescript,8726.0,0,0,0.011357063572727037,True
19443,TypeScript,lang_typescript,22000.0,0,1,0.5716539441799161,False
43836,TypeScript,lang_typescript,30369.0,0,0,0.03297698912152535,True
2586,TypeScript,lang_typescript,40605.0,0,0,0.0736043477905843,True
30871,TypeScript,lang_typescript,103769.0,1,1,0.8405227058692147,True
34138,TypeScript,lang_typescript,43312.0,0,0,0.3931866748749231,True
45173,TypeScript,lang_typescript,84691.0,1,1,0.7153589250439145,True
13179,TypeScript,lang_typescript,20883.0,0,1,0.6601982941529049,False
10097,TypeScript,lang_typescript,90491.0,1,0,0.37817387433415744,False
36738,TypeScript,lang_typescript,15803.0,0,0,0.10322450606846359,True
45378,TypeScript,lang_typescript,70000.0,0,0,0.10049066428677796,True
4945,TypeScript,lang_typescript,98612.0,1,0,0.48769071884894594,False
46310,TypeScript,lang_typescript,109438.0,1,1,0.8817607296587557,True
40755,TypeScript,lang_typescript,32000.0,0,0,0.1274578191605691,True
17593,TypeScript,lang_typescript,185989.0,1,1,0.9817906100641771,True
37117,TypeScript,lang_typescript,84691.0,1,0,0.39585550638977607,False
43893,TypeScript,lang_typescript,114634.0,1,1,0.8814784977967374,True
44735,TypeScript,lang_typescript,67122.0,0,1,0.7029962673282264,False
4117,TypeScript,lang_typescript,102291.0,1,0,0.314614207178414,False
23429,TypeScript,lang_typescript,97230.0,1,0,0.19179359982990904,False
39660,TypeScript,lang_typescript,8393.0,0,0,0.03108227628461659,True
4776,TypeScript,lang_typescript,30710.0,0,0,0.08038580860440718,True
14103,TypeScript,lang_typescript,73785.0,0,0,0.31520002602645997,True
37031,TypeScript,lang_typescript,58975.0,0,0,0.27591638330357215,True
10029,TypeScript,lang_typescript,78268.0,1,0,0.15528476092607998,False
24412,TypeScript,lang_typescript,54000.0,0,0,0.10572679129942218,True
6521,TypeScript,lang_typescript,85000.0,1,1,0.7349544563877674,True
35618,TypeScript,lang_typescript,155553.0,1,0,0.15913430049300856,False
14728,TypeScript,lang_typescript,68071.0,0,1,0.598219228850785,False
12579,TypeScript,lang_typescript,98612.0,1,1,0.500834052301101,True
19439,TypeScript,lang_typescript,44907.0,0,0,0.03748340620662383,True
46315,TypeScript,lang_typescript,33151.0,0,0,0.22393024279816123,True
41214,TypeScript,lang_typescript,130000.0,1,1,0.9690755354763766,True
6995,TypeScript,lang_typescript,12253.0,0,0,0.042040023527761025,True
20760,TypeScript,lang_typescript,72958.0,0,0,0.40916136808833736,True
20936,TypeScript,lang_typescript,7251.0,0,0,0.03365480614865268,True
21556,TypeScript,lang_typescript,117667.0,1,1,0.8592325911431106,True
14347,TypeScript,lang_typescript,52308.0,0,0,0.08713238758628981,True
14856,TypeScript,lang_typescript,47566.0,0,0,0.1438671653135279,True
8112,TypeScript,lang_typescript,118335.0,1,1,0.8909157428002116,True
12699,TypeScript,lang_typescript,51195.0,0,0,0.12089122757629214,True
47875,TypeScript,lang_typescript,110000.0,1,1,0.8425756261762476,True
7416,TypeScript,lang_typescript,66128.0,0,1,0.6351827661924145,False
12486,TypeScript,lang_typescript,3487.0,0,0,0.007928711186551335,True
22532,TypeScript,lang_typescript,61264.0,0,1,0.5417667155305986,False
5212,TypeScript,lang_typescript,80000.0,1,1,0.6892537058758904,True
1756,TypeScript,lang_typescript,347180.0,1,1,0.9923911339197355,True
26532,TypeScript,lang_typescript,190000.0,1,1,0.9883456574474873,True
18069,TypeScript,lang_typescript,65348.0,0,1,0.5901041575341718,False
39815,TypeScript,lang_typescript,150000.0,1,1,0.9772619962247638,True
31899,TypeScript,lang_typescript,200000.0,1,1,0.9698315142664946,True
2503,TypeScript,lang_typescript,48000.0,0,1,0.6084091928348001,False
35156,TypeScript,lang_typescript,104413.0,1,1,0.9212705954622719,True
4816,TypeScript,lang_typescript,21844.0,0,0,0.04064848484482245,True
39890,TypeScript,lang_typescript,46288.0,0,0,0.42587209484556876,True
35054,TypeScript,lang_typescript,135000.0,1,1,0.9933111850856154,True
36695,TypeScript,lang_typescript,186625.0,1,1,0.9733889281114035,True
13397,TypeScript,lang_typescript,180000.0,1,1,0.8986522359954583,True
9663,TypeScript,lang_typescript,99915.0,1,0,0.055825342355628735,False
11391,TypeScript,lang_typescript,220000.0,1,1,0.9575199259280524,True
28836,TypeScript,lang_typescript,96000.0,1,1,0.5858404135455134,True
29886,TypeScript,lang_typescript,87011.0,1,1,0.5217288427138611,True
53,TypeScript,lang_typescript,63909.0,0,0,0.1971921496518304,True
26521,TypeScript,lang_typescript,130.0,0,1,0.9680144659083636,False
351,TypeScript,lang_typescript,81210.0,1,1,0.6626182666790928,True
3317,TypeScript,lang_typescript,48188.0,0,0,0.09414643960351869,True
15416,TypeScript,lang_typescript,98000.0,1,1,0.9275240233787985,True
9950,TypeScript,lang_typescript,61264.0,0,1,0.8183193424923804,False
1402,TypeScript,lang_typescript,98612.0,1,1,0.7604261551822722,True
4390,TypeScript,lang_typescript,27844.0,0,1,0.7786705274833402,False
25557,TypeScript,lang_typescript,8425.0,0,0,0.0028841605549767614,True
4662,TypeScript,lang_typescript,225.0,0,1,0.9970499379517151,False
13093,TypeScript,lang_typescript,232029.0,1,1,0.8996724187672214,True
13825,TypeScript,lang_typescript,22108.0,0,0,0.1077871416656609,True
26642,TypeScript,lang_typescript,29975.0,0,0,0.06934927447850714,True
5679,TypeScript,lang_typescript,167000.0,1,1,0.9564436175336389,True
31092,TypeScript,lang_typescript,102972.0,1,0,0.3747655374764128,False
26928,TypeScript,lang_typescript,25059.0,0,0,0.10499089471982373,True
2995,TypeScript,lang_typescript,99464.0,1,1,0.6244611688260788,True
22573,TypeScript,lang_typescript,330871.0,1,0,0.1268053823225574,False
296,TypeScript,lang_typescript,74878.0,0,1,0.6932939446504937,False
13098,TypeScript,lang_typescript,150819.0,1,1,0.8008881583931572,True
47134,TypeScript,lang_typescript,19056.0,0,0,0.13150139490118898,True
31578,TypeScript,lang_typescript,87550.0,1,0,0.3452857785800858,False
3035,TypeScript,lang_typescript,165000.0,1,1,0.9165977462894324,True
6242,TypeScript,lang_typescript,104015.0,1,1,0.9130698386134547,True
16882,TypeScript,lang_typescript,92812.0,1,1,0.7206534359652456,True
25814,TypeScript,lang_typescript,52000.0,0,0,0.09233810376363925,True
18536,TypeScript,lang_typescript,128125.0,1,1,0.8217443839091786,True
8448,TypeScript,lang_typescript,223187.0,1,1,0.9748975155012262,True
11324,TypeScript,lang_typescript,34804.0,0,0,0.14219303958859061,True
22200,TypeScript,lang_typescript,75410.0,0,0,0.27041500930039336,True
27989,TypeScript,lang_typescript,81210.0,1,1,0.7432215968444161,True
27964,TypeScript,lang_typescript,169024.0,1,1,0.8261079829409055,True
21512,TypeScript,lang_typescript,88191.0,1,1,0.5644568649155474,True
42308,TypeScript,lang_typescript,145000.0,1,1,0.6782140060893139,True
27539,TypeScript,lang_typescript,54527.0,0,0,0.1945067921197121,True
5181,TypeScript,lang_typescript,13836.0,0,0,0.009440358695908002,True
20646,TypeScript,lang_typescript,62893.0,0,0,0.3013202117148972,True
41708,TypeScript,lang_typescript,245.0,0,1,0.7303526775248728,False
35283,TypeScript,lang_typescript,40605.0,0,1,0.8428497674331603,False
15249,TypeScript,lang_typescript,5685.0,0,0,0.04912143805593349,True
42419,TypeScript,lang_typescript,151000.0,1,1,0.9153382573930179,True
20079,TypeScript,lang_typescript,98612.0,1,1,0.8544413681577963,True
43283,TypeScript,lang_typescript,90491.0,1,1,0.7542208428353966,True
3980,TypeScript,lang_typescript,75410.0,0,1,0.9634697683120821,False
5350,TypeScript,lang_typescript,46666.0,0,0,0.33920152457018726,True
37303,TypeScript,lang_typescript,30628.0,0,0,0.04344990084020443,True
26604,TypeScript,lang_typescript,12000.0,0,0,0.03805657637694355,True
42254,TypeScript,lang_typescript,7646.0,0,0,0.16664516748897265,True
15231,TypeScript,lang_typescript,5267.0,0,0,0.009636546447884382,True
16612,TypeScript,lang_typescript,85994.0,1,0,0.21307224082033535,False
40045,TypeScript,lang_typescript,40000.0,0,0,0.029026519588842732,True
4832,TypeScript,lang_typescript,123993.0,1,1,0.968286833826225,True
15306,TypeScript,lang_typescript,63808.0,0,0,0.47950153205583296,True
13833,TypeScript,lang_typescript,113651.0,1,1,0.8453213575173304,True
4209,TypeScript,lang_typescript,92812.0,1,1,0.7007219192462851,True
17431,TypeScript,lang_typescript,175000.0,1,1,0.9824606468174277,True
15216,TypeScript,lang_typescript,152000.0,1,1,0.8540866927666316,True
25662,TypeScript,lang_typescript,37125.0,0,0,0.33799742634817376,True
16040,TypeScript,lang_typescript,150300.0,1,1,0.7235245860271998,True
39436,TypeScript,lang_typescript,5284.0,0,0,0.2287009193855857,True
15460,TypeScript,lang_typescript,75410.0,0,1,0.5744266792629235,False
21816,TypeScript,lang_typescript,12000.0,0,0,0.07443802646386549,True
11358,TypeScript,lang_typescript,95016.0,1,1,0.8337863416599663,True
25158,TypeScript,lang_typescript,211280.0,1,1,0.9935591763597191,True
524,TypeScript,lang_typescript,194000.0,1,1,0.8102115250533156,True
17099,TypeScript,lang_typescript,64040.0,0,0,0.3022735391065936,True
46733,TypeScript,lang_typescript,107894.0,1,0,0.381309067852594,False
27960,TypeScript,lang_typescript,90491.0,1,1,0.7802668971378972,True
29191,TypeScript,lang_typescript,50000.0,0,0,0.11415674914577568,True
11444,TypeScript,lang_typescript,57833.0,0,0,0.1736657948227487,True
16192,TypeScript,lang_typescript,89331.0,1,1,0.8291912278306677,True
24577,TypeScript,lang_typescript,51046.0,0,0,0.22433141896633602,True
26213,TypeScript,lang_typescript,382.0,0,0,0.03136034812795326,True
41997,TypeScript,lang_typescript,52348.0,0,1,0.5381128283698561,False
34990,TypeScript,lang_typescript,81210.0,1,0,0.2847809701839892,False
26877,TypeScript,lang_typescript,121815.0,1,1,0.9385239758587105,True
10806,TypeScript,lang_typescript,109438.0,1,1,0.8977620662505017,True
5014,TypeScript,lang_typescript,104616.0,1,0,0.08741939996153865,False
42375,TypeScript,lang_typescript,111374.0,1,0,0.3815576262535918,False
15357,TypeScript,lang_typescript,150000.0,1,1,0.955812782296151,True
42196,TypeScript,lang_typescript,12762.0,0,0,0.07746897858905573,True
5343,TypeScript,lang_typescript,124700.0,1,1,0.968049186185641,True
2475,TypeScript,lang_typescript,73683.0,0,0,0.2929152158737848,True
11107,TypeScript,lang_typescript,28590.0,0,0,0.15030315031867233,True
31231,TypeScript,lang_typescript,132000.0,1,1,0.53662712700235,True
10717,TypeScript,lang_typescript,113085.0,1,1,0.9566975007190404,True
19888,TypeScript,lang_typescript,39057.0,0,0,0.4180844707712739,True
41927,TypeScript,lang_typescript,81210.0,1,0,0.2616414370808637,False
2950,TypeScript,lang_typescript,100765.0,1,1,0.5209539336165974,True
36515,TypeScript,lang_typescript,48726.0,0,0,0.3119940054798028,True
26479,TypeScript,lang_typescript,125000.0,1,1,0.7908547594243593,True
11530,TypeScript,lang_typescript,100000.0,1,1,0.9665816037938939,True
1227,TypeScript,lang_typescript,155000.0,1,1,0.9331567786310084,True
40297,TypeScript,lang_typescript,87011.0,1,1,0.5069434480274979,True
13019,TypeScript,lang_typescript,156000.0,1,1,0.98979362307812,True
26175,TypeScript,lang_typescript,235150.0,1,1,0.8527053306013133,True
42914,TypeScript,lang_typescript,127616.0,1,1,0.6786974990276015,True
34155,TypeScript,lang_typescript,163497.0,1,1,0.9180779403988231,True
6453,TypeScript,lang_typescript,180000.0,1,1,0.9653170763379739,True
35180,TypeScript,lang_typescript,10731.0,0,1,0.926545584351753,False
46245,TypeScript,lang_typescript,61635.0,0,1,0.5654485189355517,False
18503,TypeScript,lang_typescript,39718.0,0,0,0.06648991958478827,True
9971,TypeScript,lang_typescript,75410.0,0,1,0.7394123507084122,False
44980,TypeScript,lang_typescript,144000.0,1,1,0.935000027204908,True
2848,TypeScript,lang_typescript,169024.0,1,1,0.7529567562399292,True
27308,TypeScript,lang_typescript,54457.0,0,0,0.48148163567194535,True
39467,TypeScript,lang_typescript,174022.0,1,1,0.8886279272111093,True
42959,TypeScript,lang_typescript,46406.0,0,0,0.23793956064203903,True
2498,TypeScript,lang_typescript,72927.0,0,1,0.6567769321622062,False
13519,TypeScript,lang_typescript,200000.0,1,1,0.9890008204188546,True
3234,TypeScript,lang_typescript,34804.0,0,0,0.34929553487857046,True
3612,TypeScript,lang_typescript,103088.0,1,0,0.14783300351305118,False
47597,TypeScript,lang_typescript,84408.0,1,1,0.7174914353705548,True
6573,TypeScript,lang_typescript,147071.0,1,1,0.9048204255328386,True
23852,TypeScript,lang_typescript,120000.0,1,1,0.9809267682563453,True
40162,TypeScript,lang_typescript,200000.0,1,1,0.9887778566741364,True
21855,TypeScript,lang_typescript,81210.0,1,1,0.6239245409269678,True
39539,TypeScript,lang_typescript,58007.0,0,0,0.2756374058237549,True
22059,TypeScript,lang_typescript,81210.0,1,0,0.4103681078234089,False
4388,TypeScript,lang_typescript,54580.0,0,0,0.39948131575932,True
14162,TypeScript,lang_typescript,105000.0,1,1,0.9356204999522434,True
13878,TypeScript,lang_typescript,101482.0,1,0,0.22649946395164813,False
17267,TypeScript,lang_typescript,148.0,0,1,0.9853387435784687,False
11014,TypeScript,lang_typescript,60560.0,0,0,0.2160042613180787,True
5246,TypeScript,lang_typescript,24943.0,0,0,0.31148817933323397,True
19136,TypeScript,lang_typescript,400000.0,1,1,0.8926874365395642,True
4874,TypeScript,lang_typescript,152772.0,1,1,0.8972829531100117,True
410,TypeScript,lang_typescript,81210.0,1,1,0.621925806165444,True
9427,TypeScript,lang_typescript,105000.0,1,1,0.8603351078847746,True
26103,TypeScript,lang_typescript,10462.0,0,0,0.025340168011282218,True
3177,TypeScript,lang_typescript,78011.0,1,0,0.4818598595526352,False
18145,TypeScript,lang_typescript,106733.0,1,1,0.6103227521355948,True
28490,TypeScript,lang_typescript,69609.0,0,0,0.44992235629457417,True
43961,TypeScript,lang_typescript,1033.0,0,0,0.02576820831068788,True
6282,TypeScript,lang_typescript,133417.0,1,0,0.4776004368431838,False
20387,TypeScript,lang_typescript,76570.0,1,0,0.29756754918241146,False
10516,TypeScript,lang_typescript,66121.0,0,0,0.048763331493381225,True
34339,TypeScript,lang_typescript,88983.0,1,1,0.6227948779042217,True
45580,TypeScript,lang_typescript,189692.0,1,1,0.6405915565351786,True
44775,TypeScript,lang_typescript,118324.0,1,0,0.15431041737844964,False
2188,TypeScript,lang_typescript,270000.0,1,1,0.8985008203099168,True
12819,TypeScript,lang_typescript,187000.0,1,1,0.6516378839002555,True
18758,TypeScript,lang_typescript,197225.0,1,0,0.11077793821290943,False
20449,TypeScript,lang_typescript,101088.0,1,1,0.9215439005256988,True
38232,TypeScript,lang_typescript,175000.0,1,1,0.9459004248033244,True
17356,TypeScript,lang_typescript,83531.0,1,1,0.5509738691568261,True
46444,TypeScript,lang_typescript,49597.0,0,1,0.9827869104651895,False
39667,TypeScript,lang_typescript,16242.0,0,0,0.014111887774927797,True
2760,TypeScript,lang_typescript,70769.0,0,0,0.467677230935858,True
17911,TypeScript,lang_typescript,120000.0,1,1,0.9296897165407723,True
18318,TypeScript,lang_typescript,220000.0,1,1,0.9123555498091397,True
41044,TypeScript,lang_typescript,100000.0,1,1,0.9354855617226406,True
19072,TypeScript,lang_typescript,330000.0,1,1,0.8813750519812941,True
3947,TypeScript,lang_typescript,32764.0,0,0,0.014916064083658974,True
1499,TypeScript,lang_typescript,11500.0,0,0,0.2392814040460934,True
16449,TypeScript,lang_typescript,81870.0,1,0,0.4327024426648613,False
17817,TypeScript,lang_typescript,140000.0,1,1,0.9597484845695021,True
21096,TypeScript,lang_typescript,210000.0,1,1,0.9979915945649732,True
34258,TypeScript,lang_typescript,58120.0,0,0,0.08642065996532204,True
28984,TypeScript,lang_typescript,161191.0,1,1,0.8679207951240243,True
46128,TypeScript,lang_typescript,35104.0,0,0,0.22550610522750214,True
17358,TypeScript,lang_typescript,73375.0,0,0,0.357276067191782,True
25367,TypeScript,lang_typescript,9830.0,0,0,0.12924896520754653,True
39175,TypeScript,lang_typescript,116015.0,1,1,0.6418037660809783,True
34922,TypeScript,lang_typescript,60038.0,0,0,0.16226243708816235,True
35093,TypeScript,lang_typescript,34872.0,0,0,0.2038502460315171,True
1237,TypeScript,lang_typescript,33412.0,0,0,0.42397945413793403,True
4167,TypeScript,lang_typescript,45028.0,0,0,0.22982891950330775,True
19479,TypeScript,lang_typescript,48030.0,0,1,0.6338623473961369,False
44746,TypeScript,lang_typescript,306.0,0,0,0.010918971323688713,True
45398,TypeScript,lang_typescript,156620.0,1,1,0.6705593785823387,True
23399,TypeScript,lang_typescript,240763.0,1,1,0.8566181596878469,True
39080,TypeScript,lang_typescript,3495.0,0,0,0.012555631149247218,True
28786,TypeScript,lang_typescript,300000.0,1,1,0.9164889301511921,True
30177,TypeScript,lang_typescript,104413.0,1,1,0.9460411887926529,True
12809,TypeScript,lang_typescript,11046.0,0,0,0.03368558379145392,True
17964,TypeScript,lang_typescript,145000.0,1,1,0.8753680148805291,True
40149,TypeScript,lang_typescript,131325.0,1,1,0.9608744412761349,True
36970,TypeScript,lang_typescript,25652.0,0,0,0.052073920276099764,True
33426,TypeScript,lang_typescript,2206.0,0,0,0.0081470357763154,True
29469,TypeScript,lang_typescript,45688.0,0,0,0.29696898038757924,True
15109,TypeScript,lang_typescript,132000.0,1,1,0.8473722574320134,True
27243,TypeScript,lang_typescript,129334.0,1,1,0.6184638283973647,True
34512,TypeScript,lang_typescript,101710.0,1,1,0.8243293256118238,True
30150,TypeScript,lang_typescript,364000.0,1,1,0.9409086536182854,True
35346,TypeScript,lang_typescript,136392.0,1,1,0.9857168971490984,True
42792,TypeScript,lang_typescript,195028.0,1,1,0.9818918195117977,True
12209,TypeScript,lang_typescript,113000.0,1,1,0.8125797026756763,True
8951,TypeScript,lang_typescript,25523.0,0,0,0.2369333173114991,True
31583,TypeScript,lang_typescript,60000.0,0,1,0.9095862179064624,False
14307,TypeScript,lang_typescript,80000.0,1,0,0.14233977550324856,False
5183,TypeScript,lang_typescript,15082.0,0,0,0.06079205104619172,True
5223,TypeScript,lang_typescript,7191.0,0,0,0.30417970218870743,True
19607,TypeScript,lang_typescript,52658.0,0,0,0.49265506535041426,True
28500,TypeScript,lang_typescript,154000.0,1,1,0.8238673414156543,True
6360,TypeScript,lang_typescript,6192.0,0,0,0.09042933915448699,True
3539,TypeScript,lang_typescript,8137.0,0,0,0.05291539452013191,True
15241,TypeScript,lang_typescript,22998.0,0,0,0.2798378497216686,True
5862,TypeScript,lang_typescript,85670.0,1,0,0.34103709925222825,False
459,TypeScript,lang_typescript,60000.0,0,1,0.882727724841631,False
1841,TypeScript,lang_typescript,4438.0,0,0,0.02602243490460916,True
11575,TypeScript,lang_typescript,92812.0,1,1,0.5396770925727309,True
10073,TypeScript,lang_typescript,9299.0,0,0,0.05038082931505419,True
3366,TypeScript,lang_typescript,138000.0,1,1,0.8674814228851342,True
36254,TypeScript,lang_typescript,42572.0,0,0,0.387572415282732,True
3349,TypeScript,lang_typescript,145000.0,1,1,0.9065515311770266,True
19954,TypeScript,lang_typescript,29478.0,0,0,0.06444767579545135,True
39526,TypeScript,lang_typescript,43689.0,0,0,0.22217235477844285,True
30549,TypeScript,lang_typescript,112663.0,1,1,0.9610964021818973,True
32003,TypeScript,lang_typescript,26508.0,0,0,0.035304542725460124,True
16928,TypeScript,lang_typescript,6765.0,0,0,0.11136893036594794,True
21589,TypeScript,lang_typescript,37197.0,0,0,0.0388927247176446,True
5085,TypeScript,lang_typescript,107795.0,1,1,0.674039014191577,True
6030,TypeScript,lang_typescript,80763.0,1,0,0.4185706078494009,False
5834,TypeScript,lang_typescript,207000.0,1,1,0.9675077918968576,True
28384,TypeScript,lang_typescript,959.0,0,0,0.08241747468692112,True
34799,TypeScript,lang_typescript,32484.0,0,0,0.0624074324580022,True
18219,TypeScript,lang_typescript,146312.0,1,1,0.9517286976310674,True
46667,TypeScript,lang_typescript,22975.0,0,0,0.14175509019123228,True
22236,TypeScript,lang_typescript,28425.0,0,0,0.08210990540823014,True
40649,TypeScript,lang_typescript,16855.0,0,0,0.018221131138248428,True
17287,TypeScript,lang_typescript,11601.0,0,0,0.3013118246664001,True
42147,TypeScript,lang_typescript,87011.0,1,0,0.36540784977521024,False
30505,TypeScript,lang_typescript,110214.0,1,1,0.6641800227845402,True
12651,TypeScript,lang_typescript,44550.0,0,0,0.24055279973200483,True
13805,TypeScript,lang_typescript,48726.0,0,0,0.29298493231133244,True
36386,TypeScript,lang_typescript,111374.0,1,1,0.5432262830036015,True
46237,TypeScript,lang_typescript,47650.0,0,0,0.37499734511043475,True
16984,TypeScript,lang_typescript,81685.0,1,1,0.5732126291675856,True
30979,TypeScript,lang_typescript,12367.0,0,0,0.037794369162195585,True
32266,TypeScript,lang_typescript,97514.0,1,1,0.7101167693526655,True
31615,TypeScript,lang_typescript,139218.0,1,1,0.6136056709990542,True
33940,TypeScript,lang_typescript,17734.0,0,0,0.0626197481595447,True
36451,TypeScript,lang_typescript,48726.0,0,0,0.12058061228415803,True
32639,TypeScript,lang_typescript,3441.0,0,0,0.029821925602244986,True
14171,TypeScript,lang_typescript,30946.0,0,0,0.17848811428904485,True
6788,TypeScript,lang_typescript,10000.0,0,0,0.02251551469502968,True
26670,TypeScript,lang_typescript,216000.0,1,1,0.9499330061531741,True
19522,TypeScript,lang_typescript,63808.0,0,0,0.15679420099586472,True
39066,TypeScript,lang_typescript,185623.0,1,1,0.6240101527338886,True
14233,TypeScript,lang_typescript,30498.0,0,0,0.10395123148806902,True
20382,TypeScript,lang_typescript,247986.0,1,1,0.9866012290576637,True
10223,TypeScript,lang_typescript,104829.0,1,1,0.7379591575371225,True
19906,TypeScript,lang_typescript,46638.0,0,0,0.45388096886408524,True
3643,TypeScript,lang_typescript,81870.0,1,1,0.5290616705563614,True
40786,TypeScript,lang_typescript,45446.0,0,0,0.16480344136932806,True
43637,TypeScript,lang_typescript,99194.0,1,1,0.9177309741588527,True
6364,TypeScript,lang_typescript,170000.0,1,1,0.9548128210241568,True
23174,TypeScript,lang_typescript,232029.0,1,1,0.8527441807808213,True
20605,TypeScript,lang_typescript,86721.0,1,0,0.37794838828059946,False
2060,TypeScript,lang_typescript,170000.0,1,1,0.8842496352103449,True
1504,TypeScript,lang_typescript,110000.0,1,1,0.8805027167228596,True
25278,TypeScript,lang_typescript,80000.0,1,0,0.11112724827599779,False
9337,TypeScript,lang_typescript,11613.0,0,0,0.06756255867064327,True
19788,TypeScript,lang_typescript,65009.0,0,0,0.4368312512149679,True
12958,TypeScript,lang_typescript,162523.0,1,1,0.9620609747103919,True
4667,TypeScript,lang_typescript,154991.0,1,1,0.905807468200509,True
44088,TypeScript,lang_typescript,108083.0,1,1,0.827796415030165,True
17125,TypeScript,lang_typescript,132660.0,1,1,0.9539198858432343,True
36459,TypeScript,lang_typescript,86000.0,1,1,0.7197520608479079,True
14308,TypeScript,lang_typescript,175000.0,1,1,0.9570912763717919,True
6876,TypeScript,lang_typescript,6974.0,0,0,0.009689407468470416,True
16826,TypeScript,lang_typescript,23966.0,0,0,0.10708966870414637,True
2270,TypeScript,lang_typescript,80050.0,1,1,0.6658382678543242,True
12799,TypeScript,lang_typescript,23203.0,0,0,0.017853564474484464,True
5164,TypeScript,lang_typescript,46406.0,0,0,0.18171712292985187,True
27116,TypeScript,lang_typescript,90671.0,1,0,0.26383328645856724,False
38921,TypeScript,lang_typescript,190000.0,1,1,0.9501948518930677,True
13642,TypeScript,lang_typescript,63500.0,0,1,0.7506448728992355,False
3329,TypeScript,lang_typescript,22354.0,0,0,0.06146542170582256,True
668,TypeScript,lang_typescript,56499.0,0,0,0.47279719473294163,True
15390,TypeScript,lang_typescript,135000.0,1,1,0.9439585811422758,True
14974,TypeScript,lang_typescript,220000.0,1,1,0.9385655718035417,True
16182,TypeScript,lang_typescript,11601.0,0,1,0.7090195922379049,False
37324,TypeScript,lang_typescript,5812.0,0,0,0.0211172858971074,True
24558,TypeScript,lang_typescript,84568.0,1,0,0.2572394097419463,False
44113,TypeScript,lang_typescript,52207.0,0,0,0.17470775413297712,True
38359,TypeScript,lang_typescript,26103.0,0,0,0.08091744073578545,True
627,TypeScript,lang_typescript,180000.0,1,1,0.9610991175214117,True
18238,TypeScript,lang_typescript,120000.0,1,1,0.8218740869352531,True
13228,TypeScript,lang_typescript,92812.0,1,1,0.6310736246593033,True
6991,TypeScript,lang_typescript,47566.0,0,0,0.48117369035203295,True
17043,TypeScript,lang_typescript,23403.0,0,0,0.009588113981395988,True
41037,TypeScript,lang_typescript,108160.0,1,1,0.9806492770381215,True
13962,TypeScript,lang_typescript,3817.0,0,0,0.005348970107563495,True
43141,TypeScript,lang_typescript,95132.0,1,1,0.6080308439337377,True
14172,TypeScript,lang_typescript,72800.0,0,1,0.7563554877036953,False
26678,TypeScript,lang_typescript,169426.0,1,1,0.9518823876868744,True
42673,TypeScript,lang_typescript,97452.0,1,1,0.6114775668447938,True
15110,TypeScript,lang_typescript,165000.0,1,1,0.8650675705925561,True
27247,TypeScript,lang_typescript,54457.0,0,1,0.6750333636004211,False
9863,TypeScript,lang_typescript,11159.0,0,0,0.11169110522830156,True
19320,TypeScript,lang_typescript,70440.0,0,0,0.3051369749549231,True
4359,TypeScript,lang_typescript,40842.0,0,0,0.3146804837459551,True
19483,TypeScript,lang_typescript,120000.0,1,1,0.8892937914264211,True
22644,TypeScript,lang_typescript,11601.0,0,0,0.04124211805499087,True
8817,TypeScript,lang_typescript,92812.0,1,1,0.671807334983056,True
12758,TypeScript,lang_typescript,58120.0,0,0,0.045266983574784904,True
13124,TypeScript,lang_typescript,171110.0,1,1,0.957583796850201,True
27689,TypeScript,lang_typescript,148791.0,1,1,0.9237580997866583,True
22327,TypeScript,lang_typescript,95000.0,1,1,0.6531614294265111,True
6583,TypeScript,lang_typescript,39445.0,0,0,0.1797982614478685,True
17256,TypeScript,lang_typescript,46000.0,0,0,0.4865520461001569,True
28292,TypeScript,lang_typescript,3480.0,0,0,0.13765905470127393,True
16744,TypeScript,lang_typescript,98022.0,1,1,0.8042192570858012,True
26143,TypeScript,lang_typescript,102.0,0,0,0.37034837973549445,True
36882,TypeScript,lang_typescript,116464.0,1,1,0.6854424999031314,True
22463,TypeScript,lang_typescript,74249.0,0,0,0.14531417753947215,True
2067,TypeScript,lang_typescript,81835.0,1,1,0.6755746277525229,True
4086,TypeScript,lang_typescript,97452.0,1,1,0.8533691259296405,True
36992,TypeScript,lang_typescript,45879.0,0,1,0.6146150317995083,False
20943,TypeScript,lang_typescript,90000.0,1,1,0.8731170216549591,True
36153,TypeScript,lang_typescript,34804.0,0,1,0.6413736507669547,False
25789,TypeScript,lang_typescript,104225.0,1,1,0.8262423735725419,True
6641,TypeScript,lang_typescript,52411.0,0,1,0.5339174128104905,False
14170,TypeScript,lang_typescript,29901.0,0,0,0.029678010462657795,True
11304,TypeScript,lang_typescript,181000.0,1,1,0.8637575348768081,True
28551,TypeScript,lang_typescript,72155.0,0,1,0.9113221251818816,False
5099,TypeScript,lang_typescript,5097.0,0,0,0.17985268953622036,True
38880,TypeScript,lang_typescript,81000.0,1,1,0.8635594033246158,True
21108,TypeScript,lang_typescript,79207.0,1,0,0.2148134264833828,False
21619,TypeScript,lang_typescript,195028.0,1,1,0.9545354818136316,True
4355,TypeScript,lang_typescript,87011.0,1,1,0.5010396319047579,True
5562,TypeScript,lang_typescript,106431.0,1,0,0.488133325925476,False
12666,TypeScript,lang_typescript,54527.0,0,0,0.36538011987035596,True
21138,TypeScript,lang_typescript,220000.0,1,1,0.8820028054490633,True
40354,TypeScript,lang_typescript,127616.0,1,0,0.31021796132217255,False
35825,TypeScript,lang_typescript,87011.0,1,1,0.6022538520173328,True
37567,TypeScript,lang_typescript,200000.0,1,1,0.9542959320244299,True
15561,TypeScript,lang_typescript,54457.0,0,1,0.9846030817503251,False
26412,TypeScript,lang_typescript,280000.0,1,1,0.9715874532535362,True
17326,TypeScript,lang_typescript,73000.0,0,1,0.7354235848489242,False
2836,TypeScript,lang_typescript,100000.0,1,1,0.8512139241265065,True
34918,TypeScript,lang_typescript,104829.0,1,1,0.7432510093464472,True
31982,TypeScript,lang_typescript,165000.0,1,1,0.9716617294362578,True
26572,TypeScript,lang_typescript,137000.0,1,1,0.9567020061360616,True
9920,TypeScript,lang_typescript,55687.0,0,1,0.8058377225676809,False
17521,TypeScript,lang_typescript,120000.0,1,1,0.9885151533925778,True
11668,TypeScript,lang_typescript,112334.0,1,1,0.6215477856492103,True
4834,TypeScript,lang_typescript,174022.0,1,1,0.9706840077926416,True
11720,TypeScript,lang_typescript,136141.0,1,0,0.37412802472100726,False
38243,TypeScript,lang_typescript,195000.0,1,1,0.9893778391374461,True
7718,TypeScript,lang_typescript,73089.0,0,1,0.6239093315394771,False
11828,TypeScript,lang_typescript,64968.0,0,0,0.4823429348158893,True
5249,TypeScript,lang_typescript,141336.0,1,1,0.8891231351286978,True
41308,TypeScript,lang_typescript,190000.0,1,1,0.9822694821699454,True
29340,TypeScript,lang_typescript,39521.0,0,0,0.06414618596603222,True
11138,TypeScript,lang_typescript,15619.0,0,0,0.02367678579794248,True
45208,TypeScript,lang_typescript,37900.0,0,0,0.12941794593793893,True
20725,TypeScript,lang_typescript,90491.0,1,1,0.5670602791391208,True
37108,TypeScript,lang_typescript,62409.0,0,1,0.8001531897749888,False
5811,TypeScript,lang_typescript,150000.0,1,0,0.4077981727572651,False
12000,TypeScript,lang_typescript,204500.0,1,1,0.9861390433862793,True
2251,TypeScript,lang_typescript,12093.0,0,0,0.057322580028526096,True
25872,TypeScript,lang_typescript,5580.0,0,0,0.001682865724750001,True
18089,TypeScript,lang_typescript,69609.0,0,0,0.11782978639556765,True
19417,TypeScript,lang_typescript,260000.0,1,1,0.995842057430823,True
30399,TypeScript,lang_typescript,168000.0,1,1,0.7099803872175723,True
29541,TypeScript,lang_typescript,133417.0,1,0,0.46565434293167285,False
14187,TypeScript,lang_typescript,74761.0,0,1,0.6970614975963989,False
2323,TypeScript,lang_typescript,37705.0,0,0,0.09921459927822388,True
34597,TypeScript,lang_typescript,84808.0,1,0,0.23933278744983938,False
8586,TypeScript,lang_typescript,74650.0,0,1,0.7427277365861314,False
10199,TypeScript,lang_typescript,48726.0,0,0,0.37821051530578126,True
25746,TypeScript,lang_typescript,7281.0,0,0,0.06891356195070476,True
46022,TypeScript,lang_typescript,33886.0,0,0,0.006300797567535785,True
1534,TypeScript,lang_typescript,110000.0,1,1,0.9283592123065005,True
9708,TypeScript,lang_typescript,87011.0,1,0,0.39973508882196135,False
43813,TypeScript,lang_typescript,122527.0,1,1,0.8516756403895703,True
37131,TypeScript,lang_typescript,135000.0,1,1,0.9491313422119347,True
2131,TypeScript,lang_typescript,120000.0,1,1,0.9653866416860677,True
20480,TypeScript,lang_typescript,138358.0,1,1,0.9572751033122993,True
45891,TypeScript,lang_typescript,162523.0,1,1,0.9728459548872432,True
27609,TypeScript,lang_typescript,36000.0,0,0,0.21654551557028093,True
3472,TypeScript,lang_typescript,330000.0,1,1,0.9785413230496358,True
24076,TypeScript,lang_typescript,220000.0,1,1,0.9742303200085464,True
43609,TypeScript,lang_typescript,52207.0,0,0,0.07380938217486947,True
41842,TypeScript,lang_typescript,162523.0,1,1,0.9056864469086573,True
10352,TypeScript,lang_typescript,63808.0,0,0,0.06909714576163718,True
21020,TypeScript,lang_typescript,150000.0,1,1,0.8810968292189446,True
3051,TypeScript,lang_typescript,143000.0,1,1,0.98697736978077,True
11119,TypeScript,lang_typescript,119124.0,1,1,0.8938779117507306,True
40617,TypeScript,lang_typescript,120000.0,1,1,0.9255753517758534,True
19102,TypeScript,lang_typescript,123482.0,1,1,0.6917850410503791,True
39386,TypeScript,lang_typescript,220000.0,1,1,0.974625099836446,True
4065,TypeScript,lang_typescript,272283.0,1,1,0.9516597605089094,True
20846,TypeScript,lang_typescript,102142.0,1,1,0.7480313618949094,True
1063,TypeScript,lang_typescript,71929.0,0,1,0.6834332008060687,False
17330,TypeScript,lang_typescript,81210.0,1,0,0.47240703251290744,False
926,TypeScript,lang_typescript,88492.0,1,1,0.555792472054762,True
617,TypeScript,lang_typescript,13949.0,0,0,0.0868818851761056,True
48383,TypeScript,lang_typescript,147071.0,1,1,0.8039200918185366,True
11642,TypeScript,lang_typescript,139218.0,1,1,0.9605549414640163,True
39266,TypeScript,lang_typescript,88492.0,1,1,0.8361013048171982,True
43194,TypeScript,lang_typescript,65348.0,0,1,0.7620107291564663,False
40927,TypeScript,lang_typescript,155521.0,1,1,0.93622066010059,True
11239,TypeScript,lang_typescript,149756.0,1,1,0.8867494640963383,True
14960,TypeScript,lang_typescript,69609.0,0,0,0.4129564161991473,True
40100,TypeScript,lang_typescript,350000.0,1,1,0.97492839780508,True
33340,TypeScript,lang_typescript,110000.0,1,1,0.8133018180362697,True
14069,TypeScript,lang_typescript,40605.0,0,0,0.1457870914399018,True
35082,TypeScript,lang_typescript,140000.0,1,1,0.9874192719948633,True
40863,TypeScript,lang_typescript,104413.0,1,1,0.7952853379104231,True
18575,TypeScript,lang_typescript,118593.0,1,1,0.9281971294789327,True
37579,TypeScript,lang_typescript,73541.0,0,1,0.6259912880458804,False
4716,TypeScript,lang_typescript,69744.0,0,0,0.165979077043591,True
47577,TypeScript,lang_typescript,155000.0,1,1,0.942439179324476,True
2177,TypeScript,lang_typescript,116015.0,1,1,0.6598419354662571,True
36844,TypeScript,lang_typescript,97452.0,1,1,0.8126777672060341,True
28983,TypeScript,lang_typescript,145000.0,1,1,0.9932517028010397,True
17221,TypeScript,lang_typescript,32484.0,0,1,0.7253811131974868,False
12340,TypeScript,lang_typescript,7643.0,0,0,0.06578179033474414,True
25012,TypeScript,lang_typescript,102106.0,1,1,0.5538769848197805,True
13162,TypeScript,lang_typescript,116015.0,1,1,0.7276426630098585,True
27304,TypeScript,lang_typescript,17225.0,0,0,0.14047717338961774,True
46554,TypeScript,lang_typescript,6974.0,0,0,0.014920196641475656,True
37417,TypeScript,lang_typescript,73375.0,0,1,0.7696545328939026,False
13049,TypeScript,lang_typescript,17738.0,0,0,0.06381940803361133,True
32196,TypeScript,lang_typescript,40000.0,0,0,0.1975561034940754,True
23675,TypeScript,lang_typescript,136141.0,1,1,0.5948068705068542,True
3133,TypeScript,lang_typescript,130000.0,1,1,0.9107478450731942,True
35759,TypeScript,lang_typescript,8137.0,0,0,0.05157780974429635,True
40161,TypeScript,lang_typescript,62721.0,0,0,0.4847473203689204,True
33113,TypeScript,lang_typescript,84568.0,1,0,0.13719385915310592,False
30821,TypeScript,lang_typescript,30804.0,0,0,0.12893178104320296,True
21263,TypeScript,lang_typescript,60000.0,0,1,0.9406788158756728,False
42239,TypeScript,lang_typescript,46406.0,0,0,0.17561297457144914,True
44799,TypeScript,lang_typescript,1000.0,0,1,0.8659379793756441,False
4956,TypeScript,lang_typescript,180000.0,1,1,0.8781341195869999,True
14301,TypeScript,lang_typescript,58946.0,0,1,0.7142170180201161,False
14427,TypeScript,lang_typescript,50118.0,0,0,0.13908494758121456,True
10388,TypeScript,lang_typescript,66128.0,0,0,0.27939202350967657,True
28236,TypeScript,lang_typescript,20631.0,0,0,0.16583886101114834,True
40497,TypeScript,lang_typescript,109438.0,1,1,0.7880222266772064,True
18603,TypeScript,lang_typescript,7541.0,0,0,0.007652938891203252,True
11704,TypeScript,lang_typescript,217462.0,1,1,0.9102991337181505,True
14015,TypeScript,lang_typescript,156950.0,1,0,0.330426793466612,False
44335,TypeScript,lang_typescript,74878.0,0,1,0.6495312367740131,False
40539,TypeScript,lang_typescript,67655.0,0,0,0.24583933311079456,True
19038,TypeScript,lang_typescript,20473.0,0,0,0.15468251535447372,True
7515,TypeScript,lang_typescript,225000.0,1,1,0.9598487771932743,True
2684,TypeScript,lang_typescript,130000.0,1,1,0.9001730259837871,True
15417,TypeScript,lang_typescript,143420.0,1,1,0.9452795296288032,True
19772,TypeScript,lang_typescript,84691.0,1,1,0.8151308499547741,True
10913,TypeScript,lang_typescript,53095.0,0,0,0.1580578021555265,True
26902,TypeScript,lang_typescript,87011.0,1,1,0.6036262988993816,True
39208,TypeScript,lang_typescript,84512.0,1,1,0.8083053487988858,True
45948,TypeScript,lang_typescript,92812.0,1,0,0.22103731565178153,False
15261,TypeScript,lang_typescript,150000.0,1,1,0.9723129010373048,True
3944,TypeScript,lang_typescript,1264.0,0,0,0.014632629510812751,True
19598,TypeScript,lang_typescript,100000.0,1,1,0.783561804763336,True
5027,TypeScript,lang_typescript,100000.0,1,1,0.8821471681399006,True
14503,TypeScript,lang_typescript,108126.0,1,1,0.9726308427213477,True
11472,TypeScript,lang_typescript,70208.0,0,0,0.2450930238231573,True
30635,TypeScript,lang_typescript,104015.0,1,1,0.9574868764445823,True
37582,TypeScript,lang_typescript,87011.0,1,1,0.5771413618255523,True
28207,TypeScript,lang_typescript,6187.0,0,0,0.018208462631455417,True
14654,TypeScript,lang_typescript,108424.0,1,0,0.4534387331690511,False
20349,TypeScript,lang_typescript,81689.0,1,1,0.5300110255936572,True
15666,TypeScript,lang_typescript,50314.0,0,1,0.5459407733833079,False
22000,TypeScript,lang_typescript,12273.0,0,0,0.05951735620271373,True
3205,TypeScript,lang_typescript,315000.0,1,1,0.9490223055648045,True
21159,TypeScript,lang_typescript,225000.0,1,1,0.9892588219385646,True
12868,TypeScript,lang_typescript,20883.0,0,0,0.08325005687768638,True
11135,TypeScript,lang_typescript,180000.0,1,1,0.906484911246098,True
14978,TypeScript,lang_typescript,52207.0,0,0,0.2222111273098179,True
44540,TypeScript,lang_typescript,54611.0,0,0,0.059293243042717325,True
6654,TypeScript,lang_typescript,12014.0,0,0,0.006456236942370924,True
6087,TypeScript,lang_typescript,104413.0,1,1,0.6284565549584346,True
36922,TypeScript,lang_typescript,36681.0,0,0,0.18053353249888374,True
44964,TypeScript,lang_typescript,173000.0,1,1,0.955580934236843,True
44766,TypeScript,lang_typescript,32674.0,0,0,0.34319997094294247,True
19593,TypeScript,lang_typescript,84512.0,1,1,0.7612268963160426,True
7001,TypeScript,lang_typescript,46406.0,0,0,0.45164916116216525,True
18926,TypeScript,lang_typescript,143356.0,1,1,0.8641467173947884,True
41219,TypeScript,lang_typescript,185623.0,1,1,0.7683272415558939,True
39917,TypeScript,lang_typescript,78011.0,1,1,0.5406816414414048,True
9295,TypeScript,lang_typescript,127616.0,1,1,0.550041010014858,True
42661,TypeScript,lang_typescript,41765.0,0,0,0.0887354225833939,True
11631,TypeScript,lang_typescript,210000.0,1,1,0.9951775897341891,True
16606,TypeScript,lang_typescript,41765.0,0,0,0.10175864748166107,True
40122,TypeScript,lang_typescript,46845.0,0,0,0.22920295243122704,True
44554,TypeScript,lang_typescript,150000.0,1,1,0.9709054165406792,True
463,TypeScript,lang_typescript,130000.0,1,1,0.8854072379906198,True
3202,TypeScript,lang_typescript,200000.0,1,1,0.9889958835956949,True
37839,TypeScript,lang_typescript,320000.0,1,1,0.9707407213297158,True
29219,TypeScript,lang_typescript,104015.0,1,1,0.7144438406999346,True
28990,TypeScript,lang_typescript,58320.0,0,1,0.6021432442327618,False
8581,TypeScript,lang_typescript,72610.0,0,1,0.8084637094753276,False
37052,TypeScript,lang_typescript,79223.0,1,1,0.702071745303758,True
21531,TypeScript,lang_typescript,114545.0,1,1,0.8601153107219729,True
6794,TypeScript,lang_typescript,267500.0,1,1,0.8949009464570818,True
25538,TypeScript,lang_typescript,215000.0,1,1,0.931707702516602,True
2098,TypeScript,lang_typescript,23759.0,0,0,0.18547227399951907,True
40473,TypeScript,lang_typescript,30436.0,0,0,0.30520783696689197,True
5651,TypeScript,lang_typescript,73375.0,0,0,0.47692421573922583,True
24514,TypeScript,lang_typescript,167000.0,1,1,0.9715331403621585,True
18825,TypeScript,lang_typescript,218875.0,1,1,0.6267785385696446,True
42034,TypeScript,lang_typescript,11504.0,0,0,0.01623971552192529,True
36284,TypeScript,lang_typescript,111374.0,1,1,0.9287103831740033,True
11116,TypeScript,lang_typescript,185000.0,1,1,0.993864036234421,True
37529,TypeScript,lang_typescript,546.0,0,0,0.00792550480719309,True
36911,TypeScript,lang_typescript,14387.0,0,0,0.043768211719145494,True
14814,TypeScript,lang_typescript,61239.0,0,0,0.1768592280869329,True
5163,TypeScript,lang_typescript,47063.0,0,0,0.42956590076471673,True
19461,TypeScript,lang_typescript,135530.0,1,1,0.776302491541647,True
10182,TypeScript,lang_typescript,94262.0,1,0,0.1798613173914205,False
1032,TypeScript,lang_typescript,14502.0,0,0,0.014442295519394664,True
5870,TypeScript,lang_typescript,165000.0,1,1,0.88735884825568,True
27138,TypeScript,lang_typescript,162421.0,1,1,0.7912631695509857,True
17932,TypeScript,lang_typescript,140000.0,1,1,0.6757621991158882,True
3208,TypeScript,lang_typescript,220000.0,1,1,0.9754139178491618,True
962,TypeScript,lang_typescript,200000.0,1,1,0.9906213092046556,True
24571,TypeScript,lang_typescript,4214.0,0,0,0.02887673535107012,True
673,TypeScript,lang_typescript,130000.0,1,1,0.9934332199038775,True
24475,TypeScript,lang_typescript,90000.0,1,0,0.01623935502383314,False
7076,TypeScript,lang_typescript,90000.0,1,1,0.796243472901394,True
3983,TypeScript,lang_typescript,66128.0,0,0,0.44330274158354765,True
9278,TypeScript,lang_typescript,107265.0,1,1,0.9056513577093905,True
1417,TypeScript,lang_typescript,221402.0,1,1,0.9805671930415795,True
36850,TypeScript,lang_typescript,1000.0,0,0,0.07533897254320558,True
14847,TypeScript,lang_typescript,16706.0,0,0,0.016529618796748503,True
44330,TypeScript,lang_typescript,75000.0,0,1,0.8722884512490844,False
25369,TypeScript,lang_typescript,58471.0,0,1,0.720557516357518,False
48222,TypeScript,lang_typescript,180000.0,1,1,0.8225983369574961,True
7024,TypeScript,lang_typescript,6177.0,0,0,0.029961085502674626,True
5871,TypeScript,lang_typescript,136520.0,1,1,0.9116874422968887,True
11820,TypeScript,lang_typescript,62015.0,0,0,0.36289874508432274,True
44204,TypeScript,lang_typescript,108913.0,1,1,0.5261571265972648,True
2673,TypeScript,lang_typescript,10000.0,0,0,0.035493592052076535,True
18477,TypeScript,lang_typescript,104000.0,1,1,0.737097566473514,True
12894,TypeScript,lang_typescript,92812.0,1,0,0.4732997386675863,False
27790,TypeScript,lang_typescript,133919.0,1,1,0.6825133650561284,True
36961,TypeScript,lang_typescript,59307.0,0,0,0.16864101473177157,True
38894,TypeScript,lang_typescript,41765.0,0,1,0.6665686204213702,False
1951,TypeScript,lang_typescript,99773.0,1,1,0.7064030500667999,True
35399,TypeScript,lang_typescript,83203.0,1,1,0.7406131915901424,True
36634,TypeScript,lang_typescript,5617.0,0,0,0.0026466130452262164,True
36744,TypeScript,lang_typescript,100000.0,1,1,0.769410547232614,True
12552,TypeScript,lang_typescript,58007.0,0,0,0.23851430331294307,True
19914,TypeScript,lang_typescript,74249.0,0,1,0.7188341554416157,False
28317,TypeScript,lang_typescript,53367.0,0,1,0.5406048546716529,False
38557,TypeScript,lang_typescript,56604.0,0,1,0.7414654297612615,False
28045,TypeScript,lang_typescript,17436.0,0,0,0.05474766375750316,True
27225,TypeScript,lang_typescript,13780.0,0,0,0.013728198575621978,True
12566,TypeScript,lang_typescript,124000.0,1,1,0.746961919458823,True
3986,TypeScript,lang_typescript,41640.0,0,0,0.13848944965550486,True
34654,TypeScript,lang_typescript,47566.0,0,0,0.149356502687841,True
5557,TypeScript,lang_typescript,51407.0,0,0,0.3528345697910118,True
33440,TypeScript,lang_typescript,44086.0,0,0,0.1432669753397237,True
5047,TypeScript,lang_typescript,13209.0,0,0,0.07685975449585798,True
20517,TypeScript,lang_typescript,959.0,0,0,0.03548953905208224,True
31349,TypeScript,lang_typescript,75472.0,0,0,0.35598174999512705,True
42767,TypeScript,lang_typescript,174022.0,1,1,0.6130282641962025,True
14237,TypeScript,lang_typescript,162523.0,1,1,0.8095077662263265,True
8126,TypeScript,lang_typescript,33072.0,0,0,0.1248854535700269,True
13277,TypeScript,lang_typescript,345724.0,1,1,0.8314681798467876,True
34622,TypeScript,lang_typescript,27268.0,0,0,0.09095018307109497,True
12337,TypeScript,lang_typescript,22056.0,0,1,0.7158492230919691,False
39533,TypeScript,lang_typescript,64933.0,0,1,0.743620082266653,False
46898,TypeScript,lang_typescript,71168.0,0,0,0.21967403301524907,True
27520,TypeScript,lang_typescript,93000.0,1,1,0.8696211582975145,True
19705,TypeScript,lang_typescript,79315.0,1,1,0.899262700281881,True
46147,TypeScript,lang_typescript,104413.0,1,1,0.5854125400499051,True
18524,TypeScript,lang_typescript,125000.0,1,1,0.8921414275169435,True
26881,TypeScript,lang_typescript,48726.0,0,0,0.4927532229294783,True
45583,TypeScript,lang_typescript,13922.0,0,0,0.3525214045833043,True
5672,TypeScript,lang_typescript,92000.0,1,1,0.5529525114905322,True
42156,TypeScript,lang_typescript,180000.0,1,1,0.978887664072915,True
12870,TypeScript,lang_typescript,90353.0,1,1,0.7714427554902613,True
36156,TypeScript,lang_typescript,2906.0,0,0,0.022067009346755793,True
46865,TypeScript,lang_typescript,257770.0,1,1,0.8728082101601691,True
37292,TypeScript,lang_typescript,270000.0,1,1,0.9812799759240766,True
9787,TypeScript,lang_typescript,76566.0,1,1,0.7415546612655985,True
27212,TypeScript,lang_typescript,54449.0,0,0,0.288904253912923,True
14163,TypeScript,lang_typescript,55723.0,0,0,0.1311313047124675,True
38659,TypeScript,lang_typescript,171000.0,1,1,0.9454055953282283,True
3931,TypeScript,lang_typescript,46496.0,0,0,0.20253988906354042,True
310,TypeScript,lang_typescript,63808.0,0,1,0.6022922829648641,False
37381,TypeScript,lang_typescript,9006.0,0,0,0.4257960125298015,True
45280,TypeScript,lang_typescript,58007.0,0,0,0.3582764259069174,True
11372,TypeScript,lang_typescript,200000.0,1,1,0.9642574203742558,True
13799,TypeScript,lang_typescript,20000.0,0,0,0.09832375472108901,True
38335,TypeScript,lang_typescript,210000.0,1,1,0.9628310808894922,True
10995,TypeScript,lang_typescript,25000.0,0,0,0.15465559610720778,True
38414,TypeScript,lang_typescript,136141.0,1,1,0.9174715157627658,True
16252,TypeScript,lang_typescript,266834.0,1,1,0.9728420850500987,True
41953,TypeScript,lang_typescript,98612.0,1,1,0.6599727748671331,True
32988,TypeScript,lang_typescript,92786.0,1,1,0.5233164124368114,True
21978,TypeScript,lang_typescript,6974.0,0,0,0.027676656334981863,True
18196,TypeScript,lang_typescript,30000.0,0,0,0.25010980565108465,True
31012,TypeScript,lang_typescript,266834.0,1,1,0.93540951578556,True
16119,TypeScript,lang_typescript,73375.0,0,0,0.3019536276673071,True
29880,TypeScript,lang_typescript,70208.0,0,0,0.21028506838528332,True
10596,TypeScript,lang_typescript,200000.0,1,1,0.9224092433437558,True
8405,TypeScript,lang_typescript,80323.0,1,1,0.7493123718905562,True
5258,TypeScript,lang_typescript,6822.0,0,1,0.8524879609709515,False
26864,TypeScript,lang_typescript,16564.0,0,0,0.06330940035113153,True
995,TypeScript,lang_typescript,23203.0,0,1,0.6043775253571682,False
735,TypeScript,lang_typescript,175000.0,1,1,0.9803299890250503,True
16144,TypeScript,lang_typescript,34804.0,0,0,0.0726021978256468,True
15009,TypeScript,lang_typescript,27306.0,0,1,0.5401947892988102,False
5631,TypeScript,lang_typescript,81038.0,1,1,0.7879578068570912,True
16021,TypeScript,lang_typescript,81318.0,1,0,0.2896731010474933,False
13957,TypeScript,lang_typescript,54611.0,0,0,0.24096792122704513,True
11225,TypeScript,lang_typescript,25071.0,0,0,0.13321578327799227,True
950,TypeScript,lang_typescript,47650.0,0,0,0.46216211600725576,True
19798,TypeScript,lang_typescript,58120.0,0,0,0.12760862497956096,True
37141,TypeScript,lang_typescript,2666.0,0,0,0.2286348996885214,True
21067,TypeScript,lang_typescript,157000.0,1,1,0.8481136110950925,True
13818,TypeScript,lang_typescript,3000.0,0,0,0.05050890496997401,True
11672,TypeScript,lang_typescript,106000.0,1,1,0.9309662436785505,True
48821,TypeScript,lang_typescript,165000.0,1,1,0.9129237944328963,True
25244,TypeScript,lang_typescript,10462.0,0,0,0.020250554442844904,True
37237,TypeScript,lang_typescript,50000.0,0,0,0.20566263737114296,True
26594,TypeScript,lang_typescript,429.0,0,0,0.0257543498288533,True
15987,TypeScript,lang_typescript,46496.0,0,0,0.10119131044721552,True
42354,TypeScript,lang_typescript,29568.0,0,0,0.1282402545364178,True
18264,TypeScript,lang_typescript,165000.0,1,1,0.957503995226599,True
37716,TypeScript,lang_typescript,69609.0,0,0,0.16339984683881775,True
17095,TypeScript,lang_typescript,232029.0,1,0,0.3863267361853096,False
31611,TypeScript,lang_typescript,139350.0,1,1,0.7787560026097359,True
14595,TypeScript,lang_typescript,73375.0,0,0,0.38662096096496373,True
14909,TypeScript,lang_typescript,205000.0,1,1,0.9908010029757124,True
9413,TypeScript,lang_typescript,259.0,0,0,0.031088799986326538,True
147,TypeScript,lang_typescript,114981.0,1,1,0.9374102248327165,True
2187,TypeScript,lang_typescript,235000.0,1,1,0.8839858940918681,True
25928,TypeScript,lang_typescript,11949.0,0,0,0.04755335503969289,True
6695,TypeScript,lang_typescript,150000.0,1,1,0.917229433490846,True
42418,TypeScript,lang_typescript,116015.0,1,1,0.9358949247351173,True
38088,TypeScript,lang_typescript,63808.0,0,1,0.5539662623576571,False
20803,TypeScript,lang_typescript,75472.0,0,0,0.15976910085285187,True
25914,TypeScript,lang_typescript,43565.0,0,0,0.13525007507292827,True
32586,TypeScript,lang_typescript,174022.0,1,1,0.5854985048743758,True
46420,TypeScript,lang_typescript,4745.0,0,0,0.03219906053354116,True
28444,TypeScript,lang_typescript,5461.0,0,0,0.019615245753966604,True
44645,TypeScript,lang_typescript,34804.0,0,0,0.10478438205920367,True
20033,TypeScript,lang_typescript,64968.0,0,0,0.32062714611468945,True
15490,TypeScript,lang_typescript,280000.0,1,1,0.8454606183778745,True
45949,TypeScript,lang_typescript,98612.0,1,1,0.5743698602654768,True
18299,TypeScript,lang_typescript,2904.0,0,0,0.10717246107503749,True
13793,TypeScript,lang_typescript,81870.0,1,1,0.6782970281170528,True
14176,TypeScript,lang_typescript,87550.0,1,1,0.9082958784691576,True
4240,TypeScript,lang_typescript,29004.0,0,0,0.01728384088429479,True
9100,TypeScript,lang_typescript,54719.0,0,0,0.2982512317732292,True
22889,TypeScript,lang_typescript,232029.0,1,1,0.8851065388882506,True
445,TypeScript,lang_typescript,176984.0,1,1,0.6401133744167284,True
8143,TypeScript,lang_typescript,46406.0,0,0,0.255211228046234,True
31989,TypeScript,lang_typescript,114000.0,1,1,0.8205610966938259,True
34462,TypeScript,lang_typescript,74539.0,0,0,0.4679261683260563,True
5248,TypeScript,lang_typescript,68071.0,0,0,0.36527565859532996,True
3711,TypeScript,lang_typescript,160000.0,1,1,0.9909689522310936,True
21047,TypeScript,lang_typescript,1820.0,0,0,0.11068816664340192,True
33136,TypeScript,lang_typescript,14592.0,0,1,0.5866766871963346,False
11519,TypeScript,lang_typescript,55139.0,0,1,0.5877664335113978,False
42127,TypeScript,lang_typescript,117657.0,1,1,0.8800282414386097,True
43547,TypeScript,lang_typescript,115.0,0,0,0.19021182929197564,True
15594,TypeScript,lang_typescript,116015.0,1,1,0.5719656961602448,True
25173,TypeScript,lang_typescript,8007.0,0,0,0.06171526954291783,True
27224,TypeScript,lang_typescript,58120.0,0,0,0.13849895225396075,True
15065,TypeScript,lang_typescript,120000.0,1,1,0.9743577920456856,True
6535,TypeScript,lang_typescript,160000.0,1,1,0.9628455415980975,True
41774,TypeScript,lang_typescript,19761.0,0,0,0.021639537743415496,True
20195,TypeScript,lang_typescript,29060.0,0,0,0.05711146598752213,True
29502,TypeScript,lang_typescript,59529.0,0,0,0.2373744003740631,True
6970,TypeScript,lang_typescript,4073.0,0,0,0.0028940332116914355,True
24805,TypeScript,lang_typescript,267.0,0,0,0.04762959243078582,True
44250,TypeScript,lang_typescript,49886.0,0,0,0.09441946985370886,True
20172,TypeScript,lang_typescript,46806.0,0,0,0.09318323730326387,True
11934,TypeScript,lang_typescript,110000.0,1,1,0.8929727243989957,True
5558,TypeScript,lang_typescript,50000.0,0,1,0.7984588345992231,False
22940,TypeScript,lang_typescript,66128.0,0,0,0.23571727542735035,True
40914,TypeScript,lang_typescript,1845.0,0,0,0.0952523833079824,True
29485,TypeScript,lang_typescript,4412.0,0,0,0.015074822395474856,True
28655,TypeScript,lang_typescript,58007.0,0,0,0.3668444609120233,True
16902,TypeScript,lang_typescript,26474.0,0,0,0.06655909352150943,True
12498,TypeScript,lang_typescript,145917.0,1,1,0.6432245211048292,True
11600,TypeScript,lang_typescript,58367.0,0,1,0.6813668188489918,False
8810,TypeScript,lang_typescript,124029.0,1,1,0.8323404454256489,True
21416,TypeScript,lang_typescript,156000.0,1,1,0.8961538217238987,True
8353,TypeScript,lang_typescript,29004.0,0,1,0.9245896461447357,False
38679,TypeScript,lang_typescript,110000.0,1,1,0.9470671708654129,True
25939,TypeScript,lang_typescript,60000.0,0,1,0.964295021329379,False
20604,TypeScript,lang_typescript,20319.0,0,0,0.06556021377923942,True
41162,TypeScript,lang_typescript,65663.0,0,0,0.18549956739763887,True
11435,TypeScript,lang_typescript,63808.0,0,0,0.10501470295988322,True
2155,TypeScript,lang_typescript,88960.0,1,0,0.29245197361123676,False
17015,TypeScript,lang_typescript,81210.0,1,0,0.3256003162962303,False
3077,TypeScript,lang_typescript,76433.0,1,1,0.5618014760513044,True
19370,TypeScript,lang_typescript,59826.0,0,0,0.4088241532620269,True
26808,TypeScript,lang_typescript,109160.0,1,0,0.4495599852958736,False
26117,TypeScript,lang_typescript,180000.0,1,1,0.9774562289732337,True
1653,TypeScript,lang_typescript,52207.0,0,1,0.6539913366177619,False
6903,TypeScript,lang_typescript,63808.0,0,0,0.12706094883150107,True
1439,TypeScript,lang_typescript,160000.0,1,1,0.9468411129887127,True
29346,TypeScript,lang_typescript,46015.0,0,0,0.14142972072124171,True
9725,TypeScript,lang_typescript,73089.0,0,1,0.653840921920843,False
31601,TypeScript,lang_typescript,27290.0,0,0,0.31358975234913655,True
13381,TypeScript,lang_typescript,100765.0,1,1,0.7837701385428943,True
28476,TypeScript,lang_typescript,26000.0,0,0,0.04930078894123845,True
27297,TypeScript,lang_typescript,464.0,0,0,0.027777744837787693,True
29692,TypeScript,lang_typescript,96689.0,1,0,0.11230466078200868,False
37718,TypeScript,lang_typescript,110516.0,1,1,0.860928222524464,True
47213,TypeScript,lang_typescript,74761.0,0,1,0.6487026801559359,False
31119,TypeScript,lang_typescript,77730.0,1,0,0.1843023717463519,False
32080,TypeScript,lang_typescript,89065.0,1,0,0.393837556800933,False
8278,TypeScript,lang_typescript,260000.0,1,1,0.9872938045135347,True
2958,TypeScript,lang_typescript,30582.0,0,0,0.23130901417837446,True
11143,TypeScript,lang_typescript,53367.0,0,0,0.47825641086888065,True
7070,TypeScript,lang_typescript,130703.0,1,1,0.5977157109374253,True
30412,TypeScript,lang_typescript,100000.0,1,1,0.814719488805049,True
38142,TypeScript,lang_typescript,81210.0,1,0,0.33196681512903375,False
17092,TypeScript,lang_typescript,91485.0,1,1,0.8773789898674557,True
41371,TypeScript,lang_typescript,39966.0,0,0,0.25678531672282495,True
11268,TypeScript,lang_typescript,139218.0,1,1,0.8572300732062023,True
2889,TypeScript,lang_typescript,69609.0,0,0,0.3626040329950654,True
14290,TypeScript,lang_typescript,13949.0,0,0,0.043053646306649034,True
16558,TypeScript,lang_typescript,44108.0,0,0,0.17884695273807677,True
13916,TypeScript,lang_typescript,138000.0,1,1,0.9449093356242072,True
45479,TypeScript,lang_typescript,54457.0,0,1,0.5663657128077401,False
9778,TypeScript,lang_typescript,38217.0,0,0,0.39446443951463034,True
43470,TypeScript,lang_typescript,58120.0,0,0,0.09832970879356032,True
42608,TypeScript,lang_typescript,200000.0,1,1,0.9567486555468925,True
32290,TypeScript,lang_typescript,64674.0,0,0,0.18899422500378435,True
34494,TypeScript,lang_typescript,108710.0,1,1,0.598469870892849,True
12580,TypeScript,lang_typescript,85088.0,1,0,0.4421368508616306,False
918,TypeScript,lang_typescript,170000.0,1,1,0.9420355794782904,True
35731,TypeScript,lang_typescript,74761.0,0,0,0.45172769735081725,True
47257,TypeScript,lang_typescript,7645.0,0,1,0.9274512137796322,False
41368,TypeScript,lang_typescript,190000.0,1,1,0.9496188078535973,True
46537,TypeScript,lang_typescript,69609.0,0,0,0.4908138112571882,True
3382,TypeScript,lang_typescript,130000.0,1,1,0.8550530000630432,True
22878,TypeScript,lang_typescript,31742.0,0,0,0.14224464971954393,True
8383,TypeScript,lang_typescript,2945.0,0,0,0.0404470366756531,True
27315,TypeScript,lang_typescript,136450.0,1,0,0.3011027017649626,False
39572,TypeScript,lang_typescript,68449.0,0,0,0.23051342745965003,True
8400,TypeScript,lang_typescript,19793.0,0,0,0.061221528167645624,True
39372,TypeScript,lang_typescript,11624.0,0,0,0.03585833343855341,True
17103,TypeScript,lang_typescript,63808.0,0,0,0.15534215249705544,True
40662,TypeScript,lang_typescript,100000.0,1,0,0.22992639529973036,False
16077,TypeScript,lang_typescript,42730.0,0,0,0.1800203356104945,True
8999,TypeScript,lang_typescript,84512.0,1,1,0.794265268945041,True
40420,TypeScript,lang_typescript,81685.0,1,1,0.8703126213157233,True
20355,TypeScript,lang_typescript,30222.0,0,0,0.14073069788165318,True
314,TypeScript,lang_typescript,109438.0,1,1,0.7976428197220553,True
3238,TypeScript,lang_typescript,99935.0,1,0,0.19251565850559346,False
28438,TypeScript,lang_typescript,19761.0,0,0,0.06019606029336212,True
35881,TypeScript,lang_typescript,20296.0,0,0,0.04649969877645743,True
7069,TypeScript,lang_typescript,69609.0,0,0,0.2649697679502948,True
28805,TypeScript,lang_typescript,30222.0,0,0,0.06541420600704999,True
24720,TypeScript,lang_typescript,360000.0,1,1,0.9924444552986237,True
5705,TypeScript,lang_typescript,92812.0,1,1,0.6149665726109599,True
375,TypeScript,lang_typescript,90000.0,1,1,0.7537547362639715,True
30017,TypeScript,lang_typescript,275000.0,1,1,0.965034097556552,True
28927,TypeScript,lang_typescript,5752.0,0,0,0.27131540403656856,True
3308,TypeScript,lang_typescript,93613.0,1,1,0.9431145930474172,True
35512,TypeScript,lang_typescript,185623.0,1,1,0.869387194120831,True
23417,TypeScript,lang_typescript,20923.0,0,0,0.01868262111747761,True
35449,TypeScript,lang_typescript,64388.0,0,1,0.8119787563503734,False
41056,TypeScript,lang_typescript,174022.0,1,1,0.9650743252253434,True
4432,TypeScript,lang_typescript,63808.0,0,0,0.337020140043047,True
39536,TypeScript,lang_typescript,73089.0,0,1,0.5324663883706777,False
15072,TypeScript,lang_typescript,136141.0,1,1,0.8242891232455178,True
15507,TypeScript,lang_typescript,72958.0,0,1,0.8838211914575629,False
35099,TypeScript,lang_typescript,240000.0,1,1,0.993628705683049,True
17127,TypeScript,lang_typescript,175525.0,1,1,0.9896064271610128,True
20754,TypeScript,lang_typescript,29060.0,0,0,0.049172367605084276,True
9157,TypeScript,lang_typescript,108000.0,1,1,0.8986553159842469,True
43188,TypeScript,lang_typescript,126456.0,1,0,0.42724742327178183,False
25791,TypeScript,lang_typescript,8307.0,0,0,0.16335592288093279,True
29725,TypeScript,lang_typescript,115667.0,1,1,0.8480104119025503,True
934,TypeScript,lang_typescript,110214.0,1,1,0.5025519860250696,True
20372,TypeScript,lang_typescript,71929.0,0,1,0.6308008090804152,False
581,TypeScript,lang_typescript,240000.0,1,1,0.9759067833542115,True
39188,TypeScript,lang_typescript,104413.0,1,1,0.6567481962011746,True
5294,TypeScript,lang_typescript,185989.0,1,1,0.9812874153003963,True
15917,TypeScript,lang_typescript,20428.0,0,0,0.01741200787824276,True
10907,TypeScript,lang_typescript,4912.0,0,1,0.5887084371515399,False
22315,TypeScript,lang_typescript,34804.0,0,0,0.10200045874124616,True
39808,TypeScript,lang_typescript,348044.0,1,1,0.5287663340276496,True
14143,TypeScript,lang_typescript,325000.0,1,1,0.9937347184417404,True
14498,TypeScript,lang_typescript,50000.0,0,1,0.9099042373759985,False
3926,TypeScript,lang_typescript,98612.0,1,0,0.10536413402005074,False
11070,TypeScript,lang_typescript,63808.0,0,1,0.5450190705439223,False
22407,TypeScript,lang_typescript,11624.0,0,0,0.036208674534904624,True
19825,TypeScript,lang_typescript,51046.0,0,0,0.4715461253937031,True
21248,TypeScript,lang_typescript,220000.0,1,1,0.9939987712093289,True
10661,TypeScript,lang_typescript,58007.0,0,1,0.6675684048106048,False
14184,TypeScript,lang_typescript,32123.0,0,0,0.11689427141557894,True
5232,TypeScript,lang_typescript,74000.0,0,1,0.905631747927112,False
46665,TypeScript,lang_typescript,165000.0,1,1,0.9715046214338451,True
33751,TypeScript,lang_typescript,767.0,0,0,0.039452271469129274,True
48719,TypeScript,lang_typescript,92812.0,1,1,0.7507186696314163,True
26612,TypeScript,lang_typescript,300000.0,1,1,0.8660784554654013,True
10091,TypeScript,lang_typescript,309982.0,1,1,0.9961090505598434,True
16158,TypeScript,lang_typescript,35965.0,0,0,0.33629070294696867,True
41197,TypeScript,lang_typescript,64968.0,0,0,0.38982077309721147,True
16988,TypeScript,lang_typescript,69609.0,0,1,0.5655922478576284,False
37615,TypeScript,lang_typescript,14502.0,0,0,0.03557833365054509,True
35152,TypeScript,lang_typescript,149756.0,1,1,0.8244511918807512,True
15463,TypeScript,lang_typescript,3282.0,0,0,0.21738816681426176,True
10272,TypeScript,lang_typescript,176984.0,1,1,0.90265052013363,True
16100,TypeScript,lang_typescript,81210.0,1,0,0.47722312663336275,False
43237,TypeScript,lang_typescript,2075.0,0,0,0.04159677438618268,True
13492,TypeScript,lang_typescript,104413.0,1,1,0.7471332497932867,True
36593,TypeScript,lang_typescript,27864.0,0,0,0.14455700504303218,True
5426,TypeScript,lang_typescript,138621.0,1,1,0.7551032533403819,True
3663,TypeScript,lang_typescript,47650.0,0,1,0.7393533798309425,False
15802,TypeScript,lang_typescript,18900.0,0,1,0.9857119037266227,False
12621,TypeScript,lang_typescript,141587.0,1,1,0.8040023025890416,True
35159,TypeScript,lang_typescript,240000.0,1,1,0.9510847369691969,True
1122,TypeScript,lang_typescript,175000.0,1,1,0.9606407862643382,True
26153,TypeScript,lang_typescript,115648.0,1,1,0.6851366333959693,True
9384,TypeScript,lang_typescript,155521.0,1,1,0.9861408004608488,True
2938,TypeScript,lang_typescript,153213.0,1,1,0.8268708177312265,True
3027,TypeScript,lang_typescript,150000.0,1,1,0.7488027345660812,True
19214,TypeScript,lang_typescript,80000.0,1,1,0.6006046409241058,True
28788,TypeScript,lang_typescript,210000.0,1,1,0.9674106063248414,True
19463,TypeScript,lang_typescript,400000.0,1,1,0.9509211412112287,True
35423,TypeScript,lang_typescript,69609.0,0,1,0.6978563875548268,False
11303,TypeScript,lang_typescript,35118.0,0,0,0.14978948837265493,True
18086,TypeScript,lang_typescript,81685.0,1,1,0.5055872371271102,True
45987,TypeScript,lang_typescript,19761.0,0,0,0.022625441438442303,True
19073,TypeScript,lang_typescript,81210.0,1,1,0.8192420099421642,True
36213,TypeScript,lang_typescript,4641.0,0,0,0.07050419006803256,True
36631,TypeScript,lang_typescript,275000.0,1,1,0.9622182029272437,True
36565,TypeScript,lang_typescript,180000.0,1,1,0.86378853837683,True
6964,TypeScript,lang_typescript,351.0,0,0,0.010113423592723299,True
14526,TypeScript,lang_typescript,12014.0,0,0,0.012455356048079297,True
22958,TypeScript,lang_typescript,40263.0,0,0,0.059424709664834464,True
50,TypeScript,lang_typescript,117793.0,1,1,0.8153444841940091,True
899,TypeScript,lang_typescript,50000.0,0,0,0.419190567666733,True
25107,TypeScript,lang_typescript,32484.0,0,0,0.405723906670861,True
46882,TypeScript,lang_typescript,52946.0,0,1,0.598221521269589,False
18640,TypeScript,lang_typescript,79062.0,1,1,0.9342158437128998,True
30056,TypeScript,lang_typescript,139218.0,1,1,0.7402667370109638,True
3878,TypeScript,lang_typescript,83531.0,1,0,0.49511382487335015,False
16746,TypeScript,lang_typescript,69400.0,0,0,0.09144552740738715,True
22829,TypeScript,lang_typescript,92812.0,1,0,0.383268597779034,False
19152,TypeScript,lang_typescript,104330.0,1,1,0.5805845435100893,True
40049,TypeScript,lang_typescript,83882.0,1,0,0.22680728446425885,False
15621,TypeScript,lang_typescript,1160.0,0,0,0.057204616245263,True
4253,TypeScript,lang_typescript,195000.0,1,0,0.35828958788739734,False
40924,TypeScript,lang_typescript,30796.0,0,0,0.14466862229625096,True
18996,TypeScript,lang_typescript,159500.0,1,1,0.9196209073328916,True
163,TypeScript,lang_typescript,44086.0,0,0,0.19024533496691182,True
1336,TypeScript,lang_typescript,20000.0,0,1,0.9370577671457427,False
37285,TypeScript,lang_typescript,150000.0,1,1,0.9865509689983567,True
6343,TypeScript,lang_typescript,108913.0,1,0,0.4952886978005018,False
40597,TypeScript,lang_typescript,55000.0,0,0,0.10089416252569829,True
13144,TypeScript,lang_typescript,25523.0,0,0,0.023619662867803676,True
26383,TypeScript,lang_typescript,174022.0,1,1,0.7616251173211784,True
2395,TypeScript,lang_typescript,200000.0,1,1,0.9603159456780532,True
27463,TypeScript,lang_typescript,800.0,0,1,0.7324241637187352,False
11058,TypeScript,lang_typescript,92812.0,1,0,0.3757654107279014,False
6676,TypeScript,lang_typescript,135000.0,1,1,0.9305414444550012,True
6034,TypeScript,lang_typescript,50617.0,0,0,0.102779954438742,True
29532,TypeScript,lang_typescript,46496.0,0,0,0.11622808142920073,True
21288,TypeScript,lang_typescript,120000.0,1,1,0.9604452567147592,True
29334,TypeScript,lang_typescript,29620.0,0,0,0.16815007116136416,True
1903,TypeScript,lang_typescript,76606.0,1,1,0.662528277229612,True
2284,TypeScript,lang_typescript,89739.0,1,1,0.6886303123019368,True
2986,TypeScript,lang_typescript,31583.0,0,0,0.2706639177023793,True
3641,TypeScript,lang_typescript,11624.0,0,0,0.033274948656363754,True
3895,TypeScript,lang_typescript,46406.0,0,0,0.13924544533183983,True
17083,TypeScript,lang_typescript,49026.0,0,0,0.03527771350009249,True
2042,TypeScript,lang_typescript,181000.0,1,1,0.9907566185739328,True
5145,TypeScript,lang_typescript,37125.0,0,0,0.39289310604146604,True
38371,TypeScript,lang_typescript,115000.0,1,1,0.9152226671669748,True
11306,TypeScript,lang_typescript,21000.0,0,1,0.5308846294826822,False
31892,TypeScript,lang_typescript,52530.0,0,1,0.7358551501343268,False
43718,TypeScript,lang_typescript,115720.0,1,1,0.6661970706314374,True
4735,TypeScript,lang_typescript,110214.0,1,0,0.19128258961061562,False
16375,TypeScript,lang_typescript,142592.0,1,1,0.891170328273985,True
4539,TypeScript,lang_typescript,153719.0,1,1,0.6587574358889677,True
18871,TypeScript,lang_typescript,32484.0,0,0,0.43587334744446765,True
25055,TypeScript,lang_typescript,1872.0,0,0,0.07372520088669361,True
25475,TypeScript,lang_typescript,125000.0,1,1,0.9730313431164771,True
1634,TypeScript,lang_typescript,98612.0,1,1,0.6851837719513602,True
13746,TypeScript,lang_typescript,52207.0,0,0,0.1314869806473086,True
17384,TypeScript,lang_typescript,56847.0,0,0,0.3112489178932368,True
44719,TypeScript,lang_typescript,169000.0,1,1,0.9718414479089816,True
33394,TypeScript,lang_typescript,81685.0,1,1,0.8945281876225811,True
15256,TypeScript,lang_typescript,117175.0,1,0,0.29138077216150904,False
11144,TypeScript,lang_typescript,75410.0,0,1,0.5859142904377516,False
6753,TypeScript,lang_typescript,103000.0,1,1,0.8930918064467918,True
18121,TypeScript,lang_typescript,13949.0,0,0,0.13593843364668565,True
11548,TypeScript,lang_typescript,300000.0,1,1,0.8972550664848326,True
41326,TypeScript,lang_typescript,91013.0,1,1,0.8878059949894775,True
40967,TypeScript,lang_typescript,65000.0,0,0,0.08730976322867713,True
43710,TypeScript,lang_typescript,81210.0,1,1,0.8208392807976923,True
25807,TypeScript,lang_typescript,331000.0,1,1,0.9537249346913788,True
12875,TypeScript,lang_typescript,73089.0,0,0,0.41657960414251494,True
39217,TypeScript,lang_typescript,190000.0,1,1,0.9888167056994039,True
5909,TypeScript,lang_typescript,6545.0,0,0,0.055650413488256015,True
26711,TypeScript,lang_typescript,116015.0,1,0,0.23873871361351803,False
5815,TypeScript,lang_typescript,34951.0,0,0,0.10091744912202906,True
14955,TypeScript,lang_typescript,200000.0,1,1,0.9402292082146418,True
30048,TypeScript,lang_typescript,4177.0,0,0,0.004845836790767024,True
40244,TypeScript,lang_typescript,132000.0,1,1,0.9871685415974428,True
5527,TypeScript,lang_typescript,125000.0,1,1,0.8706900669013992,True
16071,TypeScript,lang_typescript,41765.0,0,0,0.14807332324401007,True
3466,TypeScript,lang_typescript,111626.0,1,1,0.6825286728064055,True
37006,TypeScript,lang_typescript,48726.0,0,0,0.29431150714789317,True
6301,TypeScript,lang_typescript,81262.0,1,1,0.7027209483212133,True
2182,TypeScript,lang_typescript,230000.0,1,1,0.9463871437846091,True
17692,TypeScript,lang_typescript,39785.0,0,0,0.15924459301450586,True
38410,TypeScript,lang_typescript,93312.0,1,1,0.7130117548061317,True
17075,TypeScript,lang_typescript,80363.0,1,0,0.4630366409179801,False
19192,TypeScript,lang_typescript,97514.0,1,1,0.5260586434120108,True
47184,TypeScript,lang_typescript,43565.0,0,1,0.5792799841122087,False
37877,TypeScript,lang_typescript,129936.0,1,1,0.8968460938308631,True
3654,TypeScript,lang_typescript,81210.0,1,1,0.6460875279229976,True
26488,TypeScript,lang_typescript,63808.0,0,0,0.44959789145224044,True
36028,TypeScript,lang_typescript,68553.0,0,0,0.31941248700354746,True
4166,TypeScript,lang_typescript,62648.0,0,1,0.6042140556780411,False
16389,TypeScript,lang_typescript,30991.0,0,0,0.049345532032236156,True
30614,TypeScript,lang_typescript,50242.0,0,0,0.2073458737523765,True
2825,TypeScript,lang_typescript,87011.0,1,1,0.5760312551534541,True
12671,TypeScript,lang_typescript,6192.0,0,0,0.02662183730712578,True
46909,TypeScript,lang_typescript,75472.0,0,0,0.39641306623187,True
38934,TypeScript,lang_typescript,47932.0,0,0,0.226480460121672,True
30650,TypeScript,lang_typescript,145917.0,1,1,0.5835562461406343,True
11894,TypeScript,lang_typescript,66709.0,0,1,0.6030821269917221,False
12297,TypeScript,lang_typescript,24000.0,0,1,0.6241027394778047,False
8028,TypeScript,lang_typescript,150000.0,1,1,0.8146860031252151,True
35488,TypeScript,lang_typescript,9299.0,0,0,0.049746408742055596,True
5326,TypeScript,lang_typescript,134973.0,1,1,0.7893668054750826,True
13790,TypeScript,lang_typescript,30000.0,0,0,0.17584508349552871,True
19182,TypeScript,lang_typescript,98612.0,1,1,0.6486503164594198,True
6770,TypeScript,lang_typescript,100000.0,1,1,0.9083916035762368,True
5351,TypeScript,lang_typescript,72815.0,0,0,0.19717492438718257,True
12091,TypeScript,lang_typescript,52946.0,0,1,0.6168968109678772,False
9141,TypeScript,lang_typescript,170000.0,1,1,0.8538950390674689,True
45686,TypeScript,lang_typescript,79006.0,1,0,0.3557367999174783,False
40753,TypeScript,lang_typescript,81210.0,1,1,0.5242835013774586,True
40943,TypeScript,lang_typescript,65663.0,0,1,0.697288650621156,False
41194,TypeScript,lang_typescript,4641.0,0,0,0.001044870943023593,True
34065,TypeScript,lang_typescript,5975.0,0,1,0.5728147231290783,False
25949,TypeScript,lang_typescript,192000.0,1,1,0.9980722519939049,True
28580,TypeScript,lang_typescript,42597.0,0,0,0.30886149851951766,True
4877,TypeScript,lang_typescript,140000.0,1,1,0.976320361013176,True
12133,TypeScript,lang_typescript,111374.0,1,1,0.922818124389842,True
131,TypeScript,lang_typescript,80000.0,1,1,0.6848302317595373,True
11238,TypeScript,lang_typescript,34804.0,0,0,0.392786141727245,True
4991,TypeScript,lang_typescript,80000.0,1,1,0.9523369308098604,True
8695,TypeScript,lang_typescript,193744.0,1,1,0.8517607964335204,True
27957,TypeScript,lang_typescript,135000.0,1,1,0.8732633815252344,True
10849,TypeScript,lang_typescript,280000.0,1,1,0.9151963672773583,True
27742,TypeScript,lang_typescript,81685.0,1,0,0.3411927220352257,False
39328,TypeScript,lang_typescript,5900.0,0,1,0.9857246614938342,False
19081,TypeScript,lang_typescript,40000.0,0,1,0.8899749296364587,False
33194,TypeScript,lang_typescript,78962.0,1,1,0.7658096897358149,True
29409,TypeScript,lang_typescript,14749.0,0,0,0.07481375363279763,True
3304,TypeScript,lang_typescript,198000.0,1,1,0.9550946436220906,True
23972,TypeScript,lang_typescript,85851.0,1,1,0.6360797723526397,True
37452,TypeScript,lang_typescript,223187.0,1,1,0.9838643267762328,True
32110,TypeScript,lang_typescript,162523.0,1,1,0.947244199779247,True
522,TypeScript,lang_typescript,55511.0,0,0,0.2743119064844648,True
46976,TypeScript,lang_typescript,25071.0,0,0,0.081989397029479,True
25144,TypeScript,lang_typescript,30000.0,0,0,0.17605963053342122,True
10950,TypeScript,lang_typescript,59902.0,0,0,0.30958197485677086,True
22173,TypeScript,lang_typescript,227533.0,1,1,0.8889212247503825,True
39024,TypeScript,lang_typescript,204212.0,1,1,0.8245589532991046,True
35603,TypeScript,lang_typescript,58120.0,0,0,0.03003327497595202,True
36078,TypeScript,lang_typescript,87763.0,1,1,0.6876940529161502,True
25148,TypeScript,lang_typescript,69609.0,0,0,0.1618733549255093,True
41751,TypeScript,lang_typescript,87011.0,1,1,0.6855908581164104,True
12524,TypeScript,lang_typescript,130222.0,1,1,0.9286022848560134,True
3089,TypeScript,lang_typescript,116733.0,1,1,0.5922638116833465,True
10738,TypeScript,lang_typescript,1334.0,0,0,0.05622389293175161,True
41041,TypeScript,lang_typescript,368.0,0,0,0.14872763669103853,True
42192,TypeScript,lang_typescript,5589.0,0,0,0.004004098419451467,True
24134,TypeScript,lang_typescript,72393.0,0,1,0.6925928249216702,False
37099,TypeScript,lang_typescript,127616.0,1,1,0.6070294987600233,True
651,TypeScript,lang_typescript,72958.0,0,0,0.4644503230727016,True
33212,TypeScript,lang_typescript,50000.0,0,0,0.2983725665100825,True
12862,TypeScript,lang_typescript,61264.0,0,1,0.8297741176334307,False
4331,TypeScript,lang_typescript,116015.0,1,1,0.5814995724699655,True
17198,TypeScript,lang_typescript,179790.0,1,1,0.9925227773547305,True
19052,TypeScript,lang_typescript,150000.0,1,1,0.91312348501286,True
6133,TypeScript,lang_typescript,5196.0,0,0,0.09568934000893102,True
4001,TypeScript,lang_typescript,15047.0,0,0,0.19282505534589867,True
46341,TypeScript,lang_typescript,15311.0,0,0,0.20520411506481256,True
12286,TypeScript,lang_typescript,62409.0,0,1,0.5263659954422817,False
26294,TypeScript,lang_typescript,130992.0,1,0,0.4997377117649781,False
13940,TypeScript,lang_typescript,110214.0,1,1,0.6559189145473657,True
45428,TypeScript,lang_typescript,90000.0,1,0,0.07415372455365322,False
2002,TypeScript,lang_typescript,58382.0,0,0,0.22793959203042494,True
39791,TypeScript,lang_typescript,82522.0,1,1,0.5073256563414251,True
4573,TypeScript,lang_typescript,34925.0,0,0,0.10682216370607085,True
42693,TypeScript,lang_typescript,145018.0,1,1,0.8490301302151876,True
13989,TypeScript,lang_typescript,300000.0,1,1,0.9288332769584645,True
46879,TypeScript,lang_typescript,92812.0,1,1,0.5318725571282895,True
31295,TypeScript,lang_typescript,109114.0,1,1,0.9306459544593029,True
4755,TypeScript,lang_typescript,68071.0,0,1,0.5867252375276503,False
4490,TypeScript,lang_typescript,93972.0,1,0,0.4661543008552594,False
15046,TypeScript,lang_typescript,180000.0,1,1,0.9665957343408089,True
42738,TypeScript,lang_typescript,54507.0,0,0,0.3314969734699002,True
40528,TypeScript,lang_typescript,25248.0,0,0,0.1209050376547458,True
10963,TypeScript,lang_typescript,47932.0,0,0,0.04349286899294707,True
4488,TypeScript,lang_typescript,4200.0,0,0,0.07820767086137075,True
40990,TypeScript,lang_typescript,41270.0,0,0,0.018440901076490147,True
41299,TypeScript,lang_typescript,116015.0,1,1,0.577306236655422,True
42020,TypeScript,lang_typescript,73669.0,0,1,0.7035253876660349,False
40871,TypeScript,lang_typescript,303000.0,1,1,0.9754740740569746,True
14522,TypeScript,lang_typescript,48726.0,0,0,0.0773832273544006,True
38055,TypeScript,lang_typescript,64208.0,0,1,0.7403212561693383,False
46099,TypeScript,lang_typescript,350000.0,1,1,0.940247164704764,True
44576,TypeScript,lang_typescript,139218.0,1,1,0.7950370452173464,True
19824,TypeScript,lang_typescript,2092.0,0,0,0.005056252411043292,True
4854,TypeScript,lang_typescript,54060.0,0,0,0.07603621273081353,True
4204,TypeScript,lang_typescript,45524.0,0,1,0.6766566251133853,False
11152,TypeScript,lang_typescript,85851.0,1,1,0.6789240801328829,True
11727,TypeScript,lang_typescript,20883.0,0,0,0.04183349945595796,True
21151,TypeScript,lang_typescript,120471.0,1,1,0.9027996616888877,True
19006,TypeScript,lang_typescript,83857.0,1,0,0.43150143258205326,False
13107,TypeScript,lang_typescript,47932.0,0,0,0.04397156156882061,True
30648,TypeScript,lang_typescript,215000.0,1,1,0.9492056351866772,True
37261,TypeScript,lang_typescript,110214.0,1,1,0.6799175722417743,True
15384,TypeScript,lang_typescript,120000.0,1,1,0.9050020399096609,True
22601,TypeScript,lang_typescript,146750.0,1,1,0.6526667233781116,True
4413,TypeScript,lang_typescript,174022.0,1,1,0.7633648810261777,True
6044,TypeScript,lang_typescript,81210.0,1,1,0.7468995006352741,True
13007,TypeScript,lang_typescript,32748.0,0,0,0.10585520336600823,True
36300,TypeScript,lang_typescript,167653.0,1,1,0.938589848174241,True
18270,TypeScript,lang_typescript,200000.0,1,1,0.8785104048815315,True
21301,TypeScript,lang_typescript,57000.0,0,0,0.4174028871539799,True
38387,TypeScript,lang_typescript,34804.0,0,0,0.12145067366446524,True
1646,TypeScript,lang_typescript,230000.0,1,1,0.9381728396709753,True
4512,TypeScript,lang_typescript,92812.0,1,1,0.676118336420832,True
6320,TypeScript,lang_typescript,2798.0,0,0,0.011615877506596008,True
37473,TypeScript,lang_typescript,85851.0,1,1,0.648175728105751,True
41024,TypeScript,lang_typescript,240000.0,1,1,0.9424233297590823,True
40688,TypeScript,lang_typescript,109054.0,1,1,0.8615342376139176,True
18833,TypeScript,lang_typescript,250000.0,1,1,0.9721280371198091,True
31385,TypeScript,lang_typescript,24410.0,0,0,0.07206145002568454,True
16213,TypeScript,lang_typescript,87011.0,1,1,0.6161337561440399,True
37041,TypeScript,lang_typescript,68924.0,0,1,0.6783308523510747,False
21567,TypeScript,lang_typescript,169000.0,1,1,0.9538361151233619,True
37154,TypeScript,lang_typescript,28083.0,0,0,0.04737940159439124,True
13622,TypeScript,lang_typescript,155000.0,1,1,0.9068943214092081,True
36332,TypeScript,lang_typescript,53989.0,0,0,0.27718072300034485,True
48374,TypeScript,lang_typescript,53260.0,0,1,0.5482635543097596,False
38211,TypeScript,lang_typescript,245000.0,1,1,0.9480904638913887,True
21212,TypeScript,lang_typescript,57903.0,0,0,0.154691841649209,True
45565,TypeScript,lang_typescript,125786.0,1,1,0.6430075950219444,True
5053,TypeScript,lang_typescript,113085.0,1,1,0.9044947216905478,True
45612,TypeScript,lang_typescript,98612.0,1,1,0.8866855063308133,True
3929,TypeScript,lang_typescript,167000.0,1,1,0.9450514101593287,True
40129,TypeScript,lang_typescript,36000.0,0,0,0.1134574499442422,True
27563,TypeScript,lang_typescript,133750.0,1,1,0.9199408965956681,True
18214,TypeScript,lang_typescript,69764.0,0,0,0.30804621266131577,True
34050,TypeScript,lang_typescript,230000.0,1,1,0.9856546185259455,True
5841,TypeScript,lang_typescript,115000.0,1,1,0.7937107890538367,True
1780,TypeScript,lang_typescript,83792.0,1,1,0.8288808940149934,True
38340,TypeScript,lang_typescript,5423.0,0,0,0.10244038704941541,True
388,TypeScript,lang_typescript,135000.0,1,1,0.9205138373955998,True
31131,TypeScript,lang_typescript,34804.0,0,0,0.034535501677157764,True
12504,TypeScript,lang_typescript,35346.0,0,0,0.0906566572337573,True
17322,TypeScript,lang_typescript,200000.0,1,1,0.9603957217675347,True
17544,TypeScript,lang_typescript,122527.0,1,1,0.9492393364569157,True
17896,TypeScript,lang_typescript,50000.0,0,1,0.7860673933645638,False
34030,TypeScript,lang_typescript,2400.0,0,0,0.003133476627707189,True
19576,TypeScript,lang_typescript,41208.0,0,1,0.5738109060993233,False
13881,TypeScript,lang_typescript,61171.0,0,0,0.02515055093868463,True
6628,TypeScript,lang_typescript,111636.0,1,1,0.6787467855905085,True
29041,TypeScript,lang_typescript,2731.0,0,0,0.11440213685758961,True
4729,TypeScript,lang_typescript,63713.0,0,0,0.3184693632589562,True
41582,TypeScript,lang_typescript,63808.0,0,0,0.2466335380613631,True
41573,TypeScript,lang_typescript,71929.0,0,0,0.3894061563497084,True
26945,TypeScript,lang_typescript,20458.0,0,0,0.05066621061548612,True
26895,TypeScript,lang_typescript,1483.0,0,0,0.02990752200094687,True
8679,TypeScript,lang_typescript,54411.0,0,0,0.23053169012800895,True
29413,TypeScript,lang_typescript,90491.0,1,1,0.7219777574403665,True
32562,TypeScript,lang_typescript,116015.0,1,0,0.3804244073230599,False
16807,TypeScript,lang_typescript,200000.0,1,1,0.904485867840615,True
17148,TypeScript,lang_typescript,300000.0,1,1,0.9632990762166476,True
26451,TypeScript,lang_typescript,88413.0,1,1,0.9761680621247443,True
21549,TypeScript,lang_typescript,127000.0,1,1,0.9558333794374361,True
39926,TypeScript,lang_typescript,160000.0,1,1,0.8635697083672078,True
4195,TypeScript,lang_typescript,185000.0,1,1,0.8825465958815477,True
31471,TypeScript,lang_typescript,106000.0,1,1,0.8235119719747113,True
30512,TypeScript,lang_typescript,57179.0,0,0,0.38684542040051995,True
11919,TypeScript,lang_typescript,81210.0,1,1,0.8279861151683572,True
45080,TypeScript,lang_typescript,117960.0,1,0,0.08617750226188456,False
32782,TypeScript,lang_typescript,54611.0,0,1,0.7596006909804348,False
46556,TypeScript,lang_typescript,53367.0,0,1,0.5433643334976143,False
10455,TypeScript,lang_typescript,127616.0,1,1,0.6895711731143506,True
17258,TypeScript,lang_typescript,140000.0,1,1,0.9546131409409883,True
4364,TypeScript,lang_typescript,72815.0,0,0,0.09385479474741397,True
44697,TypeScript,lang_typescript,95713.0,1,0,0.1889012915572188,False
35377,TypeScript,lang_typescript,44000.0,0,0,0.08667094505750186,True
15726,TypeScript,lang_typescript,150000.0,1,1,0.9184590039150397,True
30372,TypeScript,lang_typescript,25223.0,0,0,0.0111562044024949,True
2469,TypeScript,lang_typescript,89853.0,1,0,0.4604683988606899,False
46085,TypeScript,lang_typescript,17436.0,0,0,0.09745266723664148,True
37313,TypeScript,lang_typescript,1529.0,0,0,0.13504724281478236,True
6353,TypeScript,lang_typescript,170000.0,1,1,0.9067426326962778,True
23018,TypeScript,lang_typescript,204212.0,1,0,0.46887378263743235,False
42997,TypeScript,lang_typescript,51046.0,0,0,0.3014893931840304,True
45097,TypeScript,lang_typescript,125000.0,1,1,0.8844797208540849,True
20688,TypeScript,lang_typescript,75410.0,0,1,0.7194652825927298,False
26718,TypeScript,lang_typescript,55687.0,0,0,0.21030413834863426,True
33131,TypeScript,lang_typescript,56847.0,0,1,0.5772936261353971,False
2337,TypeScript,lang_typescript,63808.0,0,0,0.2655895660511125,True
27710,TypeScript,lang_typescript,69609.0,0,0,0.48552317602444467,True
23079,TypeScript,lang_typescript,122527.0,1,1,0.6763642143987063,True
5003,TypeScript,lang_typescript,140000.0,1,1,0.5767471121606653,True
17407,TypeScript,lang_typescript,232.0,0,0,0.07122371553106879,True
13716,TypeScript,lang_typescript,27992.0,0,0,0.2328275541490912,True
7951,TypeScript,lang_typescript,130000.0,1,1,0.9216482662909131,True
16615,TypeScript,lang_typescript,174000.0,1,1,0.928986710674713,True
11522,TypeScript,lang_typescript,115000.0,1,1,0.9093000310353011,True
37304,TypeScript,lang_typescript,35684.0,0,1,0.6322379707205708,False
4380,TypeScript,lang_typescript,149756.0,1,1,0.9600404031203397,True
27441,TypeScript,lang_typescript,77760.0,1,1,0.8566562493031922,True
14542,TypeScript,lang_typescript,66294.0,0,0,0.3236086224076375,True
4126,TypeScript,lang_typescript,84408.0,1,1,0.780758546388739,True
11873,TypeScript,lang_typescript,100000.0,1,1,0.8659047261703335,True
6622,TypeScript,lang_typescript,150819.0,1,1,0.7835997004068767,True
6354,TypeScript,lang_typescript,180000.0,1,1,0.9925167882136432,True
18541,TypeScript,lang_typescript,120000.0,1,0,0.38737640952585983,False
32680,TypeScript,lang_typescript,83531.0,1,1,0.8248220721370745,True
37919,TypeScript,lang_typescript,47445.0,0,0,0.040075686617165374,True
84,TypeScript,lang_typescript,90000.0,1,1,0.9099850898825198,True
33976,TypeScript,lang_typescript,12291.0,0,0,0.027292555870533662,True
36627,TypeScript,lang_typescript,260000.0,1,1,0.9868004093163901,True
26863,TypeScript,lang_typescript,232029.0,1,1,0.8930403432302244,True
5549,TypeScript,lang_typescript,155000.0,1,1,0.9621831541734434,True
40322,TypeScript,lang_typescript,35497.0,0,0,0.05468603551303942,True
14653,TypeScript,lang_typescript,169176.0,1,1,0.9689056330035991,True
27709,TypeScript,lang_typescript,133417.0,1,1,0.728943744311676,True
15511,TypeScript,lang_typescript,118666.0,1,1,0.8583534766324602,True
3300,TypeScript,lang_typescript,232000.0,1,1,0.9699126055822206,True
17400,TypeScript,lang_typescript,5801.0,0,1,0.5167508214089487,False
12844,TypeScript,lang_typescript,148791.0,1,1,0.9752722899220624,True
537,TypeScript,lang_typescript,104822.0,1,1,0.7511935304976105,True
5724,TypeScript,lang_typescript,76570.0,1,1,0.7444682864956028,True
32560,TypeScript,lang_typescript,87011.0,1,1,0.5943842641109255,True
9259,TypeScript,lang_typescript,20923.0,0,0,0.09469347091086797,True
34010,TypeScript,lang_typescript,173590.0,1,1,0.9154805119976186,True
37768,TypeScript,lang_typescript,75000.0,0,1,0.8498492329652184,False
20906,TypeScript,lang_typescript,16000.0,0,0,0.05190152375111062,True
12734,TypeScript,lang_typescript,44086.0,0,0,0.12041264153954197,True
35154,TypeScript,lang_typescript,37900.0,0,0,0.07827973676808907,True
36349,TypeScript,lang_typescript,91928.0,1,0,0.35615073568761213,False
15690,TypeScript,lang_typescript,68071.0,0,1,0.849643250663929,False
4833,TypeScript,lang_typescript,71698.0,0,0,0.2324926835428223,True
567,TypeScript,lang_typescript,116015.0,1,1,0.9306319775196015,True
15822,TypeScript,lang_typescript,116015.0,1,0,0.3933184675684031,False
19163,TypeScript,lang_typescript,131325.0,1,1,0.8194287330232616,True
3614,TypeScript,lang_typescript,66128.0,0,1,0.7832409340864827,False
22589,TypeScript,lang_typescript,153436.0,1,0,0.045680391733143165,False
28406,TypeScript,lang_typescript,4481.0,0,0,0.008602703883187337,True
13135,TypeScript,lang_typescript,66310.0,0,0,0.4689695325942683,True
20143,TypeScript,lang_typescript,37125.0,0,0,0.3186065318008764,True
29085,TypeScript,lang_typescript,9175.0,0,0,0.05433068071613588,True
25679,TypeScript,lang_typescript,81377.0,1,0,0.11144890976413468,False
3608,TypeScript,lang_typescript,32764.0,0,0,0.20808666689703806,True
9876,TypeScript,lang_typescript,85851.0,1,0,0.3792990617188399,False
6340,TypeScript,lang_typescript,20883.0,0,0,0.03817760428574546,True
12531,TypeScript,lang_typescript,49886.0,0,0,0.29139714930006266,True
22757,TypeScript,lang_typescript,140000.0,1,1,0.9611461706096383,True
652,TypeScript,lang_typescript,182270.0,1,1,0.9389723842115993,True
28525,TypeScript,lang_typescript,67289.0,0,0,0.28260457632314234,True
35591,TypeScript,lang_typescript,120471.0,1,1,0.8291056004177916,True
4683,TypeScript,lang_typescript,83531.0,1,1,0.7099151064498127,True
10461,TypeScript,lang_typescript,69609.0,0,0,0.460016475286203,True
12571,TypeScript,lang_typescript,1162.0,0,0,0.14812931879102822,True
33608,TypeScript,lang_typescript,300000.0,1,1,0.9851455001076183,True
22671,TypeScript,lang_typescript,160000.0,1,1,0.8834957243857945,True
4712,TypeScript,lang_typescript,350000.0,1,1,0.9961847496908516,True
6274,TypeScript,lang_typescript,105341.0,1,0,0.1325501735025842,False
39562,TypeScript,lang_typescript,122527.0,1,1,0.5969516386842703,True
27941,TypeScript,lang_typescript,34290.0,0,0,0.4821884186197611,True
41711,TypeScript,lang_typescript,52308.0,0,0,0.27601455927628865,True
30670,TypeScript,lang_typescript,509.0,0,0,0.10490098880384158,True
28284,TypeScript,lang_typescript,54000.0,0,0,0.35252534730371615,True
2453,TypeScript,lang_typescript,11766.0,0,1,0.7191167564963031,False
5347,TypeScript,lang_typescript,75410.0,0,1,0.6979552637679163,False
26078,TypeScript,lang_typescript,40605.0,0,0,0.09537516498998122,True
3447,TypeScript,lang_typescript,51816.0,0,0,0.27264365934494655,True
32969,TypeScript,lang_typescript,28759.0,0,0,0.06238299188765016,True
14911,TypeScript,lang_typescript,127616.0,1,1,0.5604652495308122,True
46109,TypeScript,lang_typescript,69609.0,0,1,0.6765917325751989,False
20857,TypeScript,lang_typescript,145671.0,1,1,0.8875333706504047,True
18148,TypeScript,lang_typescript,23665.0,0,0,0.09845675670317992,True
38091,TypeScript,lang_typescript,118443.0,1,1,0.7178586787356236,True
35432,TypeScript,lang_typescript,70000.0,0,1,0.7904989343527168,False
40204,TypeScript,lang_typescript,130000.0,1,1,0.9242309852231706,True
38182,TypeScript,lang_typescript,136141.0,1,1,0.871094782885187,True
1128,TypeScript,lang_typescript,215000.0,1,1,0.9745022267532975,True
562,TypeScript,lang_typescript,37125.0,0,0,0.12905256007245605,True
20606,TypeScript,lang_typescript,4939.0,0,0,0.05949000560138075,True
10233,TypeScript,lang_typescript,123109.0,1,1,0.8119275995105326,True
14986,TypeScript,lang_typescript,75000.0,0,1,0.8383636949671678,False
29209,TypeScript,lang_typescript,7656.0,0,0,0.0023970086467471337,True
39255,TypeScript,lang_typescript,50000.0,0,1,0.9651963713191856,False
69,TypeScript,lang_typescript,174022.0,1,0,0.2832556983650799,False
47986,TypeScript,lang_typescript,298.0,0,0,0.03859919939629006,True
45754,TypeScript,lang_typescript,50000.0,0,0,0.06996453222909112,True
13372,TypeScript,lang_typescript,58007.0,0,0,0.260790557997531,True
6483,TypeScript,lang_typescript,108708.0,1,1,0.7334728798929541,True
20102,TypeScript,lang_typescript,297.0,0,0,0.00923104451395195,True
13486,TypeScript,lang_typescript,143000.0,1,1,0.9190264833007215,True
45620,TypeScript,lang_typescript,201000.0,1,1,0.8668686509037599,True
14416,TypeScript,lang_typescript,45510.0,0,0,0.2209598502468059,True
14510,TypeScript,lang_typescript,116015.0,1,1,0.5868430277623164,True
13884,TypeScript,lang_typescript,83531.0,1,1,0.5385430557100067,True
11072,TypeScript,lang_typescript,60000.0,0,1,0.5531191886786291,False
14033,TypeScript,lang_typescript,117014.0,1,0,0.3400570759648012,False
43160,TypeScript,lang_typescript,15000.0,0,0,0.015658091815640825,True
14268,TypeScript,lang_typescript,69744.0,0,0,0.047308872287901024,True
31683,TypeScript,lang_typescript,77150.0,1,1,0.8439690532328763,True
5846,TypeScript,lang_typescript,182396.0,1,1,0.91663844992835,True
48877,TypeScript,lang_typescript,200000.0,1,1,0.9286897371416732,True
15432,TypeScript,lang_typescript,200000.0,1,1,0.9545383217435879,True
46613,TypeScript,lang_typescript,148791.0,1,1,0.9886139096982866,True
45069,TypeScript,lang_typescript,348.0,0,0,0.028421147043072463,True
6719,TypeScript,lang_typescript,5451.0,0,0,0.2578332071329896,True
35907,TypeScript,lang_typescript,40483.0,0,0,0.42045462489167656,True
29231,TypeScript,lang_typescript,110516.0,1,0,0.25294269982234446,False
19563,TypeScript,lang_typescript,116256.0,1,0,0.26248616129666236,False
43812,TypeScript,lang_typescript,67868.0,0,0,0.15452135670832548,True
831,TypeScript,lang_typescript,115666.0,1,0,0.41195926190722143,False
44778,TypeScript,lang_typescript,92812.0,1,0,0.49143211956106253,False
3770,TypeScript,lang_typescript,77601.0,1,1,0.9265577333621537,True
42552,TypeScript,lang_typescript,139054.0,1,1,0.8888448039845337,True
1014,TypeScript,lang_typescript,20000.0,0,0,0.08878632314031686,True
1167,TypeScript,lang_typescript,90491.0,1,0,0.28231611255145234,False
2580,TypeScript,lang_typescript,225000.0,1,1,0.9146237941581167,True
38741,TypeScript,lang_typescript,150000.0,1,1,0.6950848800591004,True
39912,TypeScript,lang_typescript,89853.0,1,1,0.5717121550714579,True
2443,TypeScript,lang_typescript,89331.0,1,1,0.8332240948155846,True
15939,TypeScript,lang_typescript,143021.0,1,1,0.9550217388369183,True
11063,TypeScript,lang_typescript,69744.0,0,0,0.1897306252307791,True
9555,TypeScript,lang_typescript,245000.0,1,0,0.16503140263884425,False
27905,TypeScript,lang_typescript,2092.0,0,0,0.04324875867692296,True
36406,TypeScript,lang_typescript,195000.0,1,1,0.9749616483978454,True
44868,TypeScript,lang_typescript,138621.0,1,1,0.8202299045688546,True
5532,TypeScript,lang_typescript,69609.0,0,0,0.3677985619748731,True
11481,TypeScript,lang_typescript,81210.0,1,1,0.5986482141527624,True
18173,TypeScript,lang_typescript,40743.0,0,0,0.17207482289281584,True
17097,TypeScript,lang_typescript,52207.0,0,0,0.4453343731325583,True
14706,TypeScript,lang_typescript,112000.0,1,1,0.6582146055777189,True
3020,TypeScript,lang_typescript,115680.0,1,1,0.8583510928958383,True
40451,TypeScript,lang_typescript,14289.0,0,0,0.2294004955751181,True
38265,TypeScript,lang_typescript,4717.0,0,0,0.4388288923419875,True
44974,TypeScript,lang_typescript,190000.0,1,1,0.9843507907747361,True
20715,TypeScript,lang_typescript,83858.0,1,0,0.18701227810723103,False
30343,TypeScript,lang_typescript,400000.0,1,1,0.9938514125289146,True
2038,TypeScript,lang_typescript,210000.0,1,1,0.9093885417991476,True
24143,TypeScript,lang_typescript,11964.0,0,0,0.1402503850578876,True
34935,TypeScript,lang_typescript,168000.0,1,1,0.9752709618151517,True
17174,TypeScript,lang_typescript,34804.0,0,0,0.3427944151631675,True
6429,TypeScript,lang_typescript,151777.0,1,1,0.7730390702497412,True
29673,TypeScript,lang_typescript,11624.0,0,0,0.027089090908548386,True
3330,TypeScript,lang_typescript,80000.0,1,1,0.8715101285890188,True
12382,TypeScript,lang_typescript,300000.0,1,1,0.9524937546088916,True
35969,TypeScript,lang_typescript,45246.0,0,0,0.014053145076697596,True
14669,TypeScript,lang_typescript,81210.0,1,0,0.36651718337302874,False
30219,TypeScript,lang_typescript,81210.0,1,0,0.213882191500699,False
1697,TypeScript,lang_typescript,26683.0,0,0,0.07931479246428053,True
5060,TypeScript,lang_typescript,3641.0,0,0,0.08432953480687885,True
33347,TypeScript,lang_typescript,58007.0,0,1,0.8983813915318016,False
4739,TypeScript,lang_typescript,58120.0,0,0,0.09216475074220061,True
12773,TypeScript,lang_typescript,81318.0,1,0,0.3629383686976976,False
28489,TypeScript,lang_typescript,29958.0,0,0,0.05976148916836307,True
21272,TypeScript,lang_typescript,65663.0,0,1,0.5395666250578687,False
38171,TypeScript,lang_typescript,98612.0,1,0,0.4752087380180163,False
11180,TypeScript,lang_typescript,72509.0,0,0,0.1922094987863797,True
17420,TypeScript,lang_typescript,61264.0,0,0,0.48457590099582804,True
40788,TypeScript,lang_typescript,140000.0,1,1,0.9817502282310779,True
14074,TypeScript,lang_typescript,120000.0,1,1,0.7992113390293067,True
7066,TypeScript,lang_typescript,265000.0,1,1,0.9815280630967648,True
1724,TypeScript,lang_typescript,55687.0,0,0,0.4430160463212791,True
610,TypeScript,lang_typescript,174022.0,1,0,0.021230550928334518,False
28407,TypeScript,lang_typescript,71200.0,0,0,0.2542362164209936,True
38198,TypeScript,lang_typescript,19350.0,0,0,0.08065229028015812,True
16195,TypeScript,lang_typescript,50466.0,0,0,0.23905531690481965,True
17270,TypeScript,lang_typescript,36000.0,0,0,0.14843265912775014,True
20687,TypeScript,lang_typescript,100000.0,1,0,0.10175350007787134,False
18320,TypeScript,lang_typescript,245.0,0,0,0.020836780007758734,True
34376,TypeScript,lang_typescript,9299.0,0,0,0.03605349351283849,True
44198,TypeScript,lang_typescript,48726.0,0,0,0.1288068742445807,True
23829,TypeScript,lang_typescript,210000.0,1,1,0.9845470414202294,True
447,TypeScript,lang_typescript,167804.0,1,1,0.8382799070889004,True
18281,TypeScript,lang_typescript,1361.0,0,0,0.015680667761156446,True
41207,TypeScript,lang_typescript,240000.0,1,1,0.975466325423631,True
7028,TypeScript,lang_typescript,83322.0,1,1,0.7336665697823519,True
41099,TypeScript,lang_typescript,46844.0,0,0,0.15339250324003068,True
32690,TypeScript,lang_typescript,44096.0,0,0,0.07068049056245114,True
44795,TypeScript,lang_typescript,23203.0,0,0,0.044780301951320586,True
37242,TypeScript,lang_typescript,68071.0,0,0,0.39417991956870413,True
34921,TypeScript,lang_typescript,140378.0,1,0,0.4151190039031508,False
15305,TypeScript,lang_typescript,6033.0,0,0,0.3816484426205032,True
36439,TypeScript,lang_typescript,88050.0,1,1,0.5110084140778045,True
33067,TypeScript,lang_typescript,77730.0,1,1,0.5297266089424325,True
17774,TypeScript,lang_typescript,80050.0,1,1,0.7144259779608703,True
30079,TypeScript,lang_typescript,165000.0,1,1,0.8168732803386602,True
18826,TypeScript,lang_typescript,32748.0,0,0,0.03625813515275916,True
29301,TypeScript,lang_typescript,29060.0,0,0,0.07973391286964435,True
20014,TypeScript,lang_typescript,60328.0,0,1,0.5107223297509776,False
34888,TypeScript,lang_typescript,98612.0,1,0,0.102688918629189,False
4438,TypeScript,lang_typescript,48505.0,0,0,0.0366955074644193,True
45028,TypeScript,lang_typescript,45400.0,0,1,0.7049417971993585,False
25765,TypeScript,lang_typescript,12000.0,0,0,0.05486809548121987,True
17366,TypeScript,lang_typescript,65316.0,0,0,0.4519441612299312,True
1301,TypeScript,lang_typescript,190000.0,1,1,0.9130862813211573,True
36493,TypeScript,lang_typescript,148791.0,1,1,0.8998882966058803,True
2807,TypeScript,lang_typescript,75147.0,0,1,0.9371465390466273,False
46120,TypeScript,lang_typescript,139218.0,1,1,0.9763410755509562,True
2416,TypeScript,lang_typescript,101088.0,1,1,0.9846132766144521,True
21307,TypeScript,lang_typescript,193000.0,1,1,0.9454513486778864,True
46112,TypeScript,lang_typescript,113694.0,1,0,0.376996628539645,False
18461,TypeScript,lang_typescript,50000.0,0,0,0.19756696753590056,True
23841,TypeScript,lang_typescript,72958.0,0,0,0.42650152929821206,True
5025,TypeScript,lang_typescript,34804.0,0,0,0.026196511019696233,True
47580,TypeScript,lang_typescript,130000.0,1,1,0.9234798181366243,True
18633,TypeScript,lang_typescript,70474.0,0,0,0.32409609107323323,True
45673,TypeScript,lang_typescript,75294.0,0,1,0.6200670832279686,False
45414,TypeScript,lang_typescript,38285.0,0,0,0.12401606052933864,True
19100,TypeScript,lang_typescript,187500.0,1,1,0.9943914326500467,True
13800,TypeScript,lang_typescript,112000.0,1,1,0.9120509502940524,True
11604,TypeScript,lang_typescript,175000.0,1,1,0.9438925372180845,True
16447,TypeScript,lang_typescript,69609.0,0,0,0.16436962646807332,True
4937,TypeScript,lang_typescript,25447.0,0,0,0.048466940183132724,True
25707,TypeScript,lang_typescript,2904.0,0,1,0.5107468536217289,False
39484,TypeScript,lang_typescript,48821.0,0,0,0.11178370444608197,True
14441,TypeScript,lang_typescript,4710.0,0,0,0.00201786679233376,True
21540,TypeScript,lang_typescript,200000.0,1,1,0.9854766030788653,True
1221,TypeScript,lang_typescript,153000.0,1,1,0.8482915304779506,True
28016,TypeScript,lang_typescript,110214.0,1,0,0.2669990753667337,False
4237,TypeScript,lang_typescript,48757.0,0,0,0.3892062994053568,True
12344,TypeScript,lang_typescript,325000.0,1,1,0.9096815185369396,True
11832,TypeScript,lang_typescript,38388.0,0,1,0.5272312682118881,False
1054,TypeScript,lang_typescript,46406.0,0,0,0.22195273946909552,True
24104,TypeScript,lang_typescript,38359.0,0,0,0.04335490149828768,True
19736,TypeScript,lang_typescript,81210.0,1,0,0.2248012553092016,False
2921,TypeScript,lang_typescript,118324.0,1,0,0.08941816860128772,False
38766,TypeScript,lang_typescript,110000.0,1,1,0.681230596013564,True
44285,TypeScript,lang_typescript,30297.0,0,0,0.09861818337609948,True
37239,TypeScript,lang_typescript,54611.0,0,1,0.6785973654990016,False
6479,TypeScript,lang_typescript,5148.0,0,0,0.008106075861373968,True
42700,TypeScript,lang_typescript,83857.0,1,1,0.7154999527851961,True
24121,TypeScript,lang_typescript,173000.0,1,1,0.9924855572955866,True
16004,TypeScript,lang_typescript,134000.0,1,1,0.836863487264437,True
36464,TypeScript,lang_typescript,190000.0,1,1,0.9376834764972296,True
10246,TypeScript,lang_typescript,149756.0,1,1,0.7516429878709616,True
13980,TypeScript,lang_typescript,107848.0,1,0,0.08360272877612576,False
1748,TypeScript,lang_typescript,71929.0,0,1,0.6147190989863079,False
16861,TypeScript,lang_typescript,41765.0,0,1,0.7058442119491415,False
36588,TypeScript,lang_typescript,150000.0,1,1,0.9467440730398656,True
10685,TypeScript,lang_typescript,161191.0,1,1,0.9882990374076963,True
19610,TypeScript,lang_typescript,37210.0,0,0,0.12087670313622556,True
36703,TypeScript,lang_typescript,136141.0,1,1,0.8428207274362233,True
3734,TypeScript,lang_typescript,81210.0,1,1,0.5863996856800437,True
5463,TypeScript,lang_typescript,31904.0,0,0,0.10771008941523214,True
48058,TypeScript,lang_typescript,12298.0,0,1,0.946566095090803,False
1917,TypeScript,lang_typescript,45934.0,0,0,0.060113491707350114,True
32677,TypeScript,lang_typescript,23248.0,0,0,0.12677443105234484,True
3749,TypeScript,lang_typescript,85145.0,1,0,0.1672485687438932,False
21765,TypeScript,lang_typescript,95299.0,1,1,0.8546263270642072,True
32783,TypeScript,lang_typescript,93938.0,1,1,0.5799267711898461,True
38128,TypeScript,lang_typescript,29060.0,0,0,0.018029833524587105,True
45771,TypeScript,lang_typescript,100765.0,1,1,0.7346295113309628,True
45916,TypeScript,lang_typescript,1000.0,0,0,0.04678067842086365,True
6471,TypeScript,lang_typescript,30424.0,0,0,0.07730729763262081,True
22669,TypeScript,lang_typescript,40000.0,0,1,0.9419912948979353,False
44035,TypeScript,lang_typescript,6940.0,0,0,0.06396063108465334,True
35304,TypeScript,lang_typescript,20358.0,0,0,0.03735285330532361,True
35561,TypeScript,lang_typescript,232029.0,1,1,0.9568096723453957,True
41260,TypeScript,lang_typescript,54212.0,0,0,0.13567594318950607,True
35414,TypeScript,lang_typescript,64592.0,0,1,0.6911124390806149,False
3138,TypeScript,lang_typescript,110000.0,1,1,0.8839877383995003,True
11413,TypeScript,lang_typescript,76825.0,1,1,0.7370341893501885,True
10777,TypeScript,lang_typescript,85534.0,1,0,0.4561083342008647,False
19053,TypeScript,lang_typescript,115000.0,1,1,0.9030625519335185,True
33639,TypeScript,lang_typescript,11090.0,0,0,0.052901965380134225,True
4267,TypeScript,lang_typescript,127616.0,1,1,0.9074916146426495,True
35448,TypeScript,lang_typescript,116015.0,1,1,0.5841817738372272,True
28892,TypeScript,lang_typescript,42111.0,0,0,0.06439618854063046,True
26158,TypeScript,lang_typescript,85739.0,1,0,0.2316395518205127,False
28334,TypeScript,lang_typescript,15111.0,0,0,0.05665333074550658,True
30991,TypeScript,lang_typescript,1678.0,0,0,0.018613537043244165,True
13617,TypeScript,lang_typescript,3426.0,0,0,0.12371918602198462,True
12530,TypeScript,lang_typescript,49270.0,0,0,0.20722377005650097,True
10092,TypeScript,lang_typescript,41765.0,0,0,0.14483431108585226,True
22373,TypeScript,lang_typescript,2286.0,0,0,0.040134490884696034,True
23172,TypeScript,lang_typescript,300000.0,1,1,0.9030575965040504,True
31078,TypeScript,lang_typescript,29004.0,0,0,0.06192240510422858,True
27209,TypeScript,lang_typescript,98244.0,1,0,0.2751905054541626,False
16550,TypeScript,lang_typescript,43689.0,0,0,0.41729139998599907,True
35760,TypeScript,lang_typescript,110000.0,1,1,0.9682546219024994,True
15781,TypeScript,lang_typescript,51000.0,0,0,0.48179370844020997,True
6436,TypeScript,lang_typescript,72958.0,0,0,0.4292551562582001,True
11540,TypeScript,lang_typescript,150000.0,1,1,0.7563654831186855,True
47404,TypeScript,lang_typescript,50538.0,0,0,0.07378200202387938,True
9096,TypeScript,lang_typescript,183000.0,1,1,0.9339766450009664,True
11964,TypeScript,lang_typescript,70000.0,0,1,0.8809996849801756,False
43319,TypeScript,lang_typescript,69609.0,0,0,0.2514959802728422,True
5936,TypeScript,lang_typescript,149756.0,1,1,0.7469054061402183,True
36530,TypeScript,lang_typescript,100000.0,1,1,0.8724376922940548,True
2640,TypeScript,lang_typescript,130000.0,1,1,0.9675365899158839,True
19799,TypeScript,lang_typescript,73553.0,0,1,0.5276414932821667,False
32242,TypeScript,lang_typescript,2397.0,0,0,0.07367678027942423,True
29509,TypeScript,lang_typescript,14000.0,0,0,0.058218979844300404,True
367,TypeScript,lang_typescript,109438.0,1,1,0.9308207279075362,True
928,TypeScript,lang_typescript,91000.0,1,1,0.7857614080106405,True
40592,TypeScript,lang_typescript,168000.0,1,1,0.8778876520794886,True
11467,TypeScript,lang_typescript,185234.0,1,1,0.9695369761770658,True
27205,TypeScript,lang_typescript,108913.0,1,1,0.8657304182037124,True
15631,TypeScript,lang_typescript,112334.0,1,0,0.41085233298138646,False
45864,TypeScript,lang_typescript,125000.0,1,1,0.9900355452938459,True
1192,TypeScript,lang_typescript,75744.0,0,0,0.3818985753284166,True
6117,TypeScript,lang_typescript,29805.0,0,0,0.21408502910247862,True
44317,TypeScript,lang_typescript,232479.0,1,0,0.05467972938729919,False
15749,TypeScript,lang_typescript,81210.0,1,0,0.15671948050951137,False
30,TypeScript,lang_typescript,205000.0,1,1,0.9825441183333122,True
41910,TypeScript,lang_typescript,54457.0,0,0,0.27358083712458425,True
31310,TypeScript,lang_typescript,88846.0,1,1,0.8105665465134,True
46697,TypeScript,lang_typescript,94659.0,1,0,0.13549158955894672,False
25338,TypeScript,lang_typescript,76570.0,1,1,0.6584193361950006,True
27943,TypeScript,lang_typescript,6202.0,0,0,0.2762533149919509,True
15965,TypeScript,lang_typescript,21416.0,0,0,0.10123574301490561,True
13984,TypeScript,lang_typescript,65533.0,0,0,0.43833090327078045,True
11365,TypeScript,lang_typescript,200000.0,1,1,0.9576647826262662,True
43128,TypeScript,lang_typescript,116733.0,1,1,0.6622768688178647,True
32012,TypeScript,lang_typescript,63808.0,0,0,0.3707834740233503,True
9122,TypeScript,lang_typescript,117017.0,1,1,0.9132745391977815,True
34470,TypeScript,lang_typescript,67289.0,0,0,0.4135978449049426,True
5733,TypeScript,lang_typescript,67289.0,0,1,0.5212624436251144,False
33666,TypeScript,lang_typescript,69609.0,0,1,0.8387900485399807,False
12839,TypeScript,lang_typescript,19180.0,0,0,0.0471562823790545,True
9601,TypeScript,lang_typescript,69609.0,0,1,0.5120017056079497,False
36033,TypeScript,lang_typescript,275000.0,1,1,0.991416137657068,True
34751,TypeScript,lang_typescript,98244.0,1,0,0.23598307989444509,False
5168,TypeScript,lang_typescript,167000.0,1,1,0.9808084199221797,True
37100,TypeScript,lang_typescript,69609.0,0,0,0.2263186073135373,True
19093,TypeScript,lang_typescript,205000.0,1,1,0.9965557298353241,True
44958,TypeScript,lang_typescript,218875.0,1,1,0.9514436755160837,True
33387,TypeScript,lang_typescript,64968.0,0,0,0.391214050162339,True
307,TypeScript,lang_typescript,116015.0,1,1,0.841044996005731,True
34459,TypeScript,lang_typescript,31324.0,0,0,0.1349859313016587,True
27545,TypeScript,lang_typescript,81964.0,1,0,0.2614809549166304,False
27653,TypeScript,lang_typescript,371247.0,1,1,0.8904943889432251,True
39756,TypeScript,lang_typescript,47650.0,0,0,0.4050427304176401,True
1992,TypeScript,lang_typescript,98612.0,1,1,0.7027645097628408,True
25693,TypeScript,lang_typescript,75000.0,0,1,0.7872689559958868,False
2462,TypeScript,lang_typescript,140000.0,1,1,0.9318557766544905,True
9532,TypeScript,lang_typescript,162421.0,1,1,0.8613703262190054,True
18428,TypeScript,lang_typescript,53989.0,0,1,0.6608116415903432,False
28240,TypeScript,lang_typescript,6902.0,0,0,0.07367068169319362,True
30784,TypeScript,lang_typescript,233.0,0,0,0.12219548389085963,True
7073,TypeScript,lang_typescript,55271.0,0,1,0.529485171085146,False
29134,TypeScript,lang_typescript,46000.0,0,0,0.12549888971721004,True
38061,TypeScript,lang_typescript,208826.0,1,1,0.9672162585387521,True
4042,TypeScript,lang_typescript,2729.0,0,0,0.0051990044487013835,True
45656,TypeScript,lang_typescript,69000.0,0,1,0.9826326686078866,False
1879,TypeScript,lang_typescript,102106.0,1,1,0.6561113564844159,True
2599,TypeScript,lang_typescript,69609.0,0,1,0.6387029679972557,False
48683,TypeScript,lang_typescript,75000.0,0,1,0.6290889486539698,False
8900,TypeScript,lang_typescript,90491.0,1,0,0.45733682091043326,False
43761,TypeScript,lang_typescript,57079.0,0,1,0.5178887139891224,False
25919,TypeScript,lang_typescript,116733.0,1,1,0.7797489350045999,True
1933,TypeScript,lang_typescript,3947.0,0,0,0.2127631570287062,True
21210,TypeScript,lang_typescript,180000.0,1,1,0.9847025000804484,True
1200,TypeScript,lang_typescript,395.0,0,0,0.046903086837858064,True
40367,TypeScript,lang_typescript,91000.0,1,1,0.578038059602535,True
36986,TypeScript,lang_typescript,148791.0,1,1,0.978181536914779,True
44686,TypeScript,lang_typescript,83902.0,1,1,0.8624537291749964,True
28638,TypeScript,lang_typescript,12399.0,0,0,0.026993874716600138,True
12520,TypeScript,lang_typescript,41596.0,0,0,0.10820349108075947,True
20962,TypeScript,lang_typescript,87011.0,1,1,0.6999271873178025,True
5900,TypeScript,lang_typescript,2000.0,0,0,0.024656459311178026,True
32951,TypeScript,lang_typescript,56934.0,0,1,0.7336953697619275,False
10124,TypeScript,lang_typescript,75410.0,0,1,0.5327410094138277,False
27721,TypeScript,lang_typescript,98000.0,1,1,0.7435724799766453,True
11593,TypeScript,lang_typescript,98612.0,1,0,0.3944667274068585,False
30099,TypeScript,lang_typescript,100000.0,1,1,0.8458744756744256,True
37148,TypeScript,lang_typescript,250000.0,1,1,0.9664498496184144,True
13969,TypeScript,lang_typescript,125000.0,1,1,0.6393956052424131,True
28957,TypeScript,lang_typescript,51527.0,0,0,0.12842882511529075,True
33774,TypeScript,lang_typescript,16274.0,0,0,0.11101829910434131,True
38181,TypeScript,lang_typescript,190000.0,1,1,0.8233574176859807,True
2920,TypeScript,lang_typescript,55687.0,0,0,0.3159933988876385,True
2985,TypeScript,lang_typescript,200000.0,1,1,0.9464501602614832,True
4866,TypeScript,lang_typescript,58007.0,0,0,0.35239407092458264,True
2056,TypeScript,lang_typescript,57437.0,0,0,0.18390458702005089,True
3984,TypeScript,lang_typescript,155895.0,1,1,0.9213457730568221,True
25165,TypeScript,lang_typescript,6974.0,0,0,0.08222257943396609,True
28266,TypeScript,lang_typescript,76516.0,1,1,0.9217805717001712,True
4808,TypeScript,lang_typescript,98612.0,1,1,0.6402712673158115,True
11855,TypeScript,lang_typescript,143100.0,1,1,0.9101679960840147,True
27916,TypeScript,lang_typescript,77707.0,1,0,0.48451185777764433,False
10436,TypeScript,lang_typescript,116015.0,1,1,0.7946912442504694,True
4032,TypeScript,lang_typescript,7643.0,0,0,0.46892855549867113,True
18404,TypeScript,lang_typescript,141595.0,1,1,0.5423519424274292,True
3429,TypeScript,lang_typescript,200000.0,1,1,0.9835955518010457,True
7027,TypeScript,lang_typescript,92812.0,1,1,0.7510003636306571,True
40545,TypeScript,lang_typescript,11624.0,0,0,0.028024929249346513,True
11907,TypeScript,lang_typescript,145629.0,1,0,0.2985261667457812,False
29176,TypeScript,lang_typescript,42653.0,0,0,0.1291635739598868,True
25339,TypeScript,lang_typescript,116015.0,1,0,0.33396800471036786,False
46159,TypeScript,lang_typescript,33746.0,0,0,0.08893142516338425,True
9923,TypeScript,lang_typescript,97452.0,1,1,0.9071987447479674,True
35870,TypeScript,lang_typescript,39445.0,0,0,0.07737000497442709,True
24315,TypeScript,lang_typescript,17738.0,0,0,0.3713747627388605,True
39120,TypeScript,lang_typescript,240000.0,1,1,0.9148822590342076,True
14356,TypeScript,lang_typescript,138872.0,1,1,0.925631692742422,True
3464,TypeScript,lang_typescript,40605.0,0,0,0.19690620003552145,True
36309,TypeScript,lang_typescript,69609.0,0,0,0.24195006356032753,True
19869,TypeScript,lang_typescript,47508.0,0,0,0.09934035797698736,True
5521,TypeScript,lang_typescript,231150.0,1,1,0.9959592483965508,True
12867,TypeScript,lang_typescript,71929.0,0,0,0.34606590572206125,True
10584,TypeScript,lang_typescript,31583.0,0,0,0.06276445338351178,True
25154,TypeScript,lang_typescript,116640.0,1,1,0.6206582497460758,True
22933,TypeScript,lang_typescript,174682.0,1,1,0.812881508511508,True
4569,TypeScript,lang_typescript,89275.0,1,1,0.719862024284851,True
27484,TypeScript,lang_typescript,216000.0,1,1,0.754711085193101,True
28899,TypeScript,lang_typescript,34804.0,0,0,0.3618994021372259,True
5842,TypeScript,lang_typescript,225000.0,1,1,0.9739087672316239,True
20246,TypeScript,lang_typescript,15111.0,0,0,0.04811255832021769,True
671,TypeScript,lang_typescript,66824.0,0,0,0.19860445628132528,True
44429,TypeScript,lang_typescript,185623.0,1,1,0.6285871824357634,True
11813,TypeScript,lang_typescript,255232.0,1,1,0.957502390056912,True
41123,TypeScript,lang_typescript,150819.0,1,1,0.7869304002161072,True
39719,TypeScript,lang_typescript,20923.0,0,0,0.023385574021746507,True
27576,TypeScript,lang_typescript,69310.0,0,0,0.45194957600590374,True
16165,TypeScript,lang_typescript,8718.0,0,0,0.034822612956992495,True
15697,TypeScript,lang_typescript,64040.0,0,1,0.7728828331674991,False
5036,TypeScript,lang_typescript,102972.0,1,0,0.23104737802854292,False
11821,TypeScript,lang_typescript,34035.0,0,0,0.0024389951109535825,True
19707,TypeScript,lang_typescript,13922.0,0,0,0.007772279710863879,True
10012,TypeScript,lang_typescript,69609.0,0,0,0.39030857850371914,True
4015,TypeScript,lang_typescript,13949.0,0,0,0.014578686616941392,True
14738,TypeScript,lang_typescript,40000.0,0,0,0.06530141519655841,True
38284,TypeScript,lang_typescript,35822.0,0,0,0.484817477123177,True
32572,TypeScript,lang_typescript,44550.0,0,1,0.630631370063208,False
12812,TypeScript,lang_typescript,136392.0,1,1,0.9363551698897188,True
46034,TypeScript,lang_typescript,61566.0,0,0,0.06407176424079118,True
14697,TypeScript,lang_typescript,116015.0,1,1,0.5049387220858963,True
38148,TypeScript,lang_typescript,93972.0,1,1,0.7470400650037268,True
4551,TypeScript,lang_typescript,5300.0,0,0,0.07022360272861716,True
35762,TypeScript,lang_typescript,13949.0,0,0,0.21853291509803707,True
48780,TypeScript,lang_typescript,54853.0,0,1,0.5691413576972038,False
36281,TypeScript,lang_typescript,25272.0,0,0,0.22327015640753262,True
36037,TypeScript,lang_typescript,34804.0,0,0,0.07333995544683589,True
20746,TypeScript,lang_typescript,56518.0,0,0,0.23726757844697638,True
5863,TypeScript,lang_typescript,12786.0,0,0,0.029114884835862505,True
5882,TypeScript,lang_typescript,50000.0,0,1,0.6994999283718665,False
4158,TypeScript,lang_typescript,7642.0,0,0,0.038607848321791816,True
13063,TypeScript,lang_typescript,51071.0,0,0,0.43792670956699664,True
45391,TypeScript,lang_typescript,73089.0,0,0,0.36391247008914335,True
34908,TypeScript,lang_typescript,65786.0,0,0,0.33471617851157975,True
20728,TypeScript,lang_typescript,240000.0,1,1,0.9562707879260627,True
43993,TypeScript,lang_typescript,63808.0,0,0,0.1113086084662739,True
38551,TypeScript,lang_typescript,195000.0,1,1,0.9430551695893428,True
16635,TypeScript,lang_typescript,180000.0,1,1,0.9602774101951091,True
43551,TypeScript,lang_typescript,88784.0,1,1,0.5160583724490829,True
24427,TypeScript,lang_typescript,68071.0,0,1,0.5041107703434117,False
41584,TypeScript,lang_typescript,127616.0,1,1,0.9283822369423849,True
15782,TypeScript,lang_typescript,194000.0,1,1,0.9519043668075291,True
9944,TypeScript,lang_typescript,88492.0,1,1,0.7900640629281557,True
35685,TypeScript,lang_typescript,230000.0,1,1,0.9911386059370098,True
43974,TypeScript,lang_typescript,1838.0,0,0,0.015768611824524846,True
30789,TypeScript,lang_typescript,74761.0,0,1,0.7689144516488304,False
6713,TypeScript,lang_typescript,87341.0,1,0,0.39359413538256904,False
490,TypeScript,lang_typescript,75410.0,0,1,0.6507357595671,False
40901,TypeScript,lang_typescript,115000.0,1,1,0.9012498157177751,True
29990,TypeScript,lang_typescript,97452.0,1,0,0.3831982641792886,False
2754,TypeScript,lang_typescript,170000.0,1,1,0.9701362858690652,True
35787,TypeScript,lang_typescript,68071.0,0,0,0.39714215121605967,True
6265,TypeScript,lang_typescript,9281.0,0,0,0.06350294648922186,True
26607,TypeScript,lang_typescript,150000.0,1,1,0.9744476426861053,True
37516,TypeScript,lang_typescript,145000.0,1,1,0.994673758188163,True
6918,TypeScript,lang_typescript,117017.0,1,1,0.9437673757084684,True
1322,TypeScript,lang_typescript,200000.0,1,1,0.9843846313539985,True
1547,TypeScript,lang_typescript,71134.0,0,1,0.5901795376964929,False
12725,TypeScript,lang_typescript,18605.0,0,0,0.03757364919300037,True
5091,TypeScript,lang_typescript,83531.0,1,1,0.7855226328843109,True
5220,TypeScript,lang_typescript,71929.0,0,1,0.5409361245584013,False
34048,TypeScript,lang_typescript,170000.0,1,1,0.9741057676328454,True
27594,TypeScript,lang_typescript,43139.0,0,0,0.08351332284279735,True
40476,TypeScript,lang_typescript,136520.0,1,1,0.8692665853527931,True
1938,TypeScript,lang_typescript,65663.0,0,0,0.2929487903598316,True
4351,TypeScript,lang_typescript,58007.0,0,0,0.33778554674465056,True
36920,TypeScript,lang_typescript,50741.0,0,0,0.1513803156872512,True
23022,TypeScript,lang_typescript,68333.0,0,1,0.8299294546934193,False
35974,TypeScript,lang_typescript,16274.0,0,0,0.027221735867437025,True
12791,TypeScript,lang_typescript,37445.0,0,0,0.28535836276861554,True
39226,TypeScript,lang_typescript,72000.0,0,0,0.2492255349695338,True
18733,TypeScript,lang_typescript,150000.0,1,1,0.955398241161028,True
43915,TypeScript,lang_typescript,83280.0,1,0,0.1548052240854439,False
22495,TypeScript,lang_typescript,81210.0,1,0,0.42870251440808244,False
15812,TypeScript,lang_typescript,75000.0,0,1,0.6103260728299993,False
27452,TypeScript,lang_typescript,63713.0,0,0,0.48025491514163055,True
3481,TypeScript,lang_typescript,185000.0,1,1,0.8756519280507891,True
4037,TypeScript,lang_typescript,78310.0,1,0,0.2153610152928874,False
35438,TypeScript,lang_typescript,30222.0,0,0,0.09416361724261095,True
3422,TypeScript,lang_typescript,84512.0,1,1,0.6849960029742718,True
12096,TypeScript,lang_typescript,800.0,0,1,0.9767922147573926,False
3888,TypeScript,lang_typescript,14187.0,0,0,0.030300066176588165,True
29151,TypeScript,lang_typescript,63618.0,0,0,0.2868183905710119,True
36960,TypeScript,lang_typescript,92812.0,1,1,0.5945010542869005,True
30943,TypeScript,lang_typescript,32484.0,0,0,0.2284756460641429,True
12800,TypeScript,lang_typescript,28772.0,0,0,0.09422382865406763,True
22459,TypeScript,lang_typescript,62221.0,0,0,0.3603291958703986,True
27134,TypeScript,lang_typescript,87011.0,1,1,0.6590619869845049,True
17309,TypeScript,lang_typescript,68449.0,0,0,0.15171923968794462,True
25206,TypeScript,lang_typescript,76239.0,0,1,0.6683303630034677,False
4922,TypeScript,lang_typescript,122527.0,1,1,0.7903089722666924,True
10224,TypeScript,lang_typescript,76570.0,1,1,0.8117017838804962,True
13333,TypeScript,lang_typescript,34872.0,0,0,0.05046190244176896,True
33214,TypeScript,lang_typescript,130000.0,1,1,0.9623928545815245,True
11612,TypeScript,lang_typescript,99383.0,1,1,0.6654756256360841,True
41330,TypeScript,lang_typescript,218000.0,1,1,0.9549584787082738,True
6560,TypeScript,lang_typescript,163370.0,1,0,0.2804260899716754,False
21425,TypeScript,lang_typescript,180000.0,1,1,0.9166298536555556,True
787,TypeScript,lang_typescript,163370.0,1,0,0.30716951242285484,False
22696,TypeScript,lang_typescript,93000.0,1,1,0.9294850884004499,True
15287,TypeScript,lang_typescript,11601.0,0,0,0.0009212495193467739,True
33256,TypeScript,lang_typescript,215000.0,1,1,0.9771112662993569,True
4756,TypeScript,lang_typescript,130000.0,1,1,0.9447700957062896,True
35820,TypeScript,lang_typescript,27844.0,0,0,0.3771882458046893,True
10887,TypeScript,lang_typescript,58007.0,0,0,0.2357085697599396,True
196,TypeScript,lang_typescript,108000.0,1,0,0.44970523670041057,False
14892,TypeScript,lang_typescript,81210.0,1,1,0.8022786616461056,True
31221,TypeScript,lang_typescript,23203.0,0,0,0.009927484407642032,True
15183,TypeScript,lang_typescript,56847.0,0,0,0.2625995266966083,True
5002,TypeScript,lang_typescript,100000.0,1,1,0.9659557474756841,True
18150,TypeScript,lang_typescript,62015.0,0,1,0.9667810387817535,False
44279,TypeScript,lang_typescript,110000.0,1,1,0.9528488387651671,True
9804,TypeScript,lang_typescript,133417.0,1,1,0.6601305404826854,True
5959,TypeScript,lang_typescript,18000.0,0,0,0.11265883945170806,True
4864,TypeScript,lang_typescript,92812.0,1,1,0.7745941678925378,True
16671,TypeScript,lang_typescript,13922.0,0,0,0.1927254973877208,True
9126,TypeScript,lang_typescript,31090.0,0,0,0.26042628359698033,True
26633,TypeScript,lang_typescript,110000.0,1,1,0.7299415690228918,True
45341,TypeScript,lang_typescript,45847.0,0,0,0.35240536911152665,True
40034,TypeScript,lang_typescript,87011.0,1,0,0.41805240325521126,False
5643,TypeScript,lang_typescript,15909.0,0,0,0.03917284231752235,True
26618,TypeScript,lang_typescript,95596.0,1,1,0.5882389094607835,True
39833,TypeScript,lang_typescript,1078.0,0,0,0.014153494167884034,True
6278,TypeScript,lang_typescript,130000.0,1,1,0.9929606599769955,True
5465,TypeScript,lang_typescript,120000.0,1,1,0.9653636410635161,True
21725,TypeScript,lang_typescript,98612.0,1,1,0.9190144060855947,True
45488,TypeScript,lang_typescript,98827.0,1,1,0.7376048527518487,True
8590,TypeScript,lang_typescript,4214.0,0,0,0.030215895215677812,True
48931,TypeScript,lang_typescript,165000.0,1,1,0.8960745574690321,True
33625,TypeScript,lang_typescript,216988.0,1,1,0.9955883101119181,True
18821,TypeScript,lang_typescript,280000.0,1,1,0.9126965101882887,True
3606,TypeScript,lang_typescript,55687.0,0,1,0.6409749245101614,False
45137,TypeScript,lang_typescript,69609.0,0,0,0.24497175319482473,True
44615,TypeScript,lang_typescript,46406.0,0,1,0.7980658435497601,False
3915,TypeScript,lang_typescript,55818.0,0,1,0.810040232369915,False
2951,TypeScript,lang_typescript,89751.0,1,1,0.6736403057179036,True
35596,TypeScript,lang_typescript,100000.0,1,1,0.9300450909976723,True
38785,TypeScript,lang_typescript,185623.0,1,1,0.8883280304564359,True
15195,TypeScript,lang_typescript,165000.0,1,1,0.9668609288401374,True
40118,TypeScript,lang_typescript,78000.0,1,1,0.9684357399506666,True
13686,TypeScript,lang_typescript,185623.0,1,1,0.7361886525943904,True
28910,TypeScript,lang_typescript,108723.0,1,1,0.6900508363953,True
19128,TypeScript,lang_typescript,37197.0,0,0,0.005195795412017297,True
15056,TypeScript,lang_typescript,195280.0,1,1,0.9735363432251054,True
11216,TypeScript,lang_typescript,200000.0,1,1,0.9790328115345796,True
389,TypeScript,lang_typescript,117014.0,1,0,0.2226780447448832,False
16712,TypeScript,lang_typescript,58007.0,0,0,0.03203634015373021,True
35634,TypeScript,lang_typescript,75744.0,0,0,0.20529428286332874,True
14750,TypeScript,lang_typescript,56604.0,0,0,0.25849974479118976,True
46920,TypeScript,lang_typescript,58471.0,0,1,0.645306206152989,False
17373,TypeScript,lang_typescript,145000.0,1,1,0.6255812012141657,True
31582,TypeScript,lang_typescript,75495.0,0,0,0.13125898426457172,True
13497,TypeScript,lang_typescript,78962.0,1,1,0.610273562830022,True
35635,TypeScript,lang_typescript,325047.0,1,1,0.9468681903383456,True
5076,TypeScript,lang_typescript,272536.0,1,1,0.5747553549189756,True
31277,TypeScript,lang_typescript,75410.0,0,0,0.24519091189675782,True
7,TypeScript,lang_typescript,6240.0,0,0,0.07308295656249787,True
48823,TypeScript,lang_typescript,3545.0,0,0,0.06232372513753506,True
43127,TypeScript,lang_typescript,145000.0,1,1,0.9425551310863807,True
10578,TypeScript,lang_typescript,130193.0,1,1,0.9792961588776734,True
22974,TypeScript,lang_typescript,74249.0,0,0,0.1821328124010218,True
12280,TypeScript,lang_typescript,93000.0,1,1,0.9093233078469428,True
39664,TypeScript,lang_typescript,87011.0,1,0,0.19895887971062362,False
6236,TypeScript,lang_typescript,81210.0,1,1,0.7416773163227911,True
11583,TypeScript,lang_typescript,18204.0,0,0,0.16917088663475705,True
11760,TypeScript,lang_typescript,57861.0,0,0,0.18229521596137452,True
13919,TypeScript,lang_typescript,180000.0,1,1,0.9403929605279717,True
6329,TypeScript,lang_typescript,132057.0,1,1,0.5589218713327035,True
43896,TypeScript,lang_typescript,618.0,0,0,0.15632850543022095,True
20309,TypeScript,lang_typescript,2000.0,0,0,0.33571207597680486,True
42230,TypeScript,lang_typescript,69659.0,0,0,0.39084207452568215,True
18819,TypeScript,lang_typescript,234000.0,1,1,0.9920296048418262,True
5616,TypeScript,lang_typescript,62180.0,0,0,0.35309866639726456,True
11922,TypeScript,lang_typescript,134577.0,1,1,0.8231688422258637,True
21486,TypeScript,lang_typescript,75943.0,0,1,0.5677451357792233,False
41821,TypeScript,lang_typescript,73375.0,0,0,0.4161929361755627,True
6696,TypeScript,lang_typescript,161191.0,1,1,0.977781492468667,True
26984,TypeScript,lang_typescript,116015.0,1,1,0.8194972051700385,True
35254,TypeScript,lang_typescript,58007.0,0,0,0.24515510906881624,True
6077,TypeScript,lang_typescript,66128.0,0,1,0.5008206425473236,False
22635,TypeScript,lang_typescript,96000.0,1,0,0.08410495178670652,False
35947,TypeScript,lang_typescript,84408.0,1,1,0.935800545688595,True
46837,TypeScript,lang_typescript,47566.0,0,0,0.3226360655318383,True
27548,TypeScript,lang_typescript,37000.0,0,1,0.761088011406219,False
41507,TypeScript,lang_typescript,57858.0,0,0,0.382985022667869,True
38640,TypeScript,lang_typescript,80050.0,1,1,0.7413531439063209,True
4534,TypeScript,lang_typescript,168221.0,1,1,0.7439878085927965,True
46240,TypeScript,lang_typescript,81210.0,1,0,0.3019421830659815,False
32766,TypeScript,lang_typescript,10922.0,0,0,0.12803829517240836,True
31308,TypeScript,lang_typescript,89815.0,1,1,0.5905999035756722,True
20530,TypeScript,lang_typescript,34544.0,0,0,0.03926405964883672,True
12385,TypeScript,lang_typescript,43985.0,0,1,0.7549811705103482,False
11840,TypeScript,lang_typescript,2790.0,0,0,0.02150876590671794,True
34806,TypeScript,lang_typescript,81685.0,1,1,0.7886840074532754,True
20312,TypeScript,lang_typescript,167454.0,1,1,0.7330195343835179,True
37503,TypeScript,lang_typescript,36034.0,0,0,0.04472932935206508,True
45571,TypeScript,lang_typescript,7691.0,0,0,0.1369792794585688,True
17930,TypeScript,lang_typescript,44086.0,0,0,0.4805643563556166,True
26687,TypeScript,lang_typescript,234337.0,1,1,0.9002571424398638,True
34795,TypeScript,lang_typescript,54457.0,0,1,0.5365821646404393,False
11986,TypeScript,lang_typescript,120381.0,1,0,0.45544657549667034,False
46511,TypeScript,lang_typescript,62015.0,0,0,0.488113108296195,True
35833,TypeScript,lang_typescript,132257.0,1,1,0.9218517054689843,True
13505,TypeScript,lang_typescript,100000.0,1,1,0.8725656269044454,True
13146,TypeScript,lang_typescript,6362.0,0,0,0.2769937945305728,True
36397,TypeScript,lang_typescript,231441.0,1,1,0.958603189599911,True
6749,TypeScript,lang_typescript,78000.0,1,1,0.7049830556673884,True
1813,TypeScript,lang_typescript,3480.0,0,1,0.757327785449163,False
28847,TypeScript,lang_typescript,16383.0,0,0,0.2940697440234355,True
27506,TypeScript,lang_typescript,46918.0,0,1,0.8236622340710263,False
13058,TypeScript,lang_typescript,1000.0,0,0,0.058618793266142735,True
19237,TypeScript,lang_typescript,156000.0,1,1,0.9838320677845389,True
41086,TypeScript,lang_typescript,250000.0,1,1,0.9953225838058118,True
29006,TypeScript,lang_typescript,36000.0,0,0,0.08666180981335096,True
33918,TypeScript,lang_typescript,170000.0,1,1,0.959480947939236,True
14045,TypeScript,lang_typescript,175000.0,1,1,0.9892727553465058,True
645,TypeScript,lang_typescript,48726.0,0,0,0.26700980803238267,True
12243,TypeScript,lang_typescript,164000.0,1,1,0.968329007472278,True
30423,TypeScript,lang_typescript,92000.0,1,1,0.6697674809170072,True
43685,TypeScript,lang_typescript,4650.0,0,0,0.007097326352480373,True
37913,TypeScript,lang_typescript,47358.0,0,0,0.17492686803592328,True
685,TypeScript,lang_typescript,73017.0,0,1,0.5661666037052588,False
12220,TypeScript,lang_typescript,198000.0,1,1,0.9477897147779432,True
28668,TypeScript,lang_typescript,52207.0,0,0,0.45822846582016885,True
47338,TypeScript,lang_typescript,69609.0,0,0,0.3174511394941752,True
42219,TypeScript,lang_typescript,85000.0,1,1,0.9804659398298922,True
6175,TypeScript,lang_typescript,3863.0,0,0,0.036316520266226046,True
5634,TypeScript,lang_typescript,119805.0,1,0,0.4219954618519383,False
6470,TypeScript,lang_typescript,87550.0,1,1,0.5783255107584744,True
14361,TypeScript,lang_typescript,52207.0,0,0,0.35224559766355834,True
46131,TypeScript,lang_typescript,139218.0,1,1,0.8836089428343138,True
36325,TypeScript,lang_typescript,23248.0,0,0,0.10511484559149285,True
43428,TypeScript,lang_typescript,40684.0,0,0,0.08090124582867225,True
183,TypeScript,lang_typescript,94846.0,1,1,0.9844090559747518,True
4233,TypeScript,lang_typescript,33881.0,0,1,0.6620084847896739,False
25990,TypeScript,lang_typescript,50000.0,0,0,0.026310235870987155,True
12715,TypeScript,lang_typescript,66128.0,0,1,0.6253398913660627,False
15428,TypeScript,lang_typescript,96000.0,1,1,0.9647760070732989,True
6404,TypeScript,lang_typescript,8755.0,0,0,0.11375746392939058,True
46888,TypeScript,lang_typescript,62648.0,0,0,0.3488961814634786,True
40532,TypeScript,lang_typescript,58007.0,0,1,0.6364999447301017,False
27517,TypeScript,lang_typescript,121000.0,1,1,0.8918236589376368,True
10765,TypeScript,lang_typescript,150000.0,1,1,0.9259103464809781,True
3803,TypeScript,lang_typescript,65258.0,0,0,0.1551063310396408,True
35494,TypeScript,lang_typescript,116015.0,1,1,0.5046312309988759,True
34385,TypeScript,lang_typescript,6221.0,0,1,0.6969812465742439,False
22970,TypeScript,lang_typescript,68924.0,0,0,0.41563351576337254,True
34560,TypeScript,lang_typescript,82370.0,1,0,0.30007947020177206,False
16734,TypeScript,lang_typescript,63808.0,0,0,0.4303981342012157,True
49090,TypeScript,lang_typescript,4650.0,0,0,0.0010831147326197262,True
6011,TypeScript,lang_typescript,49328.0,0,0,0.050302298976019684,True
2891,TypeScript,lang_typescript,40000.0,0,1,0.7492874349692177,False
43543,TypeScript,lang_typescript,33886.0,0,0,0.05375971386283879,True
28341,TypeScript,lang_typescript,50400.0,0,0,0.047635225696926645,True
37025,TypeScript,lang_typescript,108913.0,1,1,0.8599553610415498,True
28594,TypeScript,lang_typescript,150000.0,1,1,0.9390518072171464,True
33251,TypeScript,lang_typescript,19085.0,0,0,0.034344717375105076,True
20730,TypeScript,lang_typescript,110000.0,1,1,0.8894939403942537,True
27319,TypeScript,lang_typescript,120000.0,1,1,0.9822758777396375,True
43631,TypeScript,lang_typescript,47742.0,0,0,0.06748707968583222,True
9016,TypeScript,lang_typescript,49886.0,0,0,0.1235557191644177,True
17269,TypeScript,lang_typescript,99953.0,1,1,0.6532076673973174,True
39481,TypeScript,lang_typescript,48000.0,0,0,0.08517118346894106,True
10143,TypeScript,lang_typescript,55220.0,0,0,0.12493806789659492,True
36969,TypeScript,lang_typescript,92812.0,1,1,0.8289185619379419,True
35356,TypeScript,lang_typescript,130000.0,1,1,0.9845806343963237,True
15456,TypeScript,lang_typescript,192000.0,1,1,0.8501399493921612,True
33422,TypeScript,lang_typescript,1595.0,0,0,0.016347018384341425,True
20614,TypeScript,lang_typescript,75410.0,0,1,0.8405285521337605,False
2250,TypeScript,lang_typescript,220000.0,1,1,0.9920732910933795,True
4282,TypeScript,lang_typescript,11043.0,0,0,0.018344998967578918,True
683,TypeScript,lang_typescript,41765.0,0,0,0.424722580778323,True
43978,TypeScript,lang_typescript,95955.0,1,1,0.9057161479967116,True
37524,TypeScript,lang_typescript,69609.0,0,1,0.6029846079517408,False
3161,TypeScript,lang_typescript,232000.0,1,1,0.9375803527257774,True
9028,TypeScript,lang_typescript,169024.0,1,1,0.952203920322477,True
21577,TypeScript,lang_typescript,5580.0,0,0,0.00021641635965667592,True
13777,TypeScript,lang_typescript,100000.0,1,1,0.652878160720447,True
20142,TypeScript,lang_typescript,89853.0,1,1,0.8475648053986186,True
5614,TypeScript,lang_typescript,48726.0,0,0,0.11986403887127106,True
40874,TypeScript,lang_typescript,100745.0,1,1,0.530340698105862,True
41050,TypeScript,lang_typescript,1416.0,0,0,0.017962804881279753,True
17495,TypeScript,lang_typescript,110275.0,1,1,0.8945115553456225,True
854,TypeScript,lang_typescript,35965.0,0,0,0.15043194388138062,True
6693,TypeScript,lang_typescript,103137.0,1,1,0.9076176958615896,True
25321,TypeScript,lang_typescript,5812.0,0,0,0.05015256897869231,True
36799,TypeScript,lang_typescript,30000.0,0,0,0.15662134157048685,True
16380,PHP,lang_php,40605.0,0,0,0.4308283745824916,True
38580,PHP,lang_php,43139.0,0,0,0.01953327659994179,True
48928,PHP,lang_php,104413.0,1,1,0.705111502018957,True
4054,PHP,lang_php,1590.0,0,0,0.0310856866632049,True
36755,PHP,lang_php,44096.0,0,0,0.09912875308089202,True
28083,PHP,lang_php,139218.0,1,0,0.21789033798897733,False
10415,PHP,lang_php,92812.0,1,0,0.2709287386377097,False
15533,PHP,lang_php,110000.0,1,1,0.7597816669990174,True
6597,PHP,lang_php,217729.0,1,1,0.986026734052115,True
18656,PHP,lang_php,52207.0,0,0,0.07695000010725021,True
16659,PHP,lang_php,6553.0,0,0,0.0044019087102418345,True
35832,PHP,lang_php,108710.0,1,1,0.8323815911681667,True
17131,PHP,lang_php,148791.0,1,1,0.8629808688209808,True
30517,PHP,lang_php,150000.0,1,1,0.8407585629151982,True
22446,PHP,lang_php,11790.0,0,0,0.030845764576213876,True
190,PHP,lang_php,3371.0,0,0,0.09262725736551619,True
26780,PHP,lang_php,108913.0,1,1,0.5322805968892628,True
12221,PHP,lang_php,142949.0,1,1,0.7438279628975217,True
5965,PHP,lang_php,367.0,0,0,0.017534269562538438,True
37293,PHP,lang_php,15082.0,0,0,0.06513278349178846,True
46569,PHP,lang_php,83531.0,1,0,0.058399338201030986,False
20662,PHP,lang_php,27844.0,0,0,0.024613599058983877,True
35949,PHP,lang_php,87011.0,1,0,0.1730348464800646,False
17791,PHP,lang_php,38285.0,0,0,0.04358495090831051,True
40694,PHP,lang_php,87011.0,1,1,0.5553502295063224,True
11253,PHP,lang_php,78930.0,1,0,0.20404005273674955,False
43681,PHP,lang_php,65528.0,0,0,0.21825450121058093,True
31534,PHP,lang_php,185623.0,1,1,0.9228875243161627,True
6562,PHP,lang_php,53135.0,0,0,0.19803478585118828,True
1689,PHP,lang_php,58007.0,0,0,0.4745115696912473,True
2787,PHP,lang_php,40605.0,0,0,0.2034678602201018,True
27025,PHP,lang_php,40605.0,0,0,0.02355812925362072,True
45094,PHP,lang_php,164156.0,1,1,0.9268242575102521,True
65,PHP,lang_php,14850.0,0,0,0.00202260375344939,True
2884,PHP,lang_php,36407.0,0,0,0.11731130589564207,True
30439,PHP,lang_php,60328.0,0,0,0.4134322210409075,True
32298,PHP,lang_php,148394.0,1,1,0.7848187205345735,True
12826,PHP,lang_php,116015.0,1,0,0.08517912794003275,False
25843,PHP,lang_php,14199.0,0,0,0.05983540367931074,True
12193,PHP,lang_php,140000.0,1,0,0.3200634412729249,False
2124,PHP,lang_php,100000.0,1,1,0.8596413457681619,True
35000,PHP,lang_php,8726.0,0,0,0.011357063572727037,True
43836,PHP,lang_php,30369.0,0,0,0.03297698912152535,True
13179,PHP,lang_php,20883.0,0,1,0.6601982941529049,False
4945,PHP,lang_php,98612.0,1,0,0.48769071884894594,False
40755,PHP,lang_php,32000.0,0,0,0.1274578191605691,True
10633,PHP,lang_php,45246.0,0,0,0.039147877802918854,True
5415,PHP,lang_php,204283.0,1,1,0.833458662671187,True
11621,PHP,lang_php,7052.0,0,0,0.0035340509641852164,True
14842,PHP,lang_php,23879.0,0,0,0.02322725368311638,True
14103,PHP,lang_php,73785.0,0,0,0.31520002602645997,True
35618,PHP,lang_php,155553.0,1,0,0.15913430049300856,False
19439,PHP,lang_php,44907.0,0,0,0.03748340620662383,True
711,PHP,lang_php,407645.0,1,1,0.8007414565055463,True
15049,PHP,lang_php,40605.0,0,0,0.08284389006019387,True
7273,PHP,lang_php,83000.0,1,0,0.47393241018057086,False
47875,PHP,lang_php,110000.0,1,1,0.8425756261762476,True
7416,PHP,lang_php,66128.0,0,1,0.6351827661924145,False
22532,PHP,lang_php,61264.0,0,1,0.5417667155305986,False
39815,PHP,lang_php,150000.0,1,1,0.9772619962247638,True
2503,PHP,lang_php,48000.0,0,1,0.6084091928348001,False
39890,PHP,lang_php,46288.0,0,0,0.42587209484556876,True
27568,PHP,lang_php,187875.0,1,1,0.8274747377078012,True
14152,PHP,lang_php,15592.0,0,0,0.035195372899586,True
3317,PHP,lang_php,48188.0,0,0,0.09414643960351869,True
13825,PHP,lang_php,22108.0,0,0,0.1077871416656609,True
5679,PHP,lang_php,167000.0,1,1,0.9564436175336389,True
31092,PHP,lang_php,102972.0,1,0,0.3747655374764128,False
26928,PHP,lang_php,25059.0,0,0,0.10499089471982373,True
22573,PHP,lang_php,330871.0,1,0,0.1268053823225574,False
13098,PHP,lang_php,150819.0,1,1,0.8008881583931572,True
10791,PHP,lang_php,41765.0,0,0,0.33001296209788084,True
22046,PHP,lang_php,232029.0,1,1,0.8802904989731015,True
7256,PHP,lang_php,32531.0,0,0,0.05169960416997473,True
31578,PHP,lang_php,87550.0,1,0,0.3452857785800858,False
29571,PHP,lang_php,27844.0,0,0,0.03789301121662988,True
45471,PHP,lang_php,21424.0,0,0,0.1173077486824796,True
47432,PHP,lang_php,81210.0,1,0,0.2895559133341831,False
11324,PHP,lang_php,34804.0,0,0,0.14219303958859061,True
14204,PHP,lang_php,25000.0,0,0,0.08752573005378186,True
27964,PHP,lang_php,169024.0,1,1,0.8261079829409055,True
25467,PHP,lang_php,38285.0,0,0,0.05859558959176173,True
35223,PHP,lang_php,54719.0,0,0,0.42080528399093686,True
42419,PHP,lang_php,151000.0,1,1,0.9153382573930179,True
30296,PHP,lang_php,116733.0,1,1,0.7285098316376818,True
43283,PHP,lang_php,90491.0,1,1,0.7542208428353966,True
26604,PHP,lang_php,12000.0,0,0,0.03805657637694355,True
41158,PHP,lang_php,80254.0,1,1,0.7207247240890735,True
42655,PHP,lang_php,81685.0,1,1,0.5395314499678363,True
15231,PHP,lang_php,5267.0,0,0,0.009636546447884382,True
40045,PHP,lang_php,40000.0,0,0,0.029026519588842732,True
4209,PHP,lang_php,92812.0,1,1,0.7007219192462851,True
28425,PHP,lang_php,84000.0,1,1,0.588448731850138,True
28357,PHP,lang_php,23203.0,0,0,0.009288990119677442,True
25662,PHP,lang_php,37125.0,0,0,0.33799742634817376,True
3724,PHP,lang_php,26683.0,0,0,0.4550202651735012,True
11358,PHP,lang_php,95016.0,1,1,0.8337863416599663,True
26425,PHP,lang_php,50970.0,0,0,0.1996265838603344,True
17099,PHP,lang_php,64040.0,0,0,0.3022735391065936,True
26213,PHP,lang_php,382.0,0,0,0.03136034812795326,True
41997,PHP,lang_php,52348.0,0,1,0.5381128283698561,False
34990,PHP,lang_php,81210.0,1,0,0.2847809701839892,False
10806,PHP,lang_php,109438.0,1,1,0.8977620662505017,True
5014,PHP,lang_php,104616.0,1,0,0.08741939996153865,False
46755,PHP,lang_php,27844.0,0,0,0.214613533812443,True
41927,PHP,lang_php,81210.0,1,0,0.2616414370808637,False
26479,PHP,lang_php,125000.0,1,1,0.7908547594243593,True
38334,PHP,lang_php,58367.0,0,0,0.3908054040333464,True
40297,PHP,lang_php,87011.0,1,1,0.5069434480274979,True
13019,PHP,lang_php,156000.0,1,1,0.98979362307812,True
23758,PHP,lang_php,104413.0,1,1,0.5659912490257771,True
6275,PHP,lang_php,55687.0,0,0,0.40649492367490797,True
3234,PHP,lang_php,34804.0,0,0,0.34929553487857046,True
10954,PHP,lang_php,45234.0,0,0,0.0480933492171765,True
22059,PHP,lang_php,81210.0,1,0,0.4103681078234089,False
26103,PHP,lang_php,10462.0,0,0,0.025340168011282218,True
15017,PHP,lang_php,250000.0,1,1,0.9784083493150197,True
33856,PHP,lang_php,104.0,0,0,0.004535450599336871,True
43961,PHP,lang_php,1033.0,0,0,0.02576820831068788,True
6282,PHP,lang_php,133417.0,1,0,0.4776004368431838,False
27859,PHP,lang_php,97000.0,1,1,0.8206430422341842,True
37014,PHP,lang_php,9299.0,0,0,0.01824073452327423,True
46444,PHP,lang_php,49597.0,0,1,0.9827869104651895,False
39667,PHP,lang_php,16242.0,0,0,0.014111887774927797,True
3947,PHP,lang_php,32764.0,0,0,0.014916064083658974,True
39175,PHP,lang_php,116015.0,1,1,0.6418037660809783,True
35609,PHP,lang_php,40000.0,0,1,0.8172701251480142,False
44746,PHP,lang_php,306.0,0,0,0.010918971323688713,True
11030,PHP,lang_php,38120.0,0,0,0.2622517754850611,True
29200,PHP,lang_php,4800.0,0,0,0.010344446950905594,True
17964,PHP,lang_php,145000.0,1,1,0.8753680148805291,True
12075,PHP,lang_php,75410.0,0,0,0.09017123268022514,True
15109,PHP,lang_php,132000.0,1,1,0.8473722574320134,True
15847,PHP,lang_php,70938.0,0,0,0.45131329483156535,True
34512,PHP,lang_php,101710.0,1,1,0.8243293256118238,True
27333,PHP,lang_php,22924.0,0,0,0.06695904865073264,True
12209,PHP,lang_php,113000.0,1,1,0.8125797026756763,True
8951,PHP,lang_php,25523.0,0,0,0.2369333173114991,True
12403,PHP,lang_php,56167.0,0,0,0.09017530157923766,True
5183,PHP,lang_php,15082.0,0,0,0.06079205104619172,True
28500,PHP,lang_php,154000.0,1,1,0.8238673414156543,True
6360,PHP,lang_php,6192.0,0,0,0.09042933915448699,True
459,PHP,lang_php,60000.0,0,1,0.882727724841631,False
1841,PHP,lang_php,4438.0,0,0,0.02602243490460916,True
3441,PHP,lang_php,100000.0,1,1,0.9515982666662298,True
38342,PHP,lang_php,66128.0,0,0,0.10412881473561868,True
3366,PHP,lang_php,138000.0,1,1,0.8674814228851342,True
3349,PHP,lang_php,145000.0,1,1,0.9065515311770266,True
19954,PHP,lang_php,29478.0,0,0,0.06444767579545135,True
16928,PHP,lang_php,6765.0,0,0,0.11136893036594794,True
21589,PHP,lang_php,37197.0,0,0,0.0388927247176446,True
11551,PHP,lang_php,80000.0,1,1,0.871598101850135,True
26037,PHP,lang_php,87011.0,1,1,0.7159115217399995,True
4782,PHP,lang_php,58471.0,0,0,0.35807430251245126,True
42617,PHP,lang_php,4993.0,0,0,0.06728149891928367,True
15429,PHP,lang_php,23403.0,0,0,0.06435979258964467,True
42901,PHP,lang_php,6974.0,0,0,0.0022732265204644026,True
32266,PHP,lang_php,97514.0,1,1,0.7101167693526655,True
31615,PHP,lang_php,139218.0,1,1,0.6136056709990542,True
46811,PHP,lang_php,29254.0,0,0,0.24051972289321236,True
26898,PHP,lang_php,61264.0,0,0,0.29468194380096246,True
43004,PHP,lang_php,68000.0,0,1,0.9727049005417597,False
28428,PHP,lang_php,56604.0,0,0,0.07744557511386028,True
12708,PHP,lang_php,76570.0,1,0,0.35493325502352235,False
1504,PHP,lang_php,110000.0,1,1,0.8805027167228596,True
4465,PHP,lang_php,10237.0,0,0,0.036354287078177894,True
44088,PHP,lang_php,108083.0,1,1,0.827796415030165,True
4508,PHP,lang_php,3510.0,0,0,0.13017998694277108,True
36165,PHP,lang_php,27844.0,0,0,0.17390082868352166,True
26046,PHP,lang_php,63000.0,0,0,0.2928116266732724,True
36459,PHP,lang_php,86000.0,1,1,0.7197520608479079,True
6876,PHP,lang_php,6974.0,0,0,0.009689407468470416,True
16826,PHP,lang_php,23966.0,0,0,0.10708966870414637,True
3383,PHP,lang_php,116015.0,1,0,0.43449032363880846,False
33408,PHP,lang_php,160000.0,1,1,0.8976544401092763,True
5164,PHP,lang_php,46406.0,0,0,0.18171712292985187,True
668,PHP,lang_php,56499.0,0,0,0.47279719473294163,True
46209,PHP,lang_php,46406.0,0,0,0.26378246743540384,True
16182,PHP,lang_php,11601.0,0,1,0.7090195922379049,False
38037,PHP,lang_php,117661.0,1,0,0.06535202222950989,False
19671,PHP,lang_php,34804.0,0,0,0.2624522471305208,True
17043,PHP,lang_php,23403.0,0,0,0.009588113981395988,True
15419,PHP,lang_php,46406.0,0,0,0.2549972267192921,True
42673,PHP,lang_php,97452.0,1,1,0.6114775668447938,True
11684,PHP,lang_php,50000.0,0,1,0.815774286939275,False
40225,PHP,lang_php,50000.0,0,0,0.4826426464683586,True
9863,PHP,lang_php,11159.0,0,0,0.11169110522830156,True
4359,PHP,lang_php,40842.0,0,0,0.3146804837459551,True
28423,PHP,lang_php,858.0,0,0,0.020340505878431305,True
8928,PHP,lang_php,6000.0,0,0,0.09039144272630951,True
22327,PHP,lang_php,95000.0,1,1,0.6531614294265111,True
16514,PHP,lang_php,35733.0,0,0,0.04250086504261334,True
17256,PHP,lang_php,46000.0,0,0,0.4865520461001569,True
22463,PHP,lang_php,74249.0,0,0,0.14531417753947215,True
2067,PHP,lang_php,81835.0,1,1,0.6755746277525229,True
25434,PHP,lang_php,20883.0,0,0,0.100819082735945,True
36992,PHP,lang_php,45879.0,0,1,0.6146150317995083,False
37816,PHP,lang_php,5638.0,0,0,0.007199332924840438,True
27717,PHP,lang_php,23041.0,0,0,0.06714898659279611,True
37567,PHP,lang_php,200000.0,1,1,0.9542959320244299,True
37110,PHP,lang_php,111374.0,1,1,0.5709298136537765,True
24489,PHP,lang_php,40867.0,0,0,0.08431614203809791,True
30385,PHP,lang_php,27306.0,0,0,0.1186925726730958,True
23626,PHP,lang_php,44052.0,0,0,0.12218228402463467,True
31982,PHP,lang_php,165000.0,1,1,0.9716617294362578,True
29340,PHP,lang_php,39521.0,0,0,0.06414618596603222,True
6323,PHP,lang_php,62744.0,0,0,0.19578751731763178,True
460,PHP,lang_php,49886.0,0,0,0.07192562498785794,True
25872,PHP,lang_php,5580.0,0,0,0.001682865724750001,True
18089,PHP,lang_php,69609.0,0,0,0.11782978639556765,True
30399,PHP,lang_php,168000.0,1,1,0.7099803872175723,True
2323,PHP,lang_php,37705.0,0,0,0.09921459927822388,True
34597,PHP,lang_php,84808.0,1,0,0.23933278744983938,False
8586,PHP,lang_php,74650.0,0,1,0.7427277365861314,False
28864,PHP,lang_php,4612.0,0,0,0.18192883808234314,True
46022,PHP,lang_php,33886.0,0,0,0.006300797567535785,True
43813,PHP,lang_php,122527.0,1,1,0.8516756403895703,True
22065,PHP,lang_php,139218.0,1,1,0.7438672971155585,True
48516,PHP,lang_php,54457.0,0,1,0.6417443461729595,False
2431,PHP,lang_php,34804.0,0,0,0.172654817134683,True
9349,PHP,lang_php,50000.0,0,0,0.20472573212029357,True
26915,PHP,lang_php,70794.0,0,0,0.15034322949257345,True
24076,PHP,lang_php,220000.0,1,1,0.9742303200085464,True
10352,PHP,lang_php,63808.0,0,0,0.06909714576163718,True
35487,PHP,lang_php,86314.0,1,1,0.783809222858065,True
46804,PHP,lang_php,72958.0,0,1,0.8627987004899899,False
491,PHP,lang_php,2400.0,0,0,0.003525632909317766,True
28695,PHP,lang_php,1000.0,0,0,0.00038826232964697156,True
4065,PHP,lang_php,272283.0,1,1,0.9516597605089094,True
37973,PHP,lang_php,31904.0,0,0,0.008160403144281349,True
11415,PHP,lang_php,65000.0,0,1,0.6180881347016761,False
17330,PHP,lang_php,81210.0,1,0,0.47240703251290744,False
35220,PHP,lang_php,34804.0,0,1,0.759941421092881,False
926,PHP,lang_php,88492.0,1,1,0.555792472054762,True
43769,PHP,lang_php,7200.0,0,0,0.006660206847784871,True
34122,PHP,lang_php,52411.0,0,0,0.16794252821766079,True
34607,PHP,lang_php,92812.0,1,1,0.5557784451296041,True
13222,PHP,lang_php,46406.0,0,0,0.15857656334268574,True
2333,PHP,lang_php,10800.0,0,0,0.03612168342987341,True
2177,PHP,lang_php,116015.0,1,1,0.6598419354662571,True
34602,PHP,lang_php,69609.0,0,0,0.22981316709470623,True
27409,PHP,lang_php,110214.0,1,1,0.8324600522348201,True
25012,PHP,lang_php,102106.0,1,1,0.5538769848197805,True
27304,PHP,lang_php,17225.0,0,0,0.14047717338961774,True
46554,PHP,lang_php,6974.0,0,0,0.014920196641475656,True
40048,PHP,lang_php,69609.0,0,0,0.43111414776092455,True
13049,PHP,lang_php,17738.0,0,0,0.06381940803361133,True
32196,PHP,lang_php,40000.0,0,0,0.1975561034940754,True
31891,PHP,lang_php,959.0,0,0,0.0508905884119768,True
24250,PHP,lang_php,32484.0,0,0,0.10889757197926637,True
33113,PHP,lang_php,84568.0,1,0,0.13719385915310592,False
31400,PHP,lang_php,53376.0,0,0,0.13820952054073748,True
4956,PHP,lang_php,180000.0,1,1,0.8781341195869999,True
13456,PHP,lang_php,45294.0,0,0,0.1301841912325268,True
14427,PHP,lang_php,50118.0,0,0,0.13908494758121456,True
10388,PHP,lang_php,66128.0,0,0,0.27939202350967657,True
9594,PHP,lang_php,34700.0,0,0,0.04268130433990452,True
18603,PHP,lang_php,7541.0,0,0,0.007652938891203252,True
11704,PHP,lang_php,217462.0,1,1,0.9102991337181505,True
45621,PHP,lang_php,70208.0,0,0,0.1326936589954018,True
2684,PHP,lang_php,130000.0,1,1,0.9001730259837871,True
35804,PHP,lang_php,60000.0,0,0,0.008032409986071498,True
30389,PHP,lang_php,208826.0,1,0,0.1433923781723264,False
10913,PHP,lang_php,53095.0,0,0,0.1580578021555265,True
3944,PHP,lang_php,1264.0,0,0,0.014632629510812751,True
4144,PHP,lang_php,88171.0,1,1,0.7276480382392255,True
17480,PHP,lang_php,81210.0,1,0,0.24643900124801743,False
4228,PHP,lang_php,68071.0,0,1,0.7491500588260448,False
1800,PHP,lang_php,58946.0,0,0,0.28419989794908396,True
3205,PHP,lang_php,315000.0,1,1,0.9490223055648045,True
40232,PHP,lang_php,74878.0,0,1,0.7809680630182302,False
11135,PHP,lang_php,180000.0,1,1,0.906484911246098,True
44540,PHP,lang_php,54611.0,0,0,0.059293243042717325,True
6654,PHP,lang_php,12014.0,0,0,0.006456236942370924,True
44766,PHP,lang_php,32674.0,0,0,0.34319997094294247,True
35060,PHP,lang_php,5300.0,0,0,0.049759118101365137,True
7001,PHP,lang_php,46406.0,0,0,0.45164916116216525,True
26768,PHP,lang_php,63808.0,0,0,0.4687498319686866,True
21078,PHP,lang_php,32831.0,0,1,0.7149268878655465,False
40136,PHP,lang_php,95000.0,1,1,0.9540095382208359,True
11631,PHP,lang_php,210000.0,1,1,0.9951775897341891,True
3700,PHP,lang_php,348044.0,1,1,0.7059003464623745,True
18825,PHP,lang_php,218875.0,1,1,0.6267785385696446,True
37529,PHP,lang_php,546.0,0,0,0.00792550480719309,True
46702,PHP,lang_php,25523.0,0,0,0.08772072205629491,True
28829,PHP,lang_php,1291.0,0,0,0.01123026092427026,True
19461,PHP,lang_php,135530.0,1,1,0.776302491541647,True
44905,PHP,lang_php,10462.0,0,0,0.00994523344149305,True
3052,PHP,lang_php,58367.0,0,1,0.6026603308537076,False
35686,PHP,lang_php,180000.0,1,1,0.9670788768112543,True
17932,PHP,lang_php,140000.0,1,1,0.6757621991158882,True
34440,PHP,lang_php,81210.0,1,1,0.5511304972293711,True
24475,PHP,lang_php,90000.0,1,0,0.01623935502383314,False
3943,PHP,lang_php,66709.0,0,1,0.7216729467062808,False
14847,PHP,lang_php,16706.0,0,0,0.016529618796748503,True
25764,PHP,lang_php,148791.0,1,1,0.8121281847834015,True
276,PHP,lang_php,34804.0,0,0,0.21206338273596342,True
48839,PHP,lang_php,25500.0,0,0,0.07753216084910491,True
2673,PHP,lang_php,10000.0,0,0,0.035493592052076535,True
18477,PHP,lang_php,104000.0,1,1,0.737097566473514,True
36744,PHP,lang_php,100000.0,1,1,0.769410547232614,True
39129,PHP,lang_php,17687.0,0,0,0.0792139678318053,True
28077,PHP,lang_php,60328.0,0,1,0.6485187417594862,False
4986,PHP,lang_php,119094.0,1,0,0.49405444074293736,False
19914,PHP,lang_php,74249.0,0,1,0.7188341554416157,False
4999,PHP,lang_php,69609.0,0,1,0.7402534147546277,False
28878,PHP,lang_php,104000.0,1,1,0.8538539877561514,True
12566,PHP,lang_php,124000.0,1,1,0.746961919458823,True
3986,PHP,lang_php,41640.0,0,0,0.13848944965550486,True
5557,PHP,lang_php,51407.0,0,0,0.3528345697910118,True
42767,PHP,lang_php,174022.0,1,1,0.6130282641962025,True
14237,PHP,lang_php,162523.0,1,1,0.8095077662263265,True
8074,PHP,lang_php,78890.0,1,0,0.4767276821754223,False
1289,PHP,lang_php,200000.0,1,1,0.9400337766059342,True
33676,PHP,lang_php,97452.0,1,0,0.3144786967479561,False
42156,PHP,lang_php,180000.0,1,1,0.978887664072915,True
17715,PHP,lang_php,68581.0,0,1,0.604123586696726,False
10995,PHP,lang_php,25000.0,0,0,0.15465559610720778,True
24920,PHP,lang_php,17402.0,0,0,0.0046233011179911115,True
38414,PHP,lang_php,136141.0,1,1,0.9174715157627658,True
32988,PHP,lang_php,92786.0,1,1,0.5233164124368114,True
37181,PHP,lang_php,48726.0,0,0,0.2290372998303998,True
2425,PHP,lang_php,5000.0,0,0,0.12755302971962784,True
18196,PHP,lang_php,30000.0,0,0,0.25010980565108465,True
31012,PHP,lang_php,266834.0,1,1,0.93540951578556,True
17001,PHP,lang_php,41515.0,0,0,0.09868156083226157,True
464,PHP,lang_php,67400.0,0,0,0.06670245973972659,True
19798,PHP,lang_php,58120.0,0,0,0.12760862497956096,True
21067,PHP,lang_php,157000.0,1,1,0.8481136110950925,True
16210,PHP,lang_php,23203.0,0,0,0.025473793912103783,True
18876,PHP,lang_php,52207.0,0,0,0.14007324526779233,True
42354,PHP,lang_php,29568.0,0,0,0.1282402545364178,True
37716,PHP,lang_php,69609.0,0,0,0.16339984683881775,True
17095,PHP,lang_php,232029.0,1,0,0.3863267361853096,False
9413,PHP,lang_php,259.0,0,0,0.031088799986326538,True
37372,PHP,lang_php,88400.0,1,1,0.5543603112880165,True
42418,PHP,lang_php,116015.0,1,1,0.9358949247351173,True
25914,PHP,lang_php,43565.0,0,0,0.13525007507292827,True
43010,PHP,lang_php,1395.0,0,0,0.005524303836910872,True
44645,PHP,lang_php,34804.0,0,0,0.10478438205920367,True
14176,PHP,lang_php,87550.0,1,1,0.9082958784691576,True
4240,PHP,lang_php,29004.0,0,0,0.01728384088429479,True
22794,PHP,lang_php,128000.0,1,1,0.9302851965133432,True
2532,PHP,lang_php,10194.0,0,0,0.009971239148832516,True
16770,PHP,lang_php,20883.0,0,0,0.002663389095904828,True
35044,PHP,lang_php,49011.0,0,1,0.568408602888524,False
18518,PHP,lang_php,16338.0,0,0,0.033335635649666594,True
31989,PHP,lang_php,114000.0,1,1,0.8205610966938259,True
34462,PHP,lang_php,74539.0,0,0,0.4679261683260563,True
4614,PHP,lang_php,34804.0,0,0,0.03471094632959667,True
21047,PHP,lang_php,1820.0,0,0,0.11068816664340192,True
11394,PHP,lang_php,162000.0,1,1,0.9245867569987462,True
11519,PHP,lang_php,55139.0,0,1,0.5877664335113978,False
43547,PHP,lang_php,115.0,0,0,0.19021182929197564,True
33481,PHP,lang_php,4877.0,0,0,0.007801276637520216,True
15594,PHP,lang_php,116015.0,1,1,0.5719656961602448,True
45214,PHP,lang_php,12254.0,0,0,0.007701380292973178,True
34902,PHP,lang_php,128000.0,1,1,0.9614191942870226,True
46189,PHP,lang_php,100000.0,1,0,0.09401898487480605,False
44250,PHP,lang_php,49886.0,0,0,0.09441946985370886,True
281,PHP,lang_php,106190.0,1,1,0.7087375669193674,True
20172,PHP,lang_php,46806.0,0,0,0.09318323730326387,True
8421,PHP,lang_php,118443.0,1,1,0.7330426278686347,True
29485,PHP,lang_php,4412.0,0,0,0.015074822395474856,True
28655,PHP,lang_php,58007.0,0,0,0.3668444609120233,True
41162,PHP,lang_php,65663.0,0,0,0.18549956739763887,True
11435,PHP,lang_php,63808.0,0,0,0.10501470295988322,True
3077,PHP,lang_php,76433.0,1,1,0.5618014760513044,True
34219,PHP,lang_php,46406.0,0,0,0.38779351011233565,True
5322,PHP,lang_php,30164.0,0,0,0.014791909916081,True
1653,PHP,lang_php,52207.0,0,1,0.6539913366177619,False
6903,PHP,lang_php,63808.0,0,0,0.12706094883150107,True
29346,PHP,lang_php,46015.0,0,0,0.14142972072124171,True
38772,PHP,lang_php,87328.0,1,0,0.40214426026624195,False
38142,PHP,lang_php,81210.0,1,0,0.33196681512903375,False
41371,PHP,lang_php,39966.0,0,0,0.25678531672282495,True
11268,PHP,lang_php,139218.0,1,1,0.8572300732062023,True
2889,PHP,lang_php,69609.0,0,0,0.3626040329950654,True
20481,PHP,lang_php,2300.0,0,0,0.008697143581799958,True
45479,PHP,lang_php,54457.0,0,1,0.5663657128077401,False
12580,PHP,lang_php,85088.0,1,0,0.4421368508616306,False
918,PHP,lang_php,170000.0,1,1,0.9420355794782904,True
31025,PHP,lang_php,3835.0,0,0,0.02356143932974782,True
47257,PHP,lang_php,7645.0,0,1,0.9274512137796322,False
9175,PHP,lang_php,105000.0,1,1,0.8972070336783291,True
36044,PHP,lang_php,29179.0,0,0,0.12719575264531902,True
35008,PHP,lang_php,132057.0,1,1,0.7924090630058228,True
46122,PHP,lang_php,30164.0,0,0,0.1925333464965911,True
37948,PHP,lang_php,24363.0,0,0,0.03597602596000395,True
33650,PHP,lang_php,4273.0,0,0,0.012886810725392227,True
16077,PHP,lang_php,42730.0,0,0,0.1800203356104945,True
10789,PHP,lang_php,101000.0,1,1,0.8918856824331928,True
7987,PHP,lang_php,46406.0,0,0,0.1423237972299887,True
20355,PHP,lang_php,30222.0,0,0,0.14073069788165318,True
314,PHP,lang_php,109438.0,1,1,0.7976428197220553,True
17879,PHP,lang_php,58007.0,0,0,0.33008527066647536,True
3042,PHP,lang_php,135000.0,1,1,0.9698469081131641,True
2071,PHP,lang_php,72958.0,0,1,0.6281723264436346,False
13434,PHP,lang_php,104413.0,1,0,0.0767254843981118,False
21057,PHP,lang_php,6000.0,0,0,0.04385001426855804,True
1916,PHP,lang_php,21056.0,0,0,0.056241023706210196,True
35803,PHP,lang_php,364.0,0,0,0.010720449383882452,True
26426,PHP,lang_php,100000.0,1,0,0.15208801112927764,False
18562,PHP,lang_php,352971.0,1,1,0.8318473293681391,True
5294,PHP,lang_php,185989.0,1,1,0.9812874153003963,True
22315,PHP,lang_php,34804.0,0,0,0.10200045874124616,True
14498,PHP,lang_php,50000.0,0,1,0.9099042373759985,False
11070,PHP,lang_php,63808.0,0,1,0.5450190705439223,False
19825,PHP,lang_php,51046.0,0,0,0.4715461253937031,True
36449,PHP,lang_php,4390.0,0,0,0.014501088691908694,True
37615,PHP,lang_php,14502.0,0,0,0.03557833365054509,True
1461,PHP,lang_php,46406.0,0,0,0.013141696585749409,True
26916,PHP,lang_php,62893.0,0,0,0.2465332760850466,True
47002,PHP,lang_php,179823.0,1,1,0.82575902839479,True
43237,PHP,lang_php,2075.0,0,0,0.04159677438618268,True
45104,PHP,lang_php,101000.0,1,1,0.8955950179107546,True
36593,PHP,lang_php,27864.0,0,0,0.14455700504303218,True
46319,PHP,lang_php,9586.0,0,0,0.001916663544587449,True
28414,PHP,lang_php,26363.0,0,0,0.04362036317891528,True
26355,PHP,lang_php,87011.0,1,1,0.5904326969885124,True
10599,PHP,lang_php,80503.0,1,1,0.7180640782325721,True
43904,PHP,lang_php,130000.0,1,1,0.9833447385961532,True
11303,PHP,lang_php,35118.0,0,0,0.14978948837265493,True
18086,PHP,lang_php,81685.0,1,1,0.5055872371271102,True
45987,PHP,lang_php,19761.0,0,0,0.022625441438442303,True
2820,PHP,lang_php,73159.0,0,1,0.5370023663181166,False
24606,PHP,lang_php,58070.0,0,0,0.05647549882447586,True
18723,PHP,lang_php,12433.0,0,0,0.042389434856872,True
24352,PHP,lang_php,60000.0,0,0,0.44873607775100877,True
13384,PHP,lang_php,62625.0,0,1,0.8037324627603791,False
6964,PHP,lang_php,351.0,0,0,0.010113423592723299,True
14526,PHP,lang_php,12014.0,0,0,0.012455356048079297,True
44724,PHP,lang_php,59902.0,0,0,0.3366444789283471,True
14022,PHP,lang_php,34804.0,0,0,0.40054191968663827,True
17682,PHP,lang_php,52207.0,0,0,0.07195353986567547,True
3878,PHP,lang_php,83531.0,1,0,0.49511382487335015,False
22829,PHP,lang_php,92812.0,1,0,0.383268597779034,False
21545,PHP,lang_php,150819.0,1,1,0.9597790170426439,True
6845,PHP,lang_php,80050.0,1,0,0.23472323798562186,False
6343,PHP,lang_php,108913.0,1,0,0.4952886978005018,False
24979,PHP,lang_php,71803.0,0,0,0.24160414498281607,True
13144,PHP,lang_php,25523.0,0,0,0.023619662867803676,True
9522,PHP,lang_php,25573.0,0,0,0.03996545534017464,True
27048,PHP,lang_php,79646.0,1,0,0.35090102119294847,False
17083,PHP,lang_php,49026.0,0,0,0.03527771350009249,True
5145,PHP,lang_php,37125.0,0,0,0.39289310604146604,True
5526,PHP,lang_php,87011.0,1,0,0.21277502458825773,False
29986,PHP,lang_php,6321.0,0,0,0.006649595805581738,True
25003,PHP,lang_php,140000.0,1,1,0.8822454074104829,True
35091,PHP,lang_php,43689.0,0,0,0.09405993212997031,True
13746,PHP,lang_php,52207.0,0,0,0.1314869806473086,True
4701,PHP,lang_php,150000.0,1,1,0.9313145699374311,True
5716,PHP,lang_php,56908.0,0,0,0.07424100401520467,True
42600,PHP,lang_php,25000.0,0,0,0.050966961692280516,True
32120,PHP,lang_php,93.0,0,0,0.04515703134643717,True
12434,PHP,lang_php,224000.0,1,1,0.9669527181999414,True
25888,PHP,lang_php,89000.0,1,1,0.7815765571008528,True
26711,PHP,lang_php,116015.0,1,0,0.23873871361351803,False
5815,PHP,lang_php,34951.0,0,0,0.10091744912202906,True
22683,PHP,lang_php,24872.0,0,0,0.2034158068440581,True
17692,PHP,lang_php,39785.0,0,0,0.15924459301450586,True
38410,PHP,lang_php,93312.0,1,1,0.7130117548061317,True
24152,PHP,lang_php,7672.0,0,0,0.004463923283991416,True
10304,PHP,lang_php,48726.0,0,0,0.17032374664050043,True
2428,PHP,lang_php,107894.0,1,1,0.6485894135832531,True
11744,PHP,lang_php,95132.0,1,1,0.5066541246974371,True
40147,PHP,lang_php,48726.0,0,1,0.5759892776267679,False
22676,PHP,lang_php,40000.0,0,1,0.6216126470967297,False
12671,PHP,lang_php,6192.0,0,0,0.02662183730712578,True
11894,PHP,lang_php,66709.0,0,1,0.6030821269917221,False
8028,PHP,lang_php,150000.0,1,1,0.8146860031252151,True
5969,PHP,lang_php,280000.0,1,1,0.9624953594252846,True
27690,PHP,lang_php,47423.0,0,0,0.43505410615869333,True
6770,PHP,lang_php,100000.0,1,1,0.9083916035762368,True
48617,PHP,lang_php,105790.0,1,1,0.7147714155000744,True
131,PHP,lang_php,80000.0,1,1,0.6848302317595373,True
12674,PHP,lang_php,148791.0,1,1,0.9601982580479953,True
12616,PHP,lang_php,63452.0,0,0,0.2611584666167026,True
23972,PHP,lang_php,85851.0,1,1,0.6360797723526397,True
47665,PHP,lang_php,60000.0,0,1,0.9687747014395146,False
10950,PHP,lang_php,59902.0,0,0,0.30958197485677086,True
35603,PHP,lang_php,58120.0,0,0,0.03003327497595202,True
25148,PHP,lang_php,69609.0,0,0,0.1618733549255093,True
44783,PHP,lang_php,174022.0,1,1,0.5257602502371491,True
42192,PHP,lang_php,5589.0,0,0,0.004004098419451467,True
22918,PHP,lang_php,52000.0,0,0,0.3495423243200396,True
12862,PHP,lang_php,61264.0,0,1,0.8297741176334307,False
46341,PHP,lang_php,15311.0,0,0,0.20520411506481256,True
32684,PHP,lang_php,120000.0,1,1,0.8862691095531373,True
45428,PHP,lang_php,90000.0,1,0,0.07415372455365322,False
4573,PHP,lang_php,34925.0,0,0,0.10682216370607085,True
34152,PHP,lang_php,14673.0,0,0,0.008373337515353869,True
31295,PHP,lang_php,109114.0,1,1,0.9306459544593029,True
4755,PHP,lang_php,68071.0,0,1,0.5867252375276503,False
10963,PHP,lang_php,47932.0,0,0,0.04349286899294707,True
6121,PHP,lang_php,104413.0,1,1,0.8636178768200007,True
40990,PHP,lang_php,41270.0,0,0,0.018440901076490147,True
42020,PHP,lang_php,73669.0,0,1,0.7035253876660349,False
14522,PHP,lang_php,48726.0,0,0,0.0773832273544006,True
46099,PHP,lang_php,350000.0,1,1,0.940247164704764,True
37879,PHP,lang_php,69609.0,0,0,0.30345766935665236,True
19824,PHP,lang_php,2092.0,0,0,0.005056252411043292,True
11727,PHP,lang_php,20883.0,0,0,0.04183349945595796,True
19006,PHP,lang_php,83857.0,1,0,0.43150143258205326,False
4413,PHP,lang_php,174022.0,1,1,0.7633648810261777,True
18270,PHP,lang_php,200000.0,1,1,0.8785104048815315,True
38387,PHP,lang_php,34804.0,0,0,0.12145067366446524,True
6320,PHP,lang_php,2798.0,0,0,0.011615877506596008,True
37041,PHP,lang_php,68924.0,0,1,0.6783308523510747,False
21567,PHP,lang_php,169000.0,1,1,0.9538361151233619,True
37154,PHP,lang_php,28083.0,0,0,0.04737940159439124,True
42081,PHP,lang_php,81685.0,1,1,0.5952949970581085,True
21212,PHP,lang_php,57903.0,0,0,0.154691841649209,True
27563,PHP,lang_php,133750.0,1,1,0.9199408965956681,True
18214,PHP,lang_php,69764.0,0,0,0.30804621266131577,True
31131,PHP,lang_php,34804.0,0,0,0.034535501677157764,True
9865,PHP,lang_php,121815.0,1,0,0.05769815544520183,False
17896,PHP,lang_php,50000.0,0,1,0.7860673933645638,False
13881,PHP,lang_php,61171.0,0,0,0.02515055093868463,True
23312,PHP,lang_php,97452.0,1,1,0.555373702680765,True
8679,PHP,lang_php,54411.0,0,0,0.23053169012800895,True
32562,PHP,lang_php,116015.0,1,0,0.3804244073230599,False
4481,PHP,lang_php,18722.0,0,0,0.0465398551802373,True
40938,PHP,lang_php,188233.0,1,1,0.6674040890288438,True
5065,PHP,lang_php,40684.0,0,0,0.0777884019582423,True
30512,PHP,lang_php,57179.0,0,0,0.38684542040051995,True
31755,PHP,lang_php,15792.0,0,0,0.24968350725400304,True
32782,PHP,lang_php,54611.0,0,1,0.7596006909804348,False
46556,PHP,lang_php,53367.0,0,1,0.5433643334976143,False
30372,PHP,lang_php,25223.0,0,0,0.0111562044024949,True
27708,PHP,lang_php,150000.0,1,1,0.9448584014140025,True
27710,PHP,lang_php,69609.0,0,0,0.48552317602444467,True
17407,PHP,lang_php,232.0,0,0,0.07122371553106879,True
7951,PHP,lang_php,130000.0,1,1,0.9216482662909131,True
27441,PHP,lang_php,77760.0,1,1,0.8566562493031922,True
27597,PHP,lang_php,46266.0,0,0,0.34611330546580155,True
35217,PHP,lang_php,81210.0,1,1,0.7175053666953596,True
34971,PHP,lang_php,102000.0,1,0,0.17691377778360592,False
40322,PHP,lang_php,35497.0,0,0,0.05468603551303942,True
1334,PHP,lang_php,81210.0,1,0,0.13779897742036543,False
36349,PHP,lang_php,91928.0,1,0,0.35615073568761213,False
15690,PHP,lang_php,68071.0,0,1,0.849643250663929,False
4833,PHP,lang_php,71698.0,0,0,0.2324926835428223,True
15508,PHP,lang_php,169381.0,1,1,0.907135365045558,True
28406,PHP,lang_php,4481.0,0,0,0.008602703883187337,True
29085,PHP,lang_php,9175.0,0,0,0.05433068071613588,True
17051,PHP,lang_php,116015.0,1,1,0.6029259558653711,True
6340,PHP,lang_php,20883.0,0,0,0.03817760428574546,True
19402,PHP,lang_php,5812.0,0,0,0.010015323070719182,True
652,PHP,lang_php,182270.0,1,1,0.9389723842115993,True
10921,PHP,lang_php,70000.0,0,0,0.376038748985364,True
45552,PHP,lang_php,157917.0,1,1,0.6809758229151821,True
10461,PHP,lang_php,69609.0,0,0,0.460016475286203,True
12571,PHP,lang_php,1162.0,0,0,0.14812931879102822,True
24335,PHP,lang_php,335000.0,1,1,0.9869940788455944,True
28708,PHP,lang_php,1579.0,0,0,0.03702034041992478,True
27941,PHP,lang_php,34290.0,0,0,0.4821884186197611,True
3098,PHP,lang_php,40000.0,0,0,0.470108712290047,True
3447,PHP,lang_php,51816.0,0,0,0.27264365934494655,True
9815,PHP,lang_php,16242.0,0,0,0.0015878417686962312,True
42511,PHP,lang_php,9299.0,0,0,0.013760523827020584,True
40204,PHP,lang_php,130000.0,1,1,0.9242309852231706,True
20606,PHP,lang_php,4939.0,0,0,0.05949000560138075,True
10233,PHP,lang_php,123109.0,1,1,0.8119275995105326,True
35022,PHP,lang_php,170000.0,1,1,0.9686473672236434,True
13372,PHP,lang_php,58007.0,0,0,0.260790557997531,True
10571,PHP,lang_php,85000.0,1,1,0.7933325905198644,True
14416,PHP,lang_php,45510.0,0,0,0.2209598502468059,True
10814,PHP,lang_php,32484.0,0,0,0.013146836221327108,True
34022,PHP,lang_php,81685.0,1,1,0.8106942499423305,True
43160,PHP,lang_php,15000.0,0,0,0.015658091815640825,True
29231,PHP,lang_php,110516.0,1,0,0.25294269982234446,False
33446,PHP,lang_php,23203.0,0,0,0.00046979274106652923,True
3322,PHP,lang_php,18000.0,0,0,0.052380068561535105,True
44778,PHP,lang_php,92812.0,1,0,0.49143211956106253,False
3799,PHP,lang_php,55987.0,0,0,0.29088492939837235,True
42552,PHP,lang_php,139054.0,1,1,0.8888448039845337,True
1167,PHP,lang_php,90491.0,1,0,0.28231611255145234,False
38741,PHP,lang_php,150000.0,1,1,0.6950848800591004,True
14665,PHP,lang_php,6545.0,0,0,0.0038337582778368777,True
36406,PHP,lang_php,195000.0,1,1,0.9749616483978454,True
9870,PHP,lang_php,150819.0,1,1,0.8840520730471294,True
14706,PHP,lang_php,112000.0,1,1,0.6582146055777189,True
18793,PHP,lang_php,97250.0,1,0,0.49033120055666274,False
33566,PHP,lang_php,575.0,0,0,0.0002648966238446723,True
28174,PHP,lang_php,52207.0,0,0,0.07791705250473605,True
3618,PHP,lang_php,68449.0,0,1,0.5435486413524003,False
40073,PHP,lang_php,45000.0,0,1,0.8301452638243497,False
41231,PHP,lang_php,185000.0,1,1,0.8449866438154442,True
33347,PHP,lang_php,58007.0,0,1,0.8983813915318016,False
43063,PHP,lang_php,55687.0,0,1,0.7677415928362812,False
15347,PHP,lang_php,34700.0,0,0,0.21901081091889793,True
610,PHP,lang_php,174022.0,1,0,0.021230550928334518,False
16195,PHP,lang_php,50466.0,0,0,0.23905531690481965,True
27061,PHP,lang_php,52207.0,0,0,0.12203084721941632,True
17270,PHP,lang_php,36000.0,0,0,0.14843265912775014,True
18643,PHP,lang_php,250000.0,1,1,0.911881211705962,True
32690,PHP,lang_php,44096.0,0,0,0.07068049056245114,True
44795,PHP,lang_php,23203.0,0,0,0.044780301951320586,True
20014,PHP,lang_php,60328.0,0,1,0.5107223297509776,False
4438,PHP,lang_php,48505.0,0,0,0.0366955074644193,True
16355,PHP,lang_php,23203.0,0,0,0.03861326793649838,True
19949,PHP,lang_php,51627.0,0,0,0.2615696424444521,True
25377,PHP,lang_php,17402.0,0,0,0.04233684000234547,True
44702,PHP,lang_php,70040.0,0,0,0.38761171811291534,True
21307,PHP,lang_php,193000.0,1,1,0.9454513486778864,True
1398,PHP,lang_php,22108.0,0,0,0.01942954238373795,True
46112,PHP,lang_php,113694.0,1,0,0.376996628539645,False
16989,PHP,lang_php,40627.0,0,0,0.05308242511035835,True
5025,PHP,lang_php,34804.0,0,0,0.026196511019696233,True
13264,PHP,lang_php,103000.0,1,1,0.5199168508573857,True
26901,PHP,lang_php,41765.0,0,0,0.1439573080307083,True
14441,PHP,lang_php,4710.0,0,0,0.00201786679233376,True
28016,PHP,lang_php,110214.0,1,0,0.2669990753667337,False
19736,PHP,lang_php,81210.0,1,0,0.2248012553092016,False
631,PHP,lang_php,162421.0,1,1,0.8119975252691719,True
2921,PHP,lang_php,118324.0,1,0,0.08941816860128772,False
6479,PHP,lang_php,5148.0,0,0,0.008106075861373968,True
24121,PHP,lang_php,173000.0,1,1,0.9924855572955866,True
28400,PHP,lang_php,10682.0,0,0,0.04930944699828507,True
25325,PHP,lang_php,24561.0,0,0,0.14003128100521003,True
9713,PHP,lang_php,127616.0,1,0,0.42957862035344224,False
19610,PHP,lang_php,37210.0,0,0,0.12087670313622556,True
5393,PHP,lang_php,72000.0,0,1,0.8284614145319396,False
1598,PHP,lang_php,66392.0,0,1,0.7670313983172627,False
18010,PHP,lang_php,7793.0,0,0,0.021626090443780104,True
17334,PHP,lang_php,32980.0,0,0,0.032739780134857455,True
3749,PHP,lang_php,85145.0,1,0,0.1672485687438932,False
38128,PHP,lang_php,29060.0,0,0,0.018029833524587105,True
45771,PHP,lang_php,100765.0,1,1,0.7346295113309628,True
22669,PHP,lang_php,40000.0,0,1,0.9419912948979353,False
35304,PHP,lang_php,20358.0,0,0,0.03735285330532361,True
3138,PHP,lang_php,110000.0,1,1,0.8839877383995003,True
35448,PHP,lang_php,116015.0,1,1,0.5841817738372272,True
4688,PHP,lang_php,24124.0,0,0,0.20582607876502956,True
44153,PHP,lang_php,61264.0,0,0,0.10376167115884631,True
37032,PHP,lang_php,19722.0,0,0,0.005191280583300491,True
8345,PHP,lang_php,58007.0,0,0,0.32648953045137824,True
16550,PHP,lang_php,43689.0,0,0,0.41729139998599907,True
9271,PHP,lang_php,9000.0,0,0,0.0036651193415034853,True
43319,PHP,lang_php,69609.0,0,0,0.2514959802728422,True
38234,PHP,lang_php,40605.0,0,0,0.18593687657090205,True
17351,PHP,lang_php,48726.0,0,0,0.06369379443246596,True
11467,PHP,lang_php,185234.0,1,1,0.9695369761770658,True
44317,PHP,lang_php,232479.0,1,0,0.05467972938729919,False
15749,PHP,lang_php,81210.0,1,0,0.15671948050951137,False
31310,PHP,lang_php,88846.0,1,1,0.8105665465134,True
25338,PHP,lang_php,76570.0,1,1,0.6584193361950006,True
15965,PHP,lang_php,21416.0,0,0,0.10123574301490561,True
32012,PHP,lang_php,63808.0,0,0,0.3707834740233503,True
4837,PHP,lang_php,60072.0,0,0,0.04473630996523422,True
36033,PHP,lang_php,275000.0,1,1,0.991416137657068,True
34751,PHP,lang_php,98244.0,1,0,0.23598307989444509,False
37100,PHP,lang_php,69609.0,0,0,0.2263186073135373,True
39756,PHP,lang_php,47650.0,0,0,0.4050427304176401,True
18428,PHP,lang_php,53989.0,0,1,0.6608116415903432,False
30784,PHP,lang_php,233.0,0,0,0.12219548389085963,True
11130,PHP,lang_php,120000.0,1,1,0.6699556022733453,True
45762,PHP,lang_php,58980.0,0,0,0.031624107516400365,True
17592,PHP,lang_php,81870.0,1,0,0.25115559517473135,False
8900,PHP,lang_php,90491.0,1,0,0.45733682091043326,False
25919,PHP,lang_php,116733.0,1,1,0.7797489350045999,True
1200,PHP,lang_php,395.0,0,0,0.046903086837858064,True
40367,PHP,lang_php,91000.0,1,1,0.578038059602535,True
28638,PHP,lang_php,12399.0,0,0,0.026993874716600138,True
5900,PHP,lang_php,2000.0,0,0,0.024656459311178026,True
27721,PHP,lang_php,98000.0,1,1,0.7435724799766453,True
28837,PHP,lang_php,5089.0,0,0,0.0011108988203869942,True
199,PHP,lang_php,8357.0,0,0,0.04329732789029138,True
394,PHP,lang_php,110000.0,1,0,0.4685519710253842,False
512,PHP,lang_php,200000.0,1,1,0.8053395193868481,True
11855,PHP,lang_php,143100.0,1,1,0.9101679960840147,True
27916,PHP,lang_php,77707.0,1,0,0.48451185777764433,False
18404,PHP,lang_php,141595.0,1,1,0.5423519424274292,True
5693,PHP,lang_php,110000.0,1,1,0.7083891400008638,True
46159,PHP,lang_php,33746.0,0,0,0.08893142516338425,True
22310,PHP,lang_php,180000.0,1,1,0.901466835570393,True
36291,PHP,lang_php,170000.0,1,1,0.891186583288563,True
19869,PHP,lang_php,47508.0,0,0,0.09934035797698736,True
30786,PHP,lang_php,19503.0,0,0,0.28516696325354657,True
25154,PHP,lang_php,116640.0,1,1,0.6206582497460758,True
4569,PHP,lang_php,89275.0,1,1,0.719862024284851,True
27484,PHP,lang_php,216000.0,1,1,0.754711085193101,True
44149,PHP,lang_php,2950.0,0,0,0.015104365243650766,True
20246,PHP,lang_php,15111.0,0,0,0.04811255832021769,True
27576,PHP,lang_php,69310.0,0,0,0.45194957600590374,True
5036,PHP,lang_php,102972.0,1,0,0.23104737802854292,False
11821,PHP,lang_php,34035.0,0,0,0.0024389951109535825,True
19707,PHP,lang_php,13922.0,0,0,0.007772279710863879,True
4015,PHP,lang_php,13949.0,0,0,0.014578686616941392,True
1390,PHP,lang_php,30164.0,0,0,0.06270273105680034,True
29096,PHP,lang_php,163370.0,1,1,0.7260293181862266,True
14738,PHP,lang_php,40000.0,0,0,0.06530141519655841,True
46034,PHP,lang_php,61566.0,0,0,0.06407176424079118,True
25086,PHP,lang_php,1973.0,0,0,0.014329196534976468,True
14040,PHP,lang_php,207000.0,1,1,0.9467223902956113,True
36037,PHP,lang_php,34804.0,0,0,0.07333995544683589,True
32483,PHP,lang_php,82623.0,1,0,0.3576928061723248,False
5820,PHP,lang_php,300000.0,1,1,0.9167660616960436,True
1516,PHP,lang_php,16706.0,0,0,0.013023245781587024,True
24427,PHP,lang_php,68071.0,0,1,0.5041107703434117,False
40177,PHP,lang_php,43775.0,0,1,0.6183582586695777,False
35787,PHP,lang_php,68071.0,0,0,0.39714215121605967,True
12725,PHP,lang_php,18605.0,0,0,0.03757364919300037,True
44690,PHP,lang_php,2906.0,0,0,0.0983423662052487,True
23022,PHP,lang_php,68333.0,0,1,0.8299294546934193,False
35974,PHP,lang_php,16274.0,0,0,0.027221735867437025,True
15812,PHP,lang_php,75000.0,0,1,0.6103260728299993,False
15788,PHP,lang_php,500.0,0,0,0.006797530740975075,True
12274,PHP,lang_php,104413.0,1,0,0.18173346366798526,False
4037,PHP,lang_php,78310.0,1,0,0.2153610152928874,False
3422,PHP,lang_php,84512.0,1,1,0.6849960029742718,True
34298,PHP,lang_php,75410.0,0,1,0.601644980996413,False
3888,PHP,lang_php,14187.0,0,0,0.030300066176588165,True
17309,PHP,lang_php,68449.0,0,0,0.15171923968794462,True
10224,PHP,lang_php,76570.0,1,1,0.8117017838804962,True
13520,PHP,lang_php,61264.0,0,0,0.3093486404061332,True
787,PHP,lang_php,163370.0,1,0,0.30716951242285484,False
15287,PHP,lang_php,11601.0,0,0,0.0009212495193467739,True
14895,PHP,lang_php,7776.0,0,1,0.754210937086675,False
35820,PHP,lang_php,27844.0,0,0,0.3771882458046893,True
10887,PHP,lang_php,58007.0,0,0,0.2357085697599396,True
15183,PHP,lang_php,56847.0,0,0,0.2625995266966083,True
4137,PHP,lang_php,69609.0,0,0,0.09667935156346705,True
5959,PHP,lang_php,18000.0,0,0,0.11265883945170806,True
17506,PHP,lang_php,22000.0,0,1,0.6635381237648313,False
11342,PHP,lang_php,140000.0,1,1,0.9381501047043518,True
4952,PHP,lang_php,16075.0,0,0,0.05446439349040918,True
26633,PHP,lang_php,110000.0,1,1,0.7299415690228918,True
5643,PHP,lang_php,15909.0,0,0,0.03917284231752235,True
35375,PHP,lang_php,240000.0,1,1,0.9233877065636402,True
18821,PHP,lang_php,280000.0,1,1,0.9126965101882887,True
45137,PHP,lang_php,69609.0,0,0,0.24497175319482473,True
4726,PHP,lang_php,73089.0,0,1,0.8447355880987715,False
44615,PHP,lang_php,46406.0,0,1,0.7980658435497601,False
8319,PHP,lang_php,61919.0,0,0,0.029908746315133142,True
30042,PHP,lang_php,350000.0,1,1,0.9574945606776144,True
40118,PHP,lang_php,78000.0,1,1,0.9684357399506666,True
19128,PHP,lang_php,37197.0,0,0,0.005195795412017297,True
15056,PHP,lang_php,195280.0,1,1,0.9735363432251054,True
16712,PHP,lang_php,58007.0,0,0,0.03203634015373021,True
14750,PHP,lang_php,56604.0,0,0,0.25849974479118976,True
46920,PHP,lang_php,58471.0,0,1,0.645306206152989,False
28592,PHP,lang_php,23665.0,0,0,0.02517696371028347,True
17373,PHP,lang_php,145000.0,1,1,0.6255812012141657,True
10245,PHP,lang_php,38171.0,0,0,0.05224589761030293,True
28252,PHP,lang_php,42356.0,0,0,0.35166310378551546,True
6658,PHP,lang_php,117082.0,1,1,0.6277099133165462,True
39664,PHP,lang_php,87011.0,1,0,0.19895887971062362,False
6236,PHP,lang_php,81210.0,1,1,0.7416773163227911,True
18819,PHP,lang_php,234000.0,1,1,0.9920296048418262,True
21486,PHP,lang_php,75943.0,0,1,0.5677451357792233,False
47399,PHP,lang_php,30164.0,0,0,0.019930801688941683,True
35254,PHP,lang_php,58007.0,0,0,0.24515510906881624,True
34929,PHP,lang_php,121815.0,1,1,0.7407287309901376,True
22635,PHP,lang_php,96000.0,1,0,0.08410495178670652,False
46240,PHP,lang_php,81210.0,1,0,0.3019421830659815,False
11840,PHP,lang_php,2790.0,0,0,0.02150876590671794,True
22627,PHP,lang_php,74878.0,0,0,0.4505043481038398,True
34795,PHP,lang_php,54457.0,0,1,0.5365821646404393,False
6749,PHP,lang_php,78000.0,1,1,0.7049830556673884,True
513,PHP,lang_php,9368.0,0,0,0.017715035690986834,True
20392,PHP,lang_php,107000.0,1,1,0.8883847678130866,True
4365,PHP,lang_php,54457.0,0,0,0.2951587200765594,True
30423,PHP,lang_php,92000.0,1,1,0.6697674809170072,True
685,PHP,lang_php,73017.0,0,1,0.5661666037052588,False
47338,PHP,lang_php,69609.0,0,0,0.3174511394941752,True
1292,PHP,lang_php,150000.0,1,1,0.9212286074937079,True
6175,PHP,lang_php,3863.0,0,0,0.036316520266226046,True
5634,PHP,lang_php,119805.0,1,0,0.4219954618519383,False
25990,PHP,lang_php,50000.0,0,0,0.026310235870987155,True
41174,PHP,lang_php,55000.0,0,1,0.849826358180406,False
41375,PHP,lang_php,60000.0,0,1,0.625838479283476,False
12081,PHP,lang_php,36951.0,0,0,0.11703048295221614,True
28098,PHP,lang_php,31324.0,0,0,0.07642809831294338,True
40516,PHP,lang_php,9600.0,0,0,0.11521083910019725,True
4596,PHP,lang_php,61187.0,0,0,0.004448511481091382,True
16734,PHP,lang_php,63808.0,0,0,0.4303981342012157,True
49090,PHP,lang_php,4650.0,0,0,0.0010831147326197262,True
6558,PHP,lang_php,325000.0,1,1,0.9728340893909198,True
37025,PHP,lang_php,108913.0,1,1,0.8599553610415498,True
1805,PHP,lang_php,78000.0,1,1,0.9223311297658012,True
43631,PHP,lang_php,47742.0,0,0,0.06748707968583222,True
20229,PHP,lang_php,50118.0,0,0,0.21610526664450935,True
16604,PHP,lang_php,97341.0,1,1,0.6135608238248752,True
6180,PHP,lang_php,55687.0,0,0,0.19648039215257654,True
683,PHP,lang_php,41765.0,0,0,0.424722580778323,True
44098,PHP,lang_php,18204.0,0,0,0.229195047190268,True
16076,PHP,lang_php,89933.0,1,0,0.4927676632728341,False
3693,PHP,lang_php,48726.0,0,0,0.24500952068238063,True
24492,PHP,lang_php,94552.0,1,1,0.7729046182910473,True
40337,PHP,lang_php,18562.0,0,0,0.059494612376167745,True
41050,PHP,lang_php,1416.0,0,0,0.017962804881279753,True
17495,PHP,lang_php,110275.0,1,1,0.8945115553456225,True
854,PHP,lang_php,35965.0,0,0,0.15043194388138062,True
3801,PHP,lang_php,58007.0,0,0,0.09115702384568815,True
38048,C,lang_c,13949.0,0,0,0.04807261115023051,True
12442,C,lang_c,2000.0,0,1,0.8689606695208791,False
19436,C,lang_c,83571.0,1,0,0.04546485480340267,False
39951,C,lang_c,54457.0,0,0,0.39124264871634606,True
13138,C,lang_c,47650.0,0,0,0.10053321258203331,True
36755,C,lang_c,44096.0,0,0,0.09912875308089202,True
40381,C,lang_c,34804.0,0,0,0.34732068165981594,True
37749,C,lang_c,85534.0,1,0,0.20948593017631142,False
3398,C,lang_c,100765.0,1,1,0.5387952276763477,True
1887,C,lang_c,8237.0,0,0,0.004925637812350461,True
3049,C,lang_c,69609.0,0,0,0.2303702329836045,True
10415,C,lang_c,92812.0,1,0,0.2709287386377097,False
6597,C,lang_c,217729.0,1,1,0.986026734052115,True
18656,C,lang_c,52207.0,0,0,0.07695000010725021,True
47372,C,lang_c,63808.0,0,0,0.0703301923234885,True
21858,C,lang_c,67179.0,0,1,0.9331649802430814,False
37293,C,lang_c,15082.0,0,0,0.06513278349178846,True
20524,C,lang_c,55687.0,0,1,0.5027574897512469,False
35949,C,lang_c,87011.0,1,0,0.1730348464800646,False
11253,C,lang_c,78930.0,1,0,0.20404005273674955,False
15382,C,lang_c,140000.0,1,1,0.9809070651141658,True
30442,C,lang_c,54527.0,0,0,0.07666836002257867,True
30738,C,lang_c,58500.0,0,0,0.17199830108632527,True
41416,C,lang_c,200000.0,1,1,0.9547859153064746,True
42092,C,lang_c,1600.0,0,0,0.47026086759119434,True
31534,C,lang_c,185623.0,1,1,0.9228875243161627,True
4258,C,lang_c,66128.0,0,0,0.1717484844997552,True
12123,C,lang_c,150000.0,1,1,0.7870002592591803,True
12680,C,lang_c,78616.0,1,1,0.751999993634409,True
38209,C,lang_c,81210.0,1,1,0.627225866922222,True
65,C,lang_c,14850.0,0,0,0.00202260375344939,True
35656,C,lang_c,68260.0,0,0,0.4303826381141935,True
5473,C,lang_c,120000.0,1,1,0.9024025530408106,True
30439,C,lang_c,60328.0,0,0,0.4134322210409075,True
45954,C,lang_c,87011.0,1,1,0.6172205961585225,True
4651,C,lang_c,28320.0,0,0,0.02703786794884109,True
12193,C,lang_c,140000.0,1,0,0.3200634412729249,False
21152,C,lang_c,80254.0,1,0,0.46959904387603063,False
41474,C,lang_c,4185.0,0,0,0.0013643960295331423,True
16151,C,lang_c,69609.0,0,0,0.2937118002803575,True
28156,C,lang_c,92812.0,1,1,0.7862598659837078,True
18481,C,lang_c,75410.0,0,0,0.1994866679142326,True
10198,C,lang_c,57320.0,0,0,0.33861880587788734,True
40755,C,lang_c,32000.0,0,0,0.1274578191605691,True
45782,C,lang_c,350000.0,1,1,0.8469381159447987,True
33605,C,lang_c,36000.0,0,1,0.9573021589898254,False
9723,C,lang_c,69609.0,0,0,0.22558655362452218,True
14856,C,lang_c,47566.0,0,0,0.1438671653135279,True
24434,C,lang_c,76520.0,1,0,0.49684915292224263,False
31899,C,lang_c,200000.0,1,1,0.9698315142664946,True
4816,C,lang_c,21844.0,0,0,0.04064848484482245,True
36695,C,lang_c,186625.0,1,1,0.9733889281114035,True
26690,C,lang_c,139770.0,1,1,0.8864162507111495,True
27568,C,lang_c,187875.0,1,1,0.8274747377078012,True
2062,C,lang_c,57179.0,0,1,0.5708002835839794,False
1783,C,lang_c,139218.0,1,1,0.9301253979480392,True
6839,C,lang_c,77832.0,1,0,0.05545766269417613,False
53,C,lang_c,63909.0,0,0,0.1971921496518304,True
25557,C,lang_c,8425.0,0,0,0.0028841605549767614,True
37291,C,lang_c,69609.0,0,0,0.2387411067479707,True
22573,C,lang_c,330871.0,1,0,0.1268053823225574,False
37925,C,lang_c,11624.0,0,0,0.009331458785663507,True
11324,C,lang_c,34804.0,0,0,0.14219303958859061,True
1478,C,lang_c,15082.0,0,0,0.02679444248331104,True
39614,C,lang_c,26684.0,0,0,0.03379103795430173,True
43459,C,lang_c,30000.0,0,1,0.5190748558709541,False
24567,C,lang_c,65000.0,0,0,0.3844582209695868,True
14009,C,lang_c,130000.0,1,1,0.8586367732555622,True
25467,C,lang_c,38285.0,0,0,0.05859558959176173,True
28413,C,lang_c,116015.0,1,1,0.9275724604127487,True
18612,C,lang_c,150095.0,1,1,0.5962296435064023,True
15249,C,lang_c,5685.0,0,0,0.04912143805593349,True
30296,C,lang_c,116733.0,1,1,0.7285098316376818,True
37303,C,lang_c,30628.0,0,0,0.04344990084020443,True
41158,C,lang_c,80254.0,1,1,0.7207247240890735,True
4832,C,lang_c,123993.0,1,1,0.968286833826225,True
17431,C,lang_c,175000.0,1,1,0.9824606468174277,True
28357,C,lang_c,23203.0,0,0,0.009288990119677442,True
15460,C,lang_c,75410.0,0,1,0.5744266792629235,False
9495,C,lang_c,40605.0,0,0,0.09245919677581554,True
29191,C,lang_c,50000.0,0,0,0.11415674914577568,True
26877,C,lang_c,121815.0,1,1,0.9385239758587105,True
42196,C,lang_c,12762.0,0,0,0.07746897858905573,True
28755,C,lang_c,130000.0,1,1,0.8876617348399605,True
11530,C,lang_c,100000.0,1,1,0.9665816037938939,True
38651,C,lang_c,182843.0,1,1,0.5773288224043901,True
14153,C,lang_c,71250.0,0,1,0.6859945880742725,False
40691,C,lang_c,108000.0,1,1,0.9243562165759797,True
6453,C,lang_c,180000.0,1,1,0.9653170763379739,True
36540,C,lang_c,35000.0,0,1,0.8479427099723962,False
13519,C,lang_c,200000.0,1,1,0.9890008204188546,True
10954,C,lang_c,45234.0,0,0,0.0480933492171765,True
39539,C,lang_c,58007.0,0,0,0.2756374058237549,True
17306,C,lang_c,200000.0,1,1,0.6990728361259936,True
17267,C,lang_c,148.0,0,1,0.9853387435784687,False
4874,C,lang_c,152772.0,1,1,0.8972829531100117,True
39976,C,lang_c,100000.0,1,1,0.9922781834421049,True
26103,C,lang_c,10462.0,0,0,0.025340168011282218,True
29395,C,lang_c,48730.0,0,0,0.15615585998803427,True
18145,C,lang_c,106733.0,1,1,0.6103227521355948,True
34632,C,lang_c,110000.0,1,1,0.9044316973288449,True
33856,C,lang_c,104.0,0,0,0.004535450599336871,True
44728,C,lang_c,161191.0,1,1,0.9855376237362303,True
12819,C,lang_c,187000.0,1,1,0.6516378839002555,True
29711,C,lang_c,93312.0,1,0,0.08534254521182963,False
36919,C,lang_c,66128.0,0,0,0.27377941765107155,True
3947,C,lang_c,32764.0,0,0,0.014916064083658974,True
4129,C,lang_c,113694.0,1,0,0.14324246960499004,False
1391,C,lang_c,93800.0,1,1,0.8330802924751946,True
29483,C,lang_c,139218.0,1,1,0.793385957668568,True
43842,C,lang_c,162375.0,1,1,0.7901418203825852,True
47905,C,lang_c,3487.0,0,0,0.013558380642732371,True
30718,C,lang_c,72958.0,0,0,0.18529478754830964,True
44746,C,lang_c,306.0,0,0,0.010918971323688713,True
11030,C,lang_c,38120.0,0,0,0.2622517754850611,True
39644,C,lang_c,95299.0,1,0,0.2695311319887329,False
25947,C,lang_c,83000.0,1,1,0.8175923763204072,True
15324,C,lang_c,131325.0,1,1,0.868705162449585,True
40684,C,lang_c,73375.0,0,0,0.4306313701385954,True
4334,C,lang_c,81685.0,1,0,0.42410886791573066,False
29469,C,lang_c,45688.0,0,0,0.29696898038757924,True
15109,C,lang_c,132000.0,1,1,0.8473722574320134,True
8951,C,lang_c,25523.0,0,0,0.2369333173114991,True
12403,C,lang_c,56167.0,0,0,0.09017530157923766,True
19607,C,lang_c,52658.0,0,0,0.49265506535041426,True
46656,C,lang_c,54580.0,0,0,0.40319109223655847,True
1841,C,lang_c,4438.0,0,0,0.02602243490460916,True
3349,C,lang_c,145000.0,1,1,0.9065515311770266,True
30549,C,lang_c,112663.0,1,1,0.9610964021818973,True
16928,C,lang_c,6765.0,0,0,0.11136893036594794,True
15081,C,lang_c,70000.0,0,1,0.9737786427572641,False
45528,C,lang_c,218000.0,1,1,0.994961525798701,True
25969,C,lang_c,139218.0,1,1,0.9083235520465668,True
12651,C,lang_c,44550.0,0,0,0.24055279973200483,True
18882,C,lang_c,350000.0,1,1,0.9747680048700029,True
36386,C,lang_c,111374.0,1,1,0.5432262830036015,True
15279,C,lang_c,154000.0,1,1,0.9806023855938114,True
32873,C,lang_c,295000.0,1,1,0.9585166053986662,True
46934,C,lang_c,7776.0,0,1,0.8969238924733911,False
39066,C,lang_c,185623.0,1,1,0.6240101527338886,True
19906,C,lang_c,46638.0,0,0,0.45388096886408524,True
45357,C,lang_c,285000.0,1,1,0.9896776756247997,True
6364,C,lang_c,170000.0,1,1,0.9548128210241568,True
23174,C,lang_c,232029.0,1,1,0.8527441807808213,True
5715,C,lang_c,140000.0,1,1,0.90915853451076,True
2060,C,lang_c,170000.0,1,1,0.8842496352103449,True
32145,C,lang_c,120000.0,1,1,0.8913151888331702,True
45927,C,lang_c,70440.0,0,1,0.7169211391713416,False
4508,C,lang_c,3510.0,0,0,0.13017998694277108,True
6876,C,lang_c,6974.0,0,0,0.009689407468470416,True
545,C,lang_c,90000.0,1,1,0.8429316465572787,True
12799,C,lang_c,23203.0,0,0,0.017853564474484464,True
27116,C,lang_c,90671.0,1,0,0.26383328645856724,False
4593,C,lang_c,29397.0,0,0,0.07695817276205591,True
16182,C,lang_c,11601.0,0,1,0.7090195922379049,False
24558,C,lang_c,84568.0,1,0,0.2572394097419463,False
17830,C,lang_c,89867.0,1,0,0.2611215378978215,False
17043,C,lang_c,23403.0,0,0,0.009588113981395988,True
15419,C,lang_c,46406.0,0,0,0.2549972267192921,True
14172,C,lang_c,72800.0,0,1,0.7563554877036953,False
48377,C,lang_c,75000.0,0,1,0.6962349508736421,False
22644,C,lang_c,11601.0,0,0,0.04124211805499087,True
8928,C,lang_c,6000.0,0,0,0.09039144272630951,True
33945,C,lang_c,116015.0,1,1,0.6598211893171936,True
26143,C,lang_c,102.0,0,0,0.37034837973549445,True
2067,C,lang_c,81835.0,1,1,0.6755746277525229,True
1554,C,lang_c,89000.0,1,0,0.36915764417454044,False
36992,C,lang_c,45879.0,0,1,0.6146150317995083,False
39209,C,lang_c,9485.0,0,1,0.6899687893722845,False
6137,C,lang_c,34544.0,0,0,0.038985826545717674,True
37567,C,lang_c,200000.0,1,1,0.9542959320244299,True
37110,C,lang_c,111374.0,1,1,0.5709298136537765,True
35041,C,lang_c,67400.0,0,0,0.1011768135215759,True
11563,C,lang_c,90000.0,1,1,0.6998760793533078,True
23626,C,lang_c,44052.0,0,0,0.12218228402463467,True
17326,C,lang_c,73000.0,0,1,0.7354235848489242,False
13930,C,lang_c,19649.0,0,0,0.19256379553183345,True
35948,C,lang_c,49886.0,0,0,0.03777733497129682,True
13526,C,lang_c,46406.0,0,1,0.7222648841499185,False
5913,C,lang_c,46496.0,0,0,0.035772554630225675,True
1140,C,lang_c,62893.0,0,0,0.4664456623972919,True
24261,C,lang_c,75410.0,0,0,0.10857973059309835,True
29623,C,lang_c,64736.0,0,1,0.5585186260354628,False
5811,C,lang_c,150000.0,1,0,0.4077981727572651,False
25872,C,lang_c,5580.0,0,0,0.001682865724750001,True
36763,C,lang_c,16507.0,0,0,0.024719786922385592,True
37498,C,lang_c,129250.0,1,1,0.7384293556390571,True
19417,C,lang_c,260000.0,1,1,0.995842057430823,True
14187,C,lang_c,74761.0,0,1,0.6970614975963989,False
28864,C,lang_c,4612.0,0,0,0.18192883808234314,True
37308,C,lang_c,210000.0,1,1,0.9823873521198504,True
46022,C,lang_c,33886.0,0,0,0.006300797567535785,True
27611,C,lang_c,1790.0,0,0,0.0016299224621957379,True
11545,C,lang_c,129334.0,1,1,0.7066131692931161,True
39371,C,lang_c,40605.0,0,0,0.16280972264862692,True
9349,C,lang_c,50000.0,0,0,0.20472573212029357,True
3472,C,lang_c,330000.0,1,1,0.9785413230496358,True
1247,C,lang_c,29060.0,0,0,0.06499373339304616,True
24076,C,lang_c,220000.0,1,1,0.9742303200085464,True
34779,C,lang_c,5461.0,0,0,0.009098340526338377,True
38486,C,lang_c,99194.0,1,1,0.8134492524469615,True
39265,C,lang_c,103633.0,1,0,0.20269330421773207,False
6896,C,lang_c,7000.0,0,0,0.026844249148590776,True
41304,C,lang_c,220000.0,1,1,0.9665218769120011,True
28695,C,lang_c,1000.0,0,0,0.00038826232964697156,True
4065,C,lang_c,272283.0,1,1,0.9516597605089094,True
8251,C,lang_c,60000.0,0,1,0.9100384814097745,False
36282,C,lang_c,29060.0,0,0,0.037917534314659634,True
17627,C,lang_c,92812.0,1,1,0.6774307210578203,True
15817,C,lang_c,42256.0,0,0,0.252899375176625,True
18686,C,lang_c,175000.0,1,1,0.9873106625409473,True
33340,C,lang_c,110000.0,1,1,0.8133018180362697,True
19113,C,lang_c,130000.0,1,1,0.7269100035869074,True
40863,C,lang_c,104413.0,1,1,0.7952853379104231,True
39218,C,lang_c,55671.0,0,0,0.22967560189009914,True
45262,C,lang_c,126456.0,1,1,0.5863602815865097,True
28986,C,lang_c,280000.0,1,1,0.9883885202038396,True
2177,C,lang_c,116015.0,1,1,0.6598419354662571,True
48336,C,lang_c,55714.0,0,0,0.1946749513975915,True
15485,C,lang_c,116015.0,1,1,0.7134094063994504,True
27409,C,lang_c,110214.0,1,1,0.8324600522348201,True
25012,C,lang_c,102106.0,1,1,0.5538769848197805,True
40048,C,lang_c,69609.0,0,0,0.43111414776092455,True
3583,C,lang_c,70208.0,0,1,0.6512213429393773,False
31891,C,lang_c,959.0,0,0,0.0508905884119768,True
42242,C,lang_c,1162.0,0,0,0.0002651242486671096,True
22923,C,lang_c,60847.0,0,0,0.2232761249966343,True
24250,C,lang_c,32484.0,0,0,0.10889757197926637,True
33113,C,lang_c,84568.0,1,0,0.13719385915310592,False
26473,C,lang_c,100000.0,1,1,0.9869566004341435,True
18603,C,lang_c,7541.0,0,0,0.007652938891203252,True
45767,C,lang_c,75000.0,0,0,0.2960984657207101,True
2568,C,lang_c,92000.0,1,1,0.7495700494866187,True
39201,C,lang_c,81761.0,1,0,0.20207718518644466,False
41286,C,lang_c,135000.0,1,1,0.969398324345658,True
18103,C,lang_c,100000.0,1,1,0.50777628754651,True
13214,C,lang_c,31313.0,0,0,0.01757440187335125,True
612,C,lang_c,61488.0,0,0,0.15185013489485114,True
22000,C,lang_c,12273.0,0,0,0.05951735620271373,True
12868,C,lang_c,20883.0,0,0,0.08325005687768638,True
46317,C,lang_c,324841.0,1,1,0.9276053297932544,True
6654,C,lang_c,12014.0,0,0,0.006456236942370924,True
30624,C,lang_c,63808.0,0,0,0.3732178226493553,True
21078,C,lang_c,32831.0,0,1,0.7149268878655465,False
3700,C,lang_c,348044.0,1,1,0.7059003464623745,True
3282,C,lang_c,127677.0,1,1,0.7084909204713726,True
18825,C,lang_c,218875.0,1,1,0.6267785385696446,True
498,C,lang_c,69609.0,0,1,0.8993696533663185,False
30289,C,lang_c,150000.0,1,1,0.9803384639908368,True
1103,C,lang_c,52207.0,0,0,0.24064278420167892,True
5576,C,lang_c,4873.0,0,0,0.006315915515920146,True
37529,C,lang_c,546.0,0,0,0.00792550480719309,True
27138,C,lang_c,162421.0,1,1,0.7912631695509857,True
4885,C,lang_c,14762.0,0,0,0.057247576708434646,True
31386,C,lang_c,72815.0,0,0,0.107320478328071,True
40828,C,lang_c,120000.0,1,1,0.830572638786328,True
7076,C,lang_c,90000.0,1,1,0.796243472901394,True
20658,C,lang_c,69609.0,0,0,0.29053669037926005,True
32561,C,lang_c,200000.0,1,1,0.9943021838018966,True
15398,C,lang_c,124416.0,1,1,0.964699291479125,True
28167,C,lang_c,127616.0,1,1,0.904717341394692,True
276,C,lang_c,34804.0,0,0,0.21206338273596342,True
15622,C,lang_c,28759.0,0,0,0.033129652371834385,True
39378,C,lang_c,91018.0,1,0,0.1402178330791237,False
30835,C,lang_c,116733.0,1,1,0.908232974813894,True
6751,C,lang_c,31809.0,0,0,0.012611962412322469,True
1951,C,lang_c,99773.0,1,1,0.7064030500667999,True
19105,C,lang_c,81210.0,1,1,0.6315173653739783,True
43310,C,lang_c,81210.0,1,1,0.6737631742215741,True
43600,C,lang_c,69609.0,0,0,0.1602786766052763,True
27151,C,lang_c,147000.0,1,1,0.9873934472619295,True
8998,C,lang_c,17982.0,0,0,0.08360037337452811,True
35295,C,lang_c,7550.0,0,0,0.014713271703222178,True
38557,C,lang_c,56604.0,0,1,0.7414654297612615,False
3986,C,lang_c,41640.0,0,0,0.13848944965550486,True
26349,C,lang_c,150000.0,1,1,0.8979251427963486,True
12337,C,lang_c,22056.0,0,1,0.7158492230919691,False
3887,C,lang_c,70440.0,0,0,0.38198822498081586,True
44558,C,lang_c,90491.0,1,0,0.34782432861453083,False
24659,C,lang_c,61759.0,0,1,0.6316289608871118,False
45583,C,lang_c,13922.0,0,0,0.3525214045833043,True
16936,C,lang_c,26025.0,0,0,0.3476567753751037,True
11890,C,lang_c,66709.0,0,1,0.5429193325423207,False
17715,C,lang_c,68581.0,0,1,0.604123586696726,False
11372,C,lang_c,200000.0,1,1,0.9642574203742558,True
10995,C,lang_c,25000.0,0,0,0.15465559610720778,True
11102,C,lang_c,52050.0,0,1,0.585988289346628,False
14073,C,lang_c,46020.0,0,0,0.4862652608782451,True
41953,C,lang_c,98612.0,1,1,0.6599727748671331,True
10978,C,lang_c,23590.0,0,0,0.001936926567352363,True
1987,C,lang_c,93886.0,1,1,0.9324921438322199,True
11512,C,lang_c,4093.0,0,0,0.18571583668581498,True
22223,C,lang_c,45480.0,0,1,0.6880790757228644,False
16576,C,lang_c,58007.0,0,0,0.43580384806301714,True
39849,C,lang_c,26735.0,0,0,0.03338192948779012,True
18264,C,lang_c,165000.0,1,1,0.957503995226599,True
17605,C,lang_c,80000.0,1,1,0.8755963755539767,True
17435,C,lang_c,180000.0,1,1,0.9853115754321089,True
2187,C,lang_c,235000.0,1,1,0.8839858940918681,True
6695,C,lang_c,150000.0,1,1,0.917229433490846,True
40543,C,lang_c,193000.0,1,1,0.875361943329712,True
29585,C,lang_c,72393.0,0,1,0.5626392858897429,False
25914,C,lang_c,43565.0,0,0,0.13525007507292827,True
40571,C,lang_c,240000.0,1,1,0.9044263817586999,True
44645,C,lang_c,34804.0,0,0,0.10478438205920367,True
11269,C,lang_c,98612.0,1,0,0.15252307696992376,False
5807,C,lang_c,66560.0,0,1,0.8417850793829158,False
12924,C,lang_c,316.0,0,0,0.04134840503133082,True
21870,C,lang_c,13922.0,0,0,0.003450429066719076,True
16770,C,lang_c,20883.0,0,0,0.002663389095904828,True
18518,C,lang_c,16338.0,0,0,0.033335635649666594,True
10719,C,lang_c,29004.0,0,0,0.27868160988043,True
34462,C,lang_c,74539.0,0,0,0.4679261683260563,True
43547,C,lang_c,115.0,0,0,0.19021182929197564,True
21513,C,lang_c,350000.0,1,1,0.9102847044877083,True
6535,C,lang_c,160000.0,1,1,0.9628455415980975,True
6970,C,lang_c,4073.0,0,0,0.0028940332116914355,True
11972,C,lang_c,43734.0,0,0,0.26064165089380925,True
29485,C,lang_c,4412.0,0,0,0.015074822395474856,True
11600,C,lang_c,58367.0,0,1,0.6813668188489918,False
34671,C,lang_c,46406.0,0,0,0.4006511181539243,True
38679,C,lang_c,110000.0,1,1,0.9470671708654129,True
3077,C,lang_c,76433.0,1,1,0.5618014760513044,True
86,C,lang_c,139218.0,1,0,0.3691997031861706,False
13381,C,lang_c,100765.0,1,1,0.7837701385428943,True
29692,C,lang_c,96689.0,1,0,0.11230466078200868,False
21106,C,lang_c,44000.0,0,0,0.05848243418886157,True
10644,C,lang_c,5801.0,0,0,0.0189657825015408,True
30412,C,lang_c,100000.0,1,1,0.814719488805049,True
13485,C,lang_c,85851.0,1,1,0.5117137643323955,True
11268,C,lang_c,139218.0,1,1,0.8572300732062023,True
4320,C,lang_c,84691.0,1,0,0.44919095612211796,False
40718,C,lang_c,300000.0,1,1,0.9945917420655843,True
47257,C,lang_c,7645.0,0,1,0.9274512137796322,False
14662,C,lang_c,185623.0,1,1,0.7649123066750494,True
8383,C,lang_c,2945.0,0,0,0.0404470366756531,True
35204,C,lang_c,58007.0,0,0,0.3939543292287653,True
11999,C,lang_c,5097.0,0,0,0.008734282832501302,True
35008,C,lang_c,132057.0,1,1,0.7924090630058228,True
46122,C,lang_c,30164.0,0,0,0.1925333464965911,True
33650,C,lang_c,4273.0,0,0,0.012886810725392227,True
2286,C,lang_c,170000.0,1,1,0.9377554500583312,True
32339,C,lang_c,580.0,0,0,0.015278389021622924,True
15764,C,lang_c,140000.0,1,1,0.679300711071963,True
40008,C,lang_c,46289.0,0,0,0.14169758745367894,True
314,C,lang_c,109438.0,1,1,0.7976428197220553,True
31544,C,lang_c,58007.0,0,0,0.44681787845358273,True
6607,C,lang_c,67289.0,0,0,0.4620603626548005,True
39395,C,lang_c,108833.0,1,1,0.7186839633115255,True
28438,C,lang_c,19761.0,0,0,0.06019606029336212,True
28927,C,lang_c,5752.0,0,0,0.27131540403656856,True
2170,C,lang_c,176485.0,1,1,0.8627429600731185,True
42858,C,lang_c,102106.0,1,0,0.48888324774309405,False
11994,C,lang_c,66000.0,0,0,0.06821528699936322,True
20547,C,lang_c,26213.0,0,0,0.10075700107925747,True
13487,C,lang_c,56000.0,0,0,0.38557198895211997,True
5487,C,lang_c,190000.0,1,1,0.781696332231713,True
38000,C,lang_c,28800.0,0,0,0.05654964983418402,True
9157,C,lang_c,108000.0,1,1,0.8986553159842469,True
7087,C,lang_c,104413.0,1,0,0.32684617773684127,False
25791,C,lang_c,8307.0,0,0,0.16335592288093279,True
9406,C,lang_c,60000.0,0,1,0.7115795682302806,False
35803,C,lang_c,364.0,0,0,0.010720449383882452,True
29064,C,lang_c,55000.0,0,1,0.7261460077404579,False
39188,C,lang_c,104413.0,1,1,0.6567481962011746,True
30571,C,lang_c,141000.0,1,1,0.9805334289732176,True
15917,C,lang_c,20428.0,0,0,0.01741200787824276,True
22315,C,lang_c,34804.0,0,0,0.10200045874124616,True
14143,C,lang_c,325000.0,1,1,0.9937347184417404,True
6161,C,lang_c,6961.0,0,0,0.0009352050194556186,True
41197,C,lang_c,64968.0,0,0,0.38982077309721147,True
41952,C,lang_c,120000.0,1,1,0.8898991248000533,True
1461,C,lang_c,46406.0,0,0,0.013141696585749409,True
32195,C,lang_c,42256.0,0,1,0.94136596780165,False
30540,C,lang_c,110000.0,1,1,0.9096491558442077,True
12621,C,lang_c,141587.0,1,1,0.8040023025890416,True
29387,C,lang_c,55258.0,0,1,0.8341274813593489,False
2938,C,lang_c,153213.0,1,1,0.8268708177312265,True
19214,C,lang_c,80000.0,1,1,0.6006046409241058,True
19463,C,lang_c,400000.0,1,1,0.9509211412112287,True
40564,C,lang_c,55687.0,0,0,0.17002730254660595,True
45987,C,lang_c,19761.0,0,0,0.022625441438442303,True
36213,C,lang_c,4641.0,0,0,0.07050419006803256,True
36631,C,lang_c,275000.0,1,1,0.9622182029272437,True
43535,C,lang_c,58007.0,0,0,0.12868723930380396,True
5387,C,lang_c,347161.0,1,0,0.44893476415938033,False
24352,C,lang_c,60000.0,0,0,0.44873607775100877,True
7019,C,lang_c,36747.0,0,0,0.02191545248273855,True
26477,C,lang_c,2184.0,0,0,0.0002685931015967963,True
44724,C,lang_c,59902.0,0,0,0.3366444789283471,True
20578,C,lang_c,40000.0,0,1,0.9230978131796166,False
904,C,lang_c,136000.0,1,1,0.7987901202909604,True
14022,C,lang_c,34804.0,0,0,0.40054191968663827,True
19416,C,lang_c,71168.0,0,1,0.666182165747004,False
22829,C,lang_c,92812.0,1,0,0.383268597779034,False
17320,C,lang_c,249432.0,1,1,0.666159041908657,True
15621,C,lang_c,1160.0,0,0,0.057204616245263,True
40924,C,lang_c,30796.0,0,0,0.14466862229625096,True
25296,C,lang_c,73516.0,0,1,0.6709256948267917,False
16716,C,lang_c,336327.0,1,1,0.9977049631689101,True
163,C,lang_c,44086.0,0,0,0.19024533496691182,True
9710,C,lang_c,15111.0,0,0,0.046793028323881866,True
21545,C,lang_c,150819.0,1,1,0.9597790170426439,True
48937,C,lang_c,5812.0,0,0,0.04601485466768013,True
40763,C,lang_c,104616.0,1,0,0.023679808530246073,False
24979,C,lang_c,71803.0,0,0,0.24160414498281607,True
27463,C,lang_c,800.0,0,1,0.7324241637187352,False
4354,C,lang_c,98612.0,1,0,0.2802712647306912,False
36178,C,lang_c,81685.0,1,0,0.4969305031990587,False
5801,C,lang_c,69643.0,0,0,0.21780966354798012,True
5145,C,lang_c,37125.0,0,0,0.39289310604146604,True
5526,C,lang_c,87011.0,1,0,0.21277502458825773,False
25044,C,lang_c,2325.0,0,0,0.00503961721707566,True
31892,C,lang_c,52530.0,0,1,0.7358551501343268,False
13746,C,lang_c,52207.0,0,0,0.1314869806473086,True
338,C,lang_c,148496.0,1,0,0.3368671229906846,False
8673,C,lang_c,143858.0,1,1,0.9013116795544014,True
41326,C,lang_c,91013.0,1,1,0.8878059949894775,True
42600,C,lang_c,25000.0,0,0,0.050966961692280516,True
31981,C,lang_c,105000.0,1,1,0.8592602855078183,True
43710,C,lang_c,81210.0,1,1,0.8208392807976923,True
37606,C,lang_c,146585.0,1,0,0.4808772196277601,False
26711,C,lang_c,116015.0,1,0,0.23873871361351803,False
30048,C,lang_c,4177.0,0,0,0.004845836790767024,True
9169,C,lang_c,52427.0,0,0,0.01027637015389722,True
41065,C,lang_c,52791.0,0,0,0.3062238378437994,True
39155,C,lang_c,174022.0,1,1,0.6186073625648403,True
9973,C,lang_c,136392.0,1,1,0.9913351353180401,True
30511,C,lang_c,25523.0,0,0,0.00960667300684339,True
6027,C,lang_c,4459.0,0,0,0.010543161055109227,True
3654,C,lang_c,81210.0,1,1,0.6460875279229976,True
19311,C,lang_c,44096.0,0,0,0.059827385008877534,True
30614,C,lang_c,50242.0,0,0,0.2073458737523765,True
17802,C,lang_c,23203.0,0,0,0.16609187920628882,True
11292,C,lang_c,86795.0,1,1,0.9981877388499579,True
41899,C,lang_c,36672.0,0,0,0.07336191288790858,True
6776,C,lang_c,13922.0,0,0,0.010027254558738362,True
8028,C,lang_c,150000.0,1,1,0.8146860031252151,True
5326,C,lang_c,134973.0,1,1,0.7893668054750826,True
25142,C,lang_c,78000.0,1,0,0.15070697556591892,False
6770,C,lang_c,100000.0,1,1,0.9083916035762368,True
14687,C,lang_c,7489.0,0,0,0.07154027706933958,True
25949,C,lang_c,192000.0,1,1,0.9980722519939049,True
30995,C,lang_c,24238.0,0,0,0.04513277683222542,True
41839,C,lang_c,78633.0,1,0,0.18857396588887154,False
38001,C,lang_c,139218.0,1,1,0.6598861546559834,True
8695,C,lang_c,193744.0,1,1,0.8517607964335204,True
1705,C,lang_c,646.0,0,0,0.0002794432825269681,True
39328,C,lang_c,5900.0,0,1,0.9857246614938342,False
25556,C,lang_c,120655.0,1,1,0.9721139309470078,True
45106,C,lang_c,88000.0,1,1,0.8178799540442916,True
36078,C,lang_c,87763.0,1,1,0.6876940529161502,True
4888,C,lang_c,130000.0,1,1,0.9571107214249371,True
30241,C,lang_c,108000.0,1,1,0.9385797007389943,True
33579,C,lang_c,8353.0,0,0,0.01140211971297859,True
19950,C,lang_c,56934.0,0,1,0.5271763624889229,False
17198,C,lang_c,179790.0,1,1,0.9925227773547305,True
46341,C,lang_c,15311.0,0,0,0.20520411506481256,True
45428,C,lang_c,90000.0,1,0,0.07415372455365322,False
24791,C,lang_c,1720.0,0,0,0.0019133590000652565,True
30360,C,lang_c,185000.0,1,1,0.96501107387443,True
41299,C,lang_c,116015.0,1,1,0.577306236655422,True
34464,C,lang_c,57179.0,0,0,0.4568074624787911,True
37879,C,lang_c,69609.0,0,0,0.30345766935665236,True
19824,C,lang_c,2092.0,0,0,0.005056252411043292,True
48832,C,lang_c,1624.0,0,0,0.09588812838089987,True
6044,C,lang_c,81210.0,1,1,0.7468995006352741,True
1821,C,lang_c,49146.0,0,0,0.24924434344399476,True
15019,C,lang_c,68071.0,0,1,0.6989881880935866,False
6320,C,lang_c,2798.0,0,0,0.011615877506596008,True
21190,C,lang_c,19307.0,0,0,0.08335307054231741,True
36332,C,lang_c,53989.0,0,0,0.27718072300034485,True
46350,C,lang_c,31324.0,0,0,0.03358059083781979,True
48374,C,lang_c,53260.0,0,1,0.5482635543097596,False
2452,C,lang_c,23203.0,0,0,0.34276123971260786,True
16713,C,lang_c,80000.0,1,1,0.6947054586310084,True
28481,C,lang_c,359.0,0,0,0.010728651281220506,True
27563,C,lang_c,133750.0,1,1,0.9199408965956681,True
35720,C,lang_c,6553.0,0,0,0.044028250163382486,True
1780,C,lang_c,83792.0,1,1,0.8288808940149934,True
34030,C,lang_c,2400.0,0,0,0.003133476627707189,True
19576,C,lang_c,41208.0,0,1,0.5738109060993233,False
17081,C,lang_c,20883.0,0,0,0.018257034007049398,True
26945,C,lang_c,20458.0,0,0,0.05066621061548612,True
44926,C,lang_c,86750.0,1,0,0.1644737735986876,False
44803,C,lang_c,40000.0,0,1,0.7930824095217177,False
40771,C,lang_c,98612.0,1,1,0.6673468733180897,True
26451,C,lang_c,88413.0,1,1,0.9761680621247443,True
39926,C,lang_c,160000.0,1,1,0.8635697083672078,True
40938,C,lang_c,188233.0,1,1,0.6674040890288438,True
5065,C,lang_c,40684.0,0,0,0.0777884019582423,True
31471,C,lang_c,106000.0,1,1,0.8235119719747113,True
31755,C,lang_c,15792.0,0,0,0.24968350725400304,True
32782,C,lang_c,54611.0,0,1,0.7596006909804348,False
10812,C,lang_c,180000.0,1,1,0.9225383684361282,True
46556,C,lang_c,53367.0,0,1,0.5433643334976143,False
13523,C,lang_c,61836.0,0,0,0.4838813621227523,True
10455,C,lang_c,127616.0,1,1,0.6895711731143506,True
27018,C,lang_c,45826.0,0,0,0.12188861872151824,True
20460,C,lang_c,180000.0,1,1,0.9950358051077486,True
3312,C,lang_c,185000.0,1,1,0.8218137149785357,True
27708,C,lang_c,150000.0,1,1,0.9448584014140025,True
37055,C,lang_c,62648.0,0,0,0.37758721806841716,True
11101,C,lang_c,70794.0,0,1,0.9583397324172304,False
45632,C,lang_c,75294.0,0,1,0.867334552248402,False
2337,C,lang_c,63808.0,0,0,0.2655895660511125,True
5382,C,lang_c,2455.0,0,0,0.031106234064998448,True
19501,C,lang_c,36000.0,0,0,0.16117078032207188,True
36443,C,lang_c,30222.0,0,0,0.14082191246935868,True
6622,C,lang_c,150819.0,1,1,0.7835997004068767,True
20013,C,lang_c,46406.0,0,1,0.5460767782793322,False
37919,C,lang_c,47445.0,0,0,0.040075686617165374,True
26863,C,lang_c,232029.0,1,1,0.8930403432302244,True
40322,C,lang_c,35497.0,0,0,0.05468603551303942,True
14653,C,lang_c,169176.0,1,1,0.9689056330035991,True
29063,C,lang_c,135000.0,1,1,0.8438820191914888,True
15171,C,lang_c,29000.0,0,0,0.15772556762629952,True
12844,C,lang_c,148791.0,1,1,0.9752722899220624,True
36571,C,lang_c,45246.0,0,0,0.20219758390827292,True
10479,C,lang_c,224633.0,1,1,0.928348795845266,True
15508,C,lang_c,169381.0,1,1,0.907135365045558,True
28479,C,lang_c,575.0,0,0,0.06218621840981941,True
20143,C,lang_c,37125.0,0,0,0.3186065318008764,True
22846,C,lang_c,6550.0,0,0,0.45834845467228513,True
17051,C,lang_c,116015.0,1,1,0.6029259558653711,True
9876,C,lang_c,85851.0,1,0,0.3792990617188399,False
6340,C,lang_c,20883.0,0,0,0.03817760428574546,True
3792,C,lang_c,52207.0,0,0,0.04537547680892213,True
45552,C,lang_c,157917.0,1,1,0.6809758229151821,True
45365,C,lang_c,143000.0,1,1,0.9503268541607004,True
12571,C,lang_c,1162.0,0,0,0.14812931879102822,True
10441,C,lang_c,400000.0,1,1,0.9831312645202326,True
38725,C,lang_c,100000.0,1,1,0.86806277535041,True
20613,C,lang_c,81210.0,1,0,0.21596487172627868,False
40657,C,lang_c,80000.0,1,0,0.4548564484906241,False
30670,C,lang_c,509.0,0,0,0.10490098880384158,True
3447,C,lang_c,51816.0,0,0,0.27264365934494655,True
6647,C,lang_c,70000.0,0,1,0.8924888163395052,False
9815,C,lang_c,16242.0,0,0,0.0015878417686962312,True
62,C,lang_c,197225.0,1,1,0.7041126803293516,True
44758,C,lang_c,116015.0,1,1,0.7116297343523831,True
20606,C,lang_c,4939.0,0,0,0.05949000560138075,True
36134,C,lang_c,98494.0,1,1,0.7561398486612243,True
21524,C,lang_c,120000.0,1,1,0.9368467066243977,True
29209,C,lang_c,7656.0,0,0,0.0023970086467471337,True
39255,C,lang_c,50000.0,0,1,0.9651963713191856,False
40472,C,lang_c,120145.0,1,1,0.800751485056704,True
47986,C,lang_c,298.0,0,0,0.03859919939629006,True
45620,C,lang_c,201000.0,1,1,0.8668686509037599,True
30931,C,lang_c,40000.0,0,0,0.08331444958350948,True
14268,C,lang_c,69744.0,0,0,0.047308872287901024,True
5846,C,lang_c,182396.0,1,1,0.91663844992835,True
48877,C,lang_c,200000.0,1,1,0.9286897371416732,True
38591,C,lang_c,2322.0,0,0,0.07386030913827991,True
45069,C,lang_c,348.0,0,0,0.028421147043072463,True
33446,C,lang_c,23203.0,0,0,0.00046979274106652923,True
38906,C,lang_c,63808.0,0,0,0.2255126673098984,True
17353,C,lang_c,63713.0,0,1,0.6089912017983786,False
38741,C,lang_c,150000.0,1,1,0.6950848800591004,True
9555,C,lang_c,245000.0,1,0,0.16503140263884425,False
37022,C,lang_c,48726.0,0,0,0.17619718246412538,True
14354,C,lang_c,8400.0,0,0,0.01689685700393668,True
26407,C,lang_c,109438.0,1,1,0.5407194521075167,True
40451,C,lang_c,14289.0,0,0,0.2294004955751181,True
28174,C,lang_c,52207.0,0,0,0.07791705250473605,True
30343,C,lang_c,400000.0,1,1,0.9938514125289146,True
2038,C,lang_c,210000.0,1,1,0.9093885417991476,True
30733,C,lang_c,160000.0,1,1,0.9644888196868832,True
37175,C,lang_c,255000.0,1,1,0.9087442504942991,True
43378,C,lang_c,87000.0,1,1,0.773324154392748,True
12121,C,lang_c,400.0,0,1,0.9391546258641932,False
35969,C,lang_c,45246.0,0,0,0.014053145076697596,True
12180,C,lang_c,195028.0,1,1,0.8351331378946042,True
640,C,lang_c,95000.0,1,1,0.8631905208342873,True
33347,C,lang_c,58007.0,0,1,0.8983813915318016,False
4739,C,lang_c,58120.0,0,0,0.09216475074220061,True
19075,C,lang_c,136000.0,1,1,0.9421553256550884,True
11635,C,lang_c,29473.0,0,0,0.2821454026746239,True
7066,C,lang_c,265000.0,1,1,0.9815280630967648,True
610,C,lang_c,174022.0,1,0,0.021230550928334518,False
34911,C,lang_c,170177.0,1,1,0.613145136585901,True
18320,C,lang_c,245.0,0,0,0.020836780007758734,True
44198,C,lang_c,48726.0,0,0,0.1288068742445807,True
42722,C,lang_c,95179.0,1,1,0.5398300648341289,True
18281,C,lang_c,1361.0,0,0,0.015680667761156446,True
28235,C,lang_c,623.0,0,0,0.05052832044284526,True
41207,C,lang_c,240000.0,1,1,0.975466325423631,True
32690,C,lang_c,44096.0,0,0,0.07068049056245114,True
15097,C,lang_c,3564.0,0,0,0.04909549016863536,True
44795,C,lang_c,23203.0,0,0,0.044780301951320586,True
35026,C,lang_c,10000.0,0,1,0.5040343940038469,False
18826,C,lang_c,32748.0,0,0,0.03625813515275916,True
20014,C,lang_c,60328.0,0,1,0.5107223297509776,False
45028,C,lang_c,45400.0,0,1,0.7049417971993585,False
16355,C,lang_c,23203.0,0,0,0.03861326793649838,True
19949,C,lang_c,51627.0,0,0,0.2615696424444521,True
46120,C,lang_c,139218.0,1,1,0.9763410755509562,True
5629,C,lang_c,80000.0,1,1,0.8281706210067782,True
1640,C,lang_c,102093.0,1,1,0.7793127921075194,True
25884,C,lang_c,75000.0,0,1,0.805409532086272,False
11604,C,lang_c,175000.0,1,1,0.9438925372180845,True
14441,C,lang_c,4710.0,0,0,0.00201786679233376,True
15206,C,lang_c,81210.0,1,0,0.1418428414437198,False
4237,C,lang_c,48757.0,0,0,0.3892062994053568,True
36872,C,lang_c,20071.0,0,0,0.06462083195032078,True
34091,C,lang_c,325000.0,1,1,0.9694345434081635,True
17757,C,lang_c,123993.0,1,0,0.42124460694971255,False
631,C,lang_c,162421.0,1,1,0.8119975252691719,True
35530,C,lang_c,86750.0,1,0,0.09844499391911798,False
28400,C,lang_c,10682.0,0,0,0.04930944699828507,True
48410,C,lang_c,52207.0,0,0,0.0839547713925627,True
36588,C,lang_c,150000.0,1,1,0.9467440730398656,True
9713,C,lang_c,127616.0,1,0,0.42957862035344224,False
38276,C,lang_c,215000.0,1,1,0.924750917623359,True
18010,C,lang_c,7793.0,0,0,0.021626090443780104,True
45916,C,lang_c,1000.0,0,0,0.04678067842086365,True
6471,C,lang_c,30424.0,0,0,0.07730729763262081,True
44035,C,lang_c,6940.0,0,0,0.06396063108465334,True
35304,C,lang_c,20358.0,0,0,0.03735285330532361,True
35561,C,lang_c,232029.0,1,1,0.9568096723453957,True
12821,C,lang_c,57179.0,0,0,0.39031917012899114,True
42373,C,lang_c,100000.0,1,1,0.9742870947872879,True
1011,C,lang_c,6000.0,0,0,0.05420271555618229,True
11413,C,lang_c,76825.0,1,1,0.7370341893501885,True
6739,C,lang_c,96000.0,1,1,0.839480739723809,True
4688,C,lang_c,24124.0,0,0,0.20582607876502956,True
10092,C,lang_c,41765.0,0,0,0.14483431108585226,True
15781,C,lang_c,51000.0,0,0,0.48179370844020997,True
15176,C,lang_c,191000.0,1,1,0.9888096120298578,True
38234,C,lang_c,40605.0,0,0,0.18593687657090205,True
29509,C,lang_c,14000.0,0,0,0.058218979844300404,True
11857,C,lang_c,6974.0,0,0,0.02017556587761978,True
44317,C,lang_c,232479.0,1,0,0.05467972938729919,False
30,C,lang_c,205000.0,1,1,0.9825441183333122,True
13984,C,lang_c,65533.0,0,0,0.43833090327078045,True
11365,C,lang_c,200000.0,1,1,0.9576647826262662,True
19238,C,lang_c,75000.0,0,0,0.4760232243115199,True
33666,C,lang_c,69609.0,0,1,0.8387900485399807,False
924,C,lang_c,146000.0,1,1,0.9816456707327592,True
12055,C,lang_c,60118.0,0,0,0.29609759586677975,True
36033,C,lang_c,275000.0,1,1,0.991416137657068,True
40150,C,lang_c,3336.0,0,0,0.001691610978526555,True
33387,C,lang_c,64968.0,0,0,0.391214050162339,True
21440,C,lang_c,140000.0,1,1,0.8405108170744352,True
30784,C,lang_c,233.0,0,0,0.12219548389085963,True
45656,C,lang_c,69000.0,0,1,0.9826326686078866,False
14181,C,lang_c,49744.0,0,0,0.09693158053042017,True
13361,C,lang_c,87011.0,1,0,0.17172546001817188,False
547,C,lang_c,138000.0,1,1,0.9630935251310364,True
4631,C,lang_c,92812.0,1,0,0.4586193877564634,False
5900,C,lang_c,2000.0,0,0,0.024656459311178026,True
5851,C,lang_c,120471.0,1,0,0.3491608271417682,False
199,C,lang_c,8357.0,0,0,0.04329732789029138,True
38181,C,lang_c,190000.0,1,1,0.8233574176859807,True
14774,C,lang_c,3675.0,0,0,0.026974352971279328,True
29389,C,lang_c,90353.0,1,0,0.2552973199781225,False
40821,C,lang_c,2808.0,0,0,0.0038156005383821897,True
47285,C,lang_c,116015.0,1,1,0.5621669443329995,True
21605,C,lang_c,34804.0,0,0,0.033499030742534325,True
9646,C,lang_c,46406.0,0,0,0.28090892957657126,True
25339,C,lang_c,116015.0,1,0,0.33396800471036786,False
22310,C,lang_c,180000.0,1,1,0.901466835570393,True
39120,C,lang_c,240000.0,1,1,0.9148822590342076,True
19869,C,lang_c,47508.0,0,0,0.09934035797698736,True
25154,C,lang_c,116640.0,1,1,0.6206582497460758,True
22933,C,lang_c,174682.0,1,1,0.812881508511508,True
46043,C,lang_c,31982.0,0,0,0.0784451212740483,True
5842,C,lang_c,225000.0,1,1,0.9739087672316239,True
8941,C,lang_c,49122.0,0,0,0.3259610842138864,True
671,C,lang_c,66824.0,0,0,0.19860445628132528,True
16165,C,lang_c,8718.0,0,0,0.034822612956992495,True
15697,C,lang_c,64040.0,0,1,0.7728828331674991,False
5036,C,lang_c,102972.0,1,0,0.23104737802854292,False
19707,C,lang_c,13922.0,0,0,0.007772279710863879,True
4424,C,lang_c,697.0,0,0,0.000499379528757702,True
1390,C,lang_c,30164.0,0,0,0.06270273105680034,True
41472,C,lang_c,29847.0,0,0,0.04901571659672634,True
14031,C,lang_c,300000.0,1,1,0.98386111516007,True
14040,C,lang_c,207000.0,1,1,0.9467223902956113,True
41523,C,lang_c,13949.0,0,0,6.142978537715449e-05,True
32483,C,lang_c,82623.0,1,0,0.3576928061723248,False
5863,C,lang_c,12786.0,0,0,0.029114884835862505,True
30373,C,lang_c,300000.0,1,1,0.8745032151005075,True
5882,C,lang_c,50000.0,0,1,0.6994999283718665,False
1516,C,lang_c,16706.0,0,0,0.013023245781587024,True
10507,C,lang_c,52411.0,0,0,0.1027675134787217,True
38551,C,lang_c,195000.0,1,1,0.9430551695893428,True
35511,C,lang_c,110214.0,1,1,0.7628343435815897,True
36157,C,lang_c,52207.0,0,0,0.3006425741920653,True
14681,C,lang_c,95299.0,1,1,0.6592501841012143,True
6852,C,lang_c,139218.0,1,1,0.8431023412616225,True
36412,C,lang_c,60000.0,0,0,0.03971001782229904,True
6713,C,lang_c,87341.0,1,0,0.39359413538256904,False
29990,C,lang_c,97452.0,1,0,0.3831982641792886,False
30776,C,lang_c,12000.0,0,0,0.01822980436362185,True
5974,C,lang_c,200000.0,1,1,0.9835622498492002,True
37516,C,lang_c,145000.0,1,1,0.994673758188163,True
34048,C,lang_c,170000.0,1,1,0.9741057676328454,True
4366,C,lang_c,78890.0,1,0,0.16777358858171948,False
44690,C,lang_c,2906.0,0,0,0.0983423662052487,True
40734,C,lang_c,265000.0,1,1,0.9433510888384853,True
32276,C,lang_c,93972.0,1,0,0.3704744952588076,False
35974,C,lang_c,16274.0,0,0,0.027221735867437025,True
15812,C,lang_c,75000.0,0,1,0.6103260728299993,False
15788,C,lang_c,500.0,0,0,0.006797530740975075,True
13040,C,lang_c,75410.0,0,0,0.344544179177568,True
27105,C,lang_c,17759.0,0,0,0.03443507346986625,True
4197,C,lang_c,95299.0,1,1,0.8645627500858528,True
3888,C,lang_c,14187.0,0,0,0.030300066176588165,True
1967,C,lang_c,31324.0,0,0,0.048025015663049765,True
13333,C,lang_c,34872.0,0,0,0.05046190244176896,True
27172,C,lang_c,76570.0,1,0,0.3586632341546336,False
6560,C,lang_c,163370.0,1,0,0.2804260899716754,False
15287,C,lang_c,11601.0,0,0,0.0009212495193467739,True
35820,C,lang_c,27844.0,0,0,0.3771882458046893,True
31221,C,lang_c,23203.0,0,0,0.009927484407642032,True
9804,C,lang_c,133417.0,1,1,0.6601305404826854,True
1473,C,lang_c,87058.0,1,0,0.29168989580006494,False
4864,C,lang_c,92812.0,1,1,0.7745941678925378,True
16671,C,lang_c,13922.0,0,0,0.1927254973877208,True
11342,C,lang_c,140000.0,1,1,0.9381501047043518,True
45288,C,lang_c,195000.0,1,1,0.9869187129789796,True
6278,C,lang_c,130000.0,1,1,0.9929606599769955,True
21725,C,lang_c,98612.0,1,1,0.9190144060855947,True
3635,C,lang_c,83571.0,1,0,0.13257612420007708,False
48931,C,lang_c,165000.0,1,1,0.8960745574690321,True
38844,C,lang_c,104413.0,1,1,0.9331301207282048,True
16372,C,lang_c,85851.0,1,0,0.168276901870555,False
38379,C,lang_c,6381.0,0,0,0.005592792698831311,True
28150,C,lang_c,69609.0,0,0,0.49044905196690114,True
40118,C,lang_c,78000.0,1,1,0.9684357399506666,True
25061,C,lang_c,58302.0,0,0,0.31707730980144994,True
40052,C,lang_c,87011.0,1,1,0.7632356865876887,True
22585,C,lang_c,348.0,0,0,0.010214648576424108,True
2377,C,lang_c,142592.0,1,1,0.9637038175984368,True
3880,C,lang_c,6000.0,0,0,0.15828551444257588,True
28252,C,lang_c,42356.0,0,0,0.35166310378551546,True
12280,C,lang_c,93000.0,1,1,0.9093233078469428,True
11804,C,lang_c,92812.0,1,0,0.31601252400455143,False
43575,C,lang_c,125000.0,1,1,0.772066419490256,True
36122,C,lang_c,71929.0,0,1,0.5418390241381289,False
36330,C,lang_c,220000.0,1,1,0.9836345965077951,True
5616,C,lang_c,62180.0,0,0,0.35309866639726456,True
11922,C,lang_c,134577.0,1,1,0.8231688422258637,True
47399,C,lang_c,30164.0,0,0,0.019930801688941683,True
34929,C,lang_c,121815.0,1,1,0.7407287309901376,True
30531,C,lang_c,72000.0,0,1,0.7710441190521717,False
4982,C,lang_c,27000.0,0,0,0.1810658978044132,True
12427,C,lang_c,116015.0,1,1,0.8319856005322576,True
40293,C,lang_c,5000.0,0,0,0.013620373490025584,True
19181,C,lang_c,315000.0,1,1,0.7819949639266149,True
4534,C,lang_c,168221.0,1,1,0.7439878085927965,True
15556,C,lang_c,2013.0,0,0,0.1422160092917296,True
37683,C,lang_c,140000.0,1,1,0.9711814811799562,True
34806,C,lang_c,81685.0,1,1,0.7886840074532754,True
34795,C,lang_c,54457.0,0,1,0.5365821646404393,False
45603,C,lang_c,190000.0,1,1,0.9041179252932808,True
7427,C,lang_c,1515.0,0,0,0.1187254833949228,True
6336,C,lang_c,61996.0,0,0,0.2740208245873278,True
44843,C,lang_c,73553.0,0,0,0.1492707343022477,True
6749,C,lang_c,78000.0,1,1,0.7049830556673884,True
16170,C,lang_c,70000.0,0,1,0.946752390893253,False
1645,C,lang_c,8271.0,0,0,0.05944269054403718,True
33918,C,lang_c,170000.0,1,1,0.959480947939236,True
43685,C,lang_c,4650.0,0,0,0.007097326352480373,True
35427,C,lang_c,92812.0,1,1,0.5362332524978478,True
6175,C,lang_c,3863.0,0,0,0.036316520266226046,True
24689,C,lang_c,20000.0,0,0,0.050375875755753245,True
6470,C,lang_c,87550.0,1,1,0.5783255107584744,True
2341,C,lang_c,97452.0,1,1,0.8988149394008919,True
43428,C,lang_c,40684.0,0,0,0.08090124582867225,True
15428,C,lang_c,96000.0,1,1,0.9647760070732989,True
46888,C,lang_c,62648.0,0,0,0.3488961814634786,True
41375,C,lang_c,60000.0,0,1,0.625838479283476,False
28098,C,lang_c,31324.0,0,0,0.07642809831294338,True
35494,C,lang_c,116015.0,1,1,0.5046312309988759,True
4596,C,lang_c,61187.0,0,0,0.004448511481091382,True
3100,C,lang_c,30000.0,0,0,0.0039993283682115705,True
28782,C,lang_c,2876.0,0,0,0.0004041789112579341,True
49090,C,lang_c,4650.0,0,0,0.0010831147326197262,True
6558,C,lang_c,325000.0,1,1,0.9728340893909198,True
15169,C,lang_c,28772.0,0,0,0.17395081594715597,True
2891,C,lang_c,40000.0,0,1,0.7492874349692177,False
13335,C,lang_c,150095.0,1,1,0.696079363631963,True
25766,C,lang_c,58000.0,0,0,0.03648358927279657,True
4023,C,lang_c,364859.0,1,1,0.8917576379887479,True
27969,C,lang_c,3787.0,0,0,0.22914032452252867,True
37045,C,lang_c,109861.0,1,1,0.5980233726399627,True
4282,C,lang_c,11043.0,0,0,0.018344998967578918,True
17529,C,lang_c,1123.0,0,0,0.003290408329553862,True
3161,C,lang_c,232000.0,1,1,0.9375803527257774,True
16750,C,lang_c,27109.0,0,0,0.0026917097499989866,True
21577,C,lang_c,5580.0,0,0,0.00021641635965667592,True
33811,C,lang_c,11601.0,0,0,0.005404659685669567,True
40337,C,lang_c,18562.0,0,0,0.059494612376167745,True
40874,C,lang_c,100745.0,1,1,0.530340698105862,True
41550,C,lang_c,558.0,0,0,0.01935492610257865,True
12442,C++,lang_cpp,2000.0,0,1,0.8689606695208791,False
19436,C++,lang_cpp,83571.0,1,0,0.04546485480340267,False
6538,C++,lang_cpp,16364.0,0,0,0.03924665765380134,True
36755,C++,lang_cpp,44096.0,0,0,0.09912875308089202,True
11663,C++,lang_cpp,83600.0,1,1,0.9116999491511458,True
1308,C++,lang_cpp,8100.0,0,0,0.012297898645310378,True
3049,C++,lang_cpp,69609.0,0,0,0.2303702329836045,True
10415,C++,lang_cpp,92812.0,1,0,0.2709287386377097,False
15762,C++,lang_cpp,120000.0,1,1,0.9766520140890527,True
6597,C++,lang_cpp,217729.0,1,1,0.986026734052115,True
18656,C++,lang_cpp,52207.0,0,0,0.07695000010725021,True
16956,C++,lang_cpp,148791.0,1,1,0.955978366290725,True
36766,C++,lang_cpp,145500.0,1,1,0.9864251274011018,True
47372,C++,lang_cpp,63808.0,0,0,0.0703301923234885,True
26780,C++,lang_cpp,108913.0,1,1,0.5322805968892628,True
37293,C++,lang_cpp,15082.0,0,0,0.06513278349178846,True
20524,C++,lang_cpp,55687.0,0,1,0.5027574897512469,False
43835,C++,lang_cpp,18598.0,0,0,0.029348529501213083,True
35949,C++,lang_cpp,87011.0,1,0,0.1730348464800646,False
20390,C++,lang_cpp,46496.0,0,0,0.02639378726466883,True
28564,C++,lang_cpp,100933.0,1,0,0.3374344693441028,False
11253,C++,lang_cpp,78930.0,1,0,0.20404005273674955,False
15382,C++,lang_cpp,140000.0,1,1,0.9809070651141658,True
30442,C++,lang_cpp,54527.0,0,0,0.07666836002257867,True
14600,C++,lang_cpp,220428.0,1,1,0.7430942761015044,True
3798,C++,lang_cpp,152511.0,1,1,0.945422268216303,True
30738,C++,lang_cpp,58500.0,0,0,0.17199830108632527,True
41416,C++,lang_cpp,200000.0,1,1,0.9547859153064746,True
31534,C++,lang_cpp,185623.0,1,1,0.9228875243161627,True
14252,C++,lang_cpp,187000.0,1,1,0.6662463550863852,True
4258,C++,lang_cpp,66128.0,0,0,0.1717484844997552,True
12123,C++,lang_cpp,150000.0,1,1,0.7870002592591803,True
10180,C++,lang_cpp,136141.0,1,1,0.738672664453657,True
33462,C++,lang_cpp,81210.0,1,1,0.7518407539367263,True
38332,C++,lang_cpp,17000.0,0,0,0.04858824033852678,True
65,C++,lang_cpp,14850.0,0,0,0.00202260375344939,True
5473,C++,lang_cpp,120000.0,1,1,0.9024025530408106,True
2884,C++,lang_cpp,36407.0,0,0,0.11731130589564207,True
30439,C++,lang_cpp,60328.0,0,0,0.4134322210409075,True
12826,C++,lang_cpp,116015.0,1,0,0.08517912794003275,False
9964,C++,lang_cpp,69609.0,0,1,0.8984356769185716,False
12193,C++,lang_cpp,140000.0,1,0,0.3200634412729249,False
21152,C++,lang_cpp,80254.0,1,0,0.46959904387603063,False
27835,C++,lang_cpp,115720.0,1,1,0.5804176958424804,True
41474,C++,lang_cpp,4185.0,0,0,0.0013643960295331423,True
16151,C++,lang_cpp,69609.0,0,0,0.2937118002803575,True
30871,C++,lang_cpp,103769.0,1,1,0.8405227058692147,True
18481,C++,lang_cpp,75410.0,0,0,0.1994866679142326,True
13179,C++,lang_cpp,20883.0,0,1,0.6601982941529049,False
10198,C++,lang_cpp,57320.0,0,0,0.33861880587788734,True
10633,C++,lang_cpp,45246.0,0,0,0.039147877802918854,True
33605,C++,lang_cpp,36000.0,0,1,0.9573021589898254,False
9723,C++,lang_cpp,69609.0,0,0,0.22558655362452218,True
14856,C++,lang_cpp,47566.0,0,0,0.1438671653135279,True
2821,C++,lang_cpp,50000.0,0,0,0.023326132404089955,True
29380,C++,lang_cpp,1693.0,0,0,0.0873878906675543,True
24434,C++,lang_cpp,76520.0,1,0,0.49684915292224263,False
46615,C++,lang_cpp,171073.0,1,1,0.9055710706547062,True
1756,C++,lang_cpp,347180.0,1,1,0.9923911339197355,True
31899,C++,lang_cpp,200000.0,1,1,0.9698315142664946,True
4816,C++,lang_cpp,21844.0,0,0,0.04064848484482245,True
27946,C++,lang_cpp,30000.0,0,1,0.938954554896108,False
36695,C++,lang_cpp,186625.0,1,1,0.9733889281114035,True
9663,C++,lang_cpp,99915.0,1,0,0.055825342355628735,False
27568,C++,lang_cpp,187875.0,1,1,0.8274747377078012,True
2062,C++,lang_cpp,57179.0,0,1,0.5708002835839794,False
1783,C++,lang_cpp,139218.0,1,1,0.9301253979480392,True
6839,C++,lang_cpp,77832.0,1,0,0.05545766269417613,False
34590,C++,lang_cpp,46406.0,0,0,0.07708970448507357,True
36914,C++,lang_cpp,36545.0,0,0,0.11782033732206229,True
4662,C++,lang_cpp,225.0,0,1,0.9970499379517151,False
16227,C++,lang_cpp,46406.0,0,0,0.04463488689868569,True
985,C++,lang_cpp,280000.0,1,1,0.9755662149488541,True
37291,C++,lang_cpp,69609.0,0,0,0.2387411067479707,True
28151,C++,lang_cpp,59734.0,0,0,0.3347765842363905,True
22573,C++,lang_cpp,330871.0,1,0,0.1268053823225574,False
45055,C++,lang_cpp,38206.0,0,0,0.36006541170652595,True
37925,C++,lang_cpp,11624.0,0,0,0.009331458785663507,True
10791,C++,lang_cpp,41765.0,0,0,0.33001296209788084,True
7256,C++,lang_cpp,32531.0,0,0,0.05169960416997473,True
31578,C++,lang_cpp,87550.0,1,0,0.3452857785800858,False
15814,C++,lang_cpp,100000.0,1,1,0.9458942170247832,True
11324,C++,lang_cpp,34804.0,0,0,0.14219303958859061,True
1478,C++,lang_cpp,15082.0,0,0,0.02679444248331104,True
22697,C++,lang_cpp,190000.0,1,1,0.9749783129170475,True
24567,C++,lang_cpp,65000.0,0,0,0.3844582209695868,True
14009,C++,lang_cpp,130000.0,1,1,0.8586367732555622,True
25467,C++,lang_cpp,38285.0,0,0,0.05859558959176173,True
28413,C++,lang_cpp,116015.0,1,1,0.9275724604127487,True
18612,C++,lang_cpp,150095.0,1,1,0.5962296435064023,True
37303,C++,lang_cpp,30628.0,0,0,0.04344990084020443,True
41158,C++,lang_cpp,80254.0,1,1,0.7207247240890735,True
4832,C++,lang_cpp,123993.0,1,1,0.968286833826225,True
17431,C++,lang_cpp,175000.0,1,1,0.9824606468174277,True
17202,C++,lang_cpp,63808.0,0,0,0.34408031562148583,True
9495,C++,lang_cpp,40605.0,0,0,0.09245919677581554,True
29191,C++,lang_cpp,50000.0,0,0,0.11415674914577568,True
10806,C++,lang_cpp,109438.0,1,1,0.8977620662505017,True
28755,C++,lang_cpp,130000.0,1,1,0.8876617348399605,True
11530,C++,lang_cpp,100000.0,1,1,0.9665816037938939,True
38651,C++,lang_cpp,182843.0,1,1,0.5773288224043901,True
14453,C++,lang_cpp,36688.0,0,0,0.22503262326622014,True
35078,C++,lang_cpp,54295.0,0,0,0.20038013814695316,True
14153,C++,lang_cpp,71250.0,0,1,0.6859945880742725,False
40691,C++,lang_cpp,108000.0,1,1,0.9243562165759797,True
788,C++,lang_cpp,35000.0,0,0,0.22406168544075733,True
17447,C++,lang_cpp,100000.0,1,0,0.028978261967591554,False
23852,C++,lang_cpp,120000.0,1,1,0.9809267682563453,True
6931,C++,lang_cpp,72509.0,0,0,0.35224367504203763,True
17267,C++,lang_cpp,148.0,0,1,0.9853387435784687,False
39976,C++,lang_cpp,100000.0,1,1,0.9922781834421049,True
9427,C++,lang_cpp,105000.0,1,1,0.8603351078847746,True
26103,C++,lang_cpp,10462.0,0,0,0.025340168011282218,True
2153,C++,lang_cpp,83902.0,1,0,0.20453844734215487,False
18145,C++,lang_cpp,106733.0,1,1,0.6103227521355948,True
33856,C++,lang_cpp,104.0,0,0,0.004535450599336871,True
44728,C++,lang_cpp,161191.0,1,1,0.9855376237362303,True
12819,C++,lang_cpp,187000.0,1,1,0.6516378839002555,True
18758,C++,lang_cpp,197225.0,1,0,0.11077793821290943,False
20449,C++,lang_cpp,101088.0,1,1,0.9215439005256988,True
36919,C++,lang_cpp,66128.0,0,0,0.27377941765107155,True
39638,C++,lang_cpp,88751.0,1,1,0.637648567323452,True
4627,C++,lang_cpp,71349.0,0,0,0.1524096063259516,True
11375,C++,lang_cpp,45000.0,0,0,0.13611187835077992,True
19072,C++,lang_cpp,330000.0,1,1,0.8813750519812941,True
3947,C++,lang_cpp,32764.0,0,0,0.014916064083658974,True
43726,C++,lang_cpp,21649.0,0,0,0.054725568735942254,True
21096,C++,lang_cpp,210000.0,1,1,0.9979915945649732,True
46128,C++,lang_cpp,35104.0,0,0,0.22550610522750214,True
25367,C++,lang_cpp,9830.0,0,0,0.12924896520754653,True
1391,C++,lang_cpp,93800.0,1,1,0.8330802924751946,True
18732,C++,lang_cpp,258669.0,1,1,0.8593103741374922,True
29483,C++,lang_cpp,139218.0,1,1,0.793385957668568,True
26660,C++,lang_cpp,22275.0,0,0,0.06410843952307008,True
43842,C++,lang_cpp,162375.0,1,1,0.7901418203825852,True
47905,C++,lang_cpp,3487.0,0,0,0.013558380642732371,True
30718,C++,lang_cpp,72958.0,0,0,0.18529478754830964,True
44746,C++,lang_cpp,306.0,0,0,0.010918971323688713,True
11030,C++,lang_cpp,38120.0,0,0,0.2622517754850611,True
25947,C++,lang_cpp,83000.0,1,1,0.8175923763204072,True
15324,C++,lang_cpp,131325.0,1,1,0.868705162449585,True
40684,C++,lang_cpp,73375.0,0,0,0.4306313701385954,True
40149,C++,lang_cpp,131325.0,1,1,0.9608744412761349,True
4334,C++,lang_cpp,81685.0,1,0,0.42410886791573066,False
1997,C++,lang_cpp,113815.0,1,1,0.8037583319690497,True
2070,C++,lang_cpp,130000.0,1,1,0.7830857191186243,True
12209,C++,lang_cpp,113000.0,1,1,0.8125797026756763,True
8951,C++,lang_cpp,25523.0,0,0,0.2369333173114991,True
13547,C++,lang_cpp,109684.0,1,1,0.8572318553150384,True
12403,C++,lang_cpp,56167.0,0,0,0.09017530157923766,True
18604,C++,lang_cpp,324841.0,1,1,0.5675707282262689,True
46656,C++,lang_cpp,54580.0,0,0,0.40319109223655847,True
30549,C++,lang_cpp,112663.0,1,1,0.9610964021818973,True
16928,C++,lang_cpp,6765.0,0,0,0.11136893036594794,True
15081,C++,lang_cpp,70000.0,0,1,0.9737786427572641,False
34342,C++,lang_cpp,84691.0,1,0,0.10151636454622329,False
25969,C++,lang_cpp,139218.0,1,1,0.9083235520465668,True
38482,C++,lang_cpp,57427.0,0,0,0.11724945577209427,True
12716,C++,lang_cpp,74878.0,0,0,0.18618239118239555,True
12651,C++,lang_cpp,44550.0,0,0,0.24055279973200483,True
18882,C++,lang_cpp,350000.0,1,1,0.9747680048700029,True
36386,C++,lang_cpp,111374.0,1,1,0.5432262830036015,True
15279,C++,lang_cpp,154000.0,1,1,0.9806023855938114,True
32873,C++,lang_cpp,295000.0,1,1,0.9585166053986662,True
46934,C++,lang_cpp,7776.0,0,1,0.8969238924733911,False
6788,C++,lang_cpp,10000.0,0,0,0.02251551469502968,True
10689,C++,lang_cpp,107000.0,1,1,0.9051539385677289,True
39066,C++,lang_cpp,185623.0,1,1,0.6240101527338886,True
46811,C++,lang_cpp,29254.0,0,0,0.24051972289321236,True
45357,C++,lang_cpp,285000.0,1,1,0.9896776756247997,True
6364,C++,lang_cpp,170000.0,1,1,0.9548128210241568,True
5715,C++,lang_cpp,140000.0,1,1,0.90915853451076,True
4989,C++,lang_cpp,133417.0,1,1,0.9685171712117037,True
2060,C++,lang_cpp,170000.0,1,1,0.8842496352103449,True
32145,C++,lang_cpp,120000.0,1,1,0.8913151888331702,True
45927,C++,lang_cpp,70440.0,0,1,0.7169211391713416,False
4508,C++,lang_cpp,3510.0,0,0,0.13017998694277108,True
36165,C++,lang_cpp,27844.0,0,0,0.17390082868352166,True
6876,C++,lang_cpp,6974.0,0,0,0.009689407468470416,True
30466,C++,lang_cpp,83857.0,1,1,0.5738218807629865,True
545,C++,lang_cpp,90000.0,1,1,0.8429316465572787,True
12799,C++,lang_cpp,23203.0,0,0,0.017853564474484464,True
668,C++,lang_cpp,56499.0,0,0,0.47279719473294163,True
15390,C++,lang_cpp,135000.0,1,1,0.9439585811422758,True
45793,C++,lang_cpp,190598.0,1,1,0.9441220754833418,True
16182,C++,lang_cpp,11601.0,0,1,0.7090195922379049,False
37324,C++,lang_cpp,5812.0,0,0,0.0211172858971074,True
17830,C++,lang_cpp,89867.0,1,0,0.2611215378978215,False
38037,C++,lang_cpp,117661.0,1,0,0.06535202222950989,False
914,C++,lang_cpp,48000.0,0,1,0.7074938636323478,False
6991,C++,lang_cpp,47566.0,0,0,0.48117369035203295,True
17043,C++,lang_cpp,23403.0,0,0,0.009588113981395988,True
13962,C++,lang_cpp,3817.0,0,0,0.005348970107563495,True
15419,C++,lang_cpp,46406.0,0,0,0.2549972267192921,True
14172,C++,lang_cpp,72800.0,0,1,0.7563554877036953,False
37712,C++,lang_cpp,162523.0,1,1,0.9690648579589043,True
48377,C++,lang_cpp,75000.0,0,1,0.6962349508736421,False
1549,C++,lang_cpp,73000.0,0,0,0.17696001690157395,True
8928,C++,lang_cpp,6000.0,0,0,0.09039144272630951,True
33945,C++,lang_cpp,116015.0,1,1,0.6598211893171936,True
6583,C++,lang_cpp,39445.0,0,0,0.1797982614478685,True
26143,C++,lang_cpp,102.0,0,0,0.37034837973549445,True
1554,C++,lang_cpp,89000.0,1,0,0.36915764417454044,False
4086,C++,lang_cpp,97452.0,1,1,0.8533691259296405,True
3074,C++,lang_cpp,171927.0,1,1,0.5646327382586287,True
36992,C++,lang_cpp,45879.0,0,1,0.6146150317995083,False
25789,C++,lang_cpp,104225.0,1,1,0.8262423735725419,True
24122,C++,lang_cpp,58007.0,0,0,0.09792579160350408,True
6137,C++,lang_cpp,34544.0,0,0,0.038985826545717674,True
37567,C++,lang_cpp,200000.0,1,1,0.9542959320244299,True
37110,C++,lang_cpp,111374.0,1,1,0.5709298136537765,True
23626,C++,lang_cpp,44052.0,0,0,0.12218228402463467,True
17326,C++,lang_cpp,73000.0,0,1,0.7354235848489242,False
13930,C++,lang_cpp,19649.0,0,0,0.19256379553183345,True
35948,C++,lang_cpp,49886.0,0,0,0.03777733497129682,True
13526,C++,lang_cpp,46406.0,0,1,0.7222648841499185,False
1140,C++,lang_cpp,62893.0,0,0,0.4664456623972919,True
24341,C++,lang_cpp,41340.0,0,0,0.07583679269837838,True
26653,C++,lang_cpp,18557.0,0,0,0.11699908325047657,True
24261,C++,lang_cpp,75410.0,0,0,0.10857973059309835,True
6523,C++,lang_cpp,111975.0,1,1,0.7339245752497308,True
29623,C++,lang_cpp,64736.0,0,1,0.5585186260354628,False
25872,C++,lang_cpp,5580.0,0,0,0.001682865724750001,True
36763,C++,lang_cpp,16507.0,0,0,0.024719786922385592,True
37498,C++,lang_cpp,129250.0,1,1,0.7384293556390571,True
19417,C++,lang_cpp,260000.0,1,1,0.995842057430823,True
14187,C++,lang_cpp,74761.0,0,1,0.6970614975963989,False
28864,C++,lang_cpp,4612.0,0,0,0.18192883808234314,True
10199,C++,lang_cpp,48726.0,0,0,0.37821051530578126,True
40514,C++,lang_cpp,116015.0,1,0,0.3122978326457296,False
46022,C++,lang_cpp,33886.0,0,0,0.006300797567535785,True
1534,C++,lang_cpp,110000.0,1,1,0.9283592123065005,True
27611,C++,lang_cpp,1790.0,0,0,0.0016299224621957379,True
31964,C++,lang_cpp,26000.0,0,0,0.048958489658525395,True
29527,C++,lang_cpp,23203.0,0,0,0.11716648442436932,True
2431,C++,lang_cpp,34804.0,0,0,0.172654817134683,True
11545,C++,lang_cpp,129334.0,1,1,0.7066131692931161,True
20480,C++,lang_cpp,138358.0,1,1,0.9572751033122993,True
39371,C++,lang_cpp,40605.0,0,0,0.16280972264862692,True
9349,C++,lang_cpp,50000.0,0,0,0.20472573212029357,True
3472,C++,lang_cpp,330000.0,1,1,0.9785413230496358,True
1247,C++,lang_cpp,29060.0,0,0,0.06499373339304616,True
24076,C++,lang_cpp,220000.0,1,1,0.9742303200085464,True
43609,C++,lang_cpp,52207.0,0,0,0.07380938217486947,True
39265,C++,lang_cpp,103633.0,1,0,0.20269330421773207,False
6896,C++,lang_cpp,7000.0,0,0,0.026844249148590776,True
12615,C++,lang_cpp,81685.0,1,1,0.7933667435290025,True
41304,C++,lang_cpp,220000.0,1,1,0.9665218769120011,True
28695,C++,lang_cpp,1000.0,0,0,0.00038826232964697156,True
14884,C++,lang_cpp,36753.0,0,0,0.10844070793528088,True
4065,C++,lang_cpp,272283.0,1,1,0.9516597605089094,True
8251,C++,lang_cpp,60000.0,0,1,0.9100384814097745,False
36282,C++,lang_cpp,29060.0,0,0,0.037917534314659634,True
15817,C++,lang_cpp,42256.0,0,0,0.252899375176625,True
2698,C++,lang_cpp,172199.0,1,1,0.8520543346831781,True
39218,C++,lang_cpp,55671.0,0,0,0.22967560189009914,True
45262,C++,lang_cpp,126456.0,1,1,0.5863602815865097,True
28986,C++,lang_cpp,280000.0,1,1,0.9883885202038396,True
2177,C++,lang_cpp,116015.0,1,1,0.6598419354662571,True
48336,C++,lang_cpp,55714.0,0,0,0.1946749513975915,True
1562,C++,lang_cpp,50759.0,0,0,0.3740190606637928,True
12340,C++,lang_cpp,7643.0,0,0,0.06578179033474414,True
25012,C++,lang_cpp,102106.0,1,1,0.5538769848197805,True
37417,C++,lang_cpp,73375.0,0,1,0.7696545328939026,False
40048,C++,lang_cpp,69609.0,0,0,0.43111414776092455,True
42242,C++,lang_cpp,1162.0,0,0,0.0002651242486671096,True
23675,C++,lang_cpp,136141.0,1,1,0.5948068705068542,True
22923,C++,lang_cpp,60847.0,0,0,0.2232761249966343,True
28116,C++,lang_cpp,90529.0,1,1,0.5615931773407711,True
24250,C++,lang_cpp,32484.0,0,0,0.10889757197926637,True
26473,C++,lang_cpp,100000.0,1,1,0.9869566004341435,True
11500,C++,lang_cpp,250000.0,1,1,0.9741533776864251,True
409,C++,lang_cpp,205000.0,1,1,0.9901091797772663,True
45767,C++,lang_cpp,75000.0,0,0,0.2960984657207101,True
2568,C++,lang_cpp,92000.0,1,1,0.7495700494866187,True
44335,C++,lang_cpp,74878.0,0,1,0.6495312367740131,False
41286,C++,lang_cpp,135000.0,1,1,0.969398324345658,True
35804,C++,lang_cpp,60000.0,0,0,0.008032409986071498,True
12226,C++,lang_cpp,103282.0,1,1,0.74532928318049,True
19598,C++,lang_cpp,100000.0,1,1,0.783561804763336,True
18103,C++,lang_cpp,100000.0,1,1,0.50777628754651,True
31048,C++,lang_cpp,28083.0,0,0,0.15377929097727155,True
30635,C++,lang_cpp,104015.0,1,1,0.9574868764445823,True
612,C++,lang_cpp,61488.0,0,0,0.15185013489485114,True
45536,C++,lang_cpp,200000.0,1,1,0.9730580170231787,True
12868,C++,lang_cpp,20883.0,0,0,0.08325005687768638,True
46317,C++,lang_cpp,324841.0,1,1,0.9276053297932544,True
10873,C++,lang_cpp,35500.0,0,0,0.1297338321731158,True
20777,C++,lang_cpp,46406.0,0,0,0.13234277726837002,True
21078,C++,lang_cpp,32831.0,0,1,0.7149268878655465,False
11159,C++,lang_cpp,19103.0,0,0,0.009842118059278706,True
3282,C++,lang_cpp,127677.0,1,1,0.7084909204713726,True
18825,C++,lang_cpp,218875.0,1,1,0.6267785385696446,True
498,C++,lang_cpp,69609.0,0,1,0.8993696533663185,False
28459,C++,lang_cpp,4650.0,0,0,0.018373689979477997,True
30289,C++,lang_cpp,150000.0,1,1,0.9803384639908368,True
1103,C++,lang_cpp,52207.0,0,0,0.24064278420167892,True
5576,C++,lang_cpp,4873.0,0,0,0.006315915515920146,True
37529,C++,lang_cpp,546.0,0,0,0.00792550480719309,True
1656,C++,lang_cpp,40605.0,0,0,0.16006757670319122,True
1032,C++,lang_cpp,14502.0,0,0,0.014442295519394664,True
27138,C++,lang_cpp,162421.0,1,1,0.7912631695509857,True
3116,C++,lang_cpp,135000.0,1,1,0.6381958791834799,True
25554,C++,lang_cpp,87550.0,1,0,0.4009668243600212,False
24571,C++,lang_cpp,4214.0,0,0,0.02887673535107012,True
4885,C++,lang_cpp,14762.0,0,0,0.057247576708434646,True
40828,C++,lang_cpp,120000.0,1,1,0.830572638786328,True
20658,C++,lang_cpp,69609.0,0,0,0.29053669037926005,True
32561,C++,lang_cpp,200000.0,1,1,0.9943021838018966,True
15398,C++,lang_cpp,124416.0,1,1,0.964699291479125,True
19530,C++,lang_cpp,211019.0,1,1,0.9525137689783066,True
14847,C++,lang_cpp,16706.0,0,0,0.016529618796748503,True
28167,C++,lang_cpp,127616.0,1,1,0.904717341394692,True
15622,C++,lang_cpp,28759.0,0,0,0.033129652371834385,True
7024,C++,lang_cpp,6177.0,0,0,0.029961085502674626,True
28196,C++,lang_cpp,75410.0,0,1,0.579564629276977,False
30835,C++,lang_cpp,116733.0,1,1,0.908232974813894,True
32645,C++,lang_cpp,290000.0,1,1,0.9535099120472512,True
36961,C++,lang_cpp,59307.0,0,0,0.16864101473177157,True
1951,C++,lang_cpp,99773.0,1,1,0.7064030500667999,True
14256,C++,lang_cpp,67122.0,0,1,0.604877840011755,False
43310,C++,lang_cpp,81210.0,1,1,0.6737631742215741,True
27151,C++,lang_cpp,147000.0,1,1,0.9873934472619295,True
8998,C++,lang_cpp,17982.0,0,0,0.08360037337452811,True
35295,C++,lang_cpp,7550.0,0,0,0.014713271703222178,True
38557,C++,lang_cpp,56604.0,0,1,0.7414654297612615,False
28045,C++,lang_cpp,17436.0,0,0,0.05474766375750316,True
3986,C++,lang_cpp,41640.0,0,0,0.13848944965550486,True
34643,C++,lang_cpp,92812.0,1,1,0.7157780644248165,True
32330,C++,lang_cpp,1007.0,0,0,0.12310119221126485,True
12337,C++,lang_cpp,22056.0,0,1,0.7158492230919691,False
3887,C++,lang_cpp,70440.0,0,0,0.38198822498081586,True
44558,C++,lang_cpp,90491.0,1,0,0.34782432861453083,False
21284,C++,lang_cpp,47500.0,0,1,0.5268078082546046,False
45583,C++,lang_cpp,13922.0,0,0,0.3525214045833043,True
38659,C++,lang_cpp,171000.0,1,1,0.9454055953282283,True
11890,C++,lang_cpp,66709.0,0,1,0.5429193325423207,False
17715,C++,lang_cpp,68581.0,0,1,0.604123586696726,False
11372,C++,lang_cpp,200000.0,1,1,0.9642574203742558,True
10995,C++,lang_cpp,25000.0,0,0,0.15465559610720778,True
24920,C++,lang_cpp,17402.0,0,0,0.0046233011179911115,True
11102,C++,lang_cpp,52050.0,0,1,0.585988289346628,False
2736,C++,lang_cpp,128000.0,1,1,0.928888033914982,True
14073,C++,lang_cpp,46020.0,0,0,0.4862652608782451,True
41953,C++,lang_cpp,98612.0,1,1,0.6599727748671331,True
31012,C++,lang_cpp,266834.0,1,1,0.93540951578556,True
28084,C++,lang_cpp,46429.0,0,0,0.053668452873966384,True
10686,C++,lang_cpp,26000.0,0,0,0.10105294529954187,True
735,C++,lang_cpp,175000.0,1,1,0.9803299890250503,True
1380,C++,lang_cpp,89331.0,1,1,0.6611250907045569,True
11225,C++,lang_cpp,25071.0,0,0,0.13321578327799227,True
2904,C++,lang_cpp,91215.0,1,1,0.7479307347480987,True
950,C++,lang_cpp,47650.0,0,0,0.46216211600725576,True
22223,C++,lang_cpp,45480.0,0,1,0.6880790757228644,False
16576,C++,lang_cpp,58007.0,0,0,0.43580384806301714,True
21067,C++,lang_cpp,157000.0,1,1,0.8481136110950925,True
39849,C++,lang_cpp,26735.0,0,0,0.03338192948779012,True
18264,C++,lang_cpp,165000.0,1,1,0.957503995226599,True
17605,C++,lang_cpp,80000.0,1,1,0.8755963755539767,True
2187,C++,lang_cpp,235000.0,1,1,0.8839858940918681,True
15323,C++,lang_cpp,139218.0,1,1,0.8384138305608936,True
2989,C++,lang_cpp,72870.0,0,0,0.05992933442500078,True
45014,C++,lang_cpp,250000.0,1,1,0.9939356781375266,True
29585,C++,lang_cpp,72393.0,0,1,0.5626392858897429,False
25914,C++,lang_cpp,43565.0,0,0,0.13525007507292827,True
40571,C++,lang_cpp,240000.0,1,1,0.9044263817586999,True
11269,C++,lang_cpp,98612.0,1,0,0.15252307696992376,False
5807,C++,lang_cpp,66560.0,0,1,0.8417850793829158,False
15490,C++,lang_cpp,280000.0,1,1,0.8454606183778745,True
16770,C++,lang_cpp,20883.0,0,0,0.002663389095904828,True
18518,C++,lang_cpp,16338.0,0,0,0.033335635649666594,True
34462,C++,lang_cpp,74539.0,0,0,0.4679261683260563,True
1056,C++,lang_cpp,73901.0,0,0,0.010165499396929664,True
33136,C++,lang_cpp,14592.0,0,1,0.5866766871963346,False
44910,C++,lang_cpp,145917.0,1,1,0.9497333187671363,True
43547,C++,lang_cpp,115.0,0,0,0.19021182929197564,True
21513,C++,lang_cpp,350000.0,1,1,0.9102847044877083,True
6535,C++,lang_cpp,160000.0,1,1,0.9628455415980975,True
6970,C++,lang_cpp,4073.0,0,0,0.0028940332116914355,True
5558,C++,lang_cpp,50000.0,0,1,0.7984588345992231,False
29485,C++,lang_cpp,4412.0,0,0,0.015074822395474856,True
38679,C++,lang_cpp,110000.0,1,1,0.9470671708654129,True
11435,C++,lang_cpp,63808.0,0,0,0.10501470295988322,True
3077,C++,lang_cpp,76433.0,1,1,0.5618014760513044,True
86,C++,lang_cpp,139218.0,1,0,0.3691997031861706,False
13381,C++,lang_cpp,100765.0,1,1,0.7837701385428943,True
29692,C++,lang_cpp,96689.0,1,0,0.11230466078200868,False
30412,C++,lang_cpp,100000.0,1,1,0.814719488805049,True
13485,C++,lang_cpp,85851.0,1,1,0.5117137643323955,True
11268,C++,lang_cpp,139218.0,1,1,0.8572300732062023,True
40718,C++,lang_cpp,300000.0,1,1,0.9945917420655843,True
47257,C++,lang_cpp,7645.0,0,1,0.9274512137796322,False
11525,C++,lang_cpp,102972.0,1,0,0.23254670747072928,False
8383,C++,lang_cpp,2945.0,0,0,0.0404470366756531,True
35204,C++,lang_cpp,58007.0,0,0,0.3939543292287653,True
11999,C++,lang_cpp,5097.0,0,0,0.008734282832501302,True
6795,C++,lang_cpp,117017.0,1,0,0.32417701803690824,False
9296,C++,lang_cpp,15285.0,0,0,0.02935753848036447,True
46122,C++,lang_cpp,30164.0,0,0,0.1925333464965911,True
39572,C++,lang_cpp,68449.0,0,0,0.23051342745965003,True
8400,C++,lang_cpp,19793.0,0,0,0.061221528167645624,True
8359,C++,lang_cpp,75410.0,0,0,0.3177278162548392,True
2286,C++,lang_cpp,170000.0,1,1,0.9377554500583312,True
15764,C++,lang_cpp,140000.0,1,1,0.679300711071963,True
40008,C++,lang_cpp,46289.0,0,0,0.14169758745367894,True
31544,C++,lang_cpp,58007.0,0,0,0.44681787845358273,True
6607,C++,lang_cpp,67289.0,0,0,0.4620603626548005,True
39395,C++,lang_cpp,108833.0,1,1,0.7186839633115255,True
28438,C++,lang_cpp,19761.0,0,0,0.06019606029336212,True
35881,C++,lang_cpp,20296.0,0,0,0.04649969877645743,True
7069,C++,lang_cpp,69609.0,0,0,0.2649697679502948,True
35449,C++,lang_cpp,64388.0,0,1,0.8119787563503734,False
41056,C++,lang_cpp,174022.0,1,1,0.9650743252253434,True
2170,C++,lang_cpp,176485.0,1,1,0.8627429600731185,True
39536,C++,lang_cpp,73089.0,0,1,0.5324663883706777,False
11994,C++,lang_cpp,66000.0,0,0,0.06821528699936322,True
42675,C++,lang_cpp,40605.0,0,0,0.20077511284173327,True
13487,C++,lang_cpp,56000.0,0,0,0.38557198895211997,True
5487,C++,lang_cpp,190000.0,1,1,0.781696332231713,True
3639,C++,lang_cpp,104413.0,1,0,0.47731102126541536,False
9157,C++,lang_cpp,108000.0,1,1,0.8986553159842469,True
27472,C++,lang_cpp,4873.0,0,1,0.5176050600362729,False
9406,C++,lang_cpp,60000.0,0,1,0.7115795682302806,False
35803,C++,lang_cpp,364.0,0,0,0.010720449383882452,True
46265,C++,lang_cpp,92812.0,1,0,0.49591779705381944,False
30571,C++,lang_cpp,141000.0,1,1,0.9805334289732176,True
15917,C++,lang_cpp,20428.0,0,0,0.01741200787824276,True
22315,C++,lang_cpp,34804.0,0,0,0.10200045874124616,True
14143,C++,lang_cpp,325000.0,1,1,0.9937347184417404,True
34605,C++,lang_cpp,6618.0,0,0,0.04346497065158993,True
41197,C++,lang_cpp,64968.0,0,0,0.38982077309721147,True
41952,C++,lang_cpp,120000.0,1,1,0.8898991248000533,True
32195,C++,lang_cpp,42256.0,0,1,0.94136596780165,False
30540,C++,lang_cpp,110000.0,1,1,0.9096491558442077,True
1542,C++,lang_cpp,255000.0,1,1,0.9728471254587984,True
12621,C++,lang_cpp,141587.0,1,1,0.8040023025890416,True
20866,C++,lang_cpp,364792.0,1,1,0.8426909460466445,True
29387,C++,lang_cpp,55258.0,0,1,0.8341274813593489,False
19214,C++,lang_cpp,80000.0,1,1,0.6006046409241058,True
19463,C++,lang_cpp,400000.0,1,1,0.9509211412112287,True
40564,C++,lang_cpp,55687.0,0,0,0.17002730254660595,True
36631,C++,lang_cpp,275000.0,1,1,0.9622182029272437,True
5387,C++,lang_cpp,347161.0,1,0,0.44893476415938033,False
24352,C++,lang_cpp,60000.0,0,0,0.44873607775100877,True
26477,C++,lang_cpp,2184.0,0,0,0.0002685931015967963,True
14526,C++,lang_cpp,12014.0,0,0,0.012455356048079297,True
44724,C++,lang_cpp,59902.0,0,0,0.3366444789283471,True
904,C++,lang_cpp,136000.0,1,1,0.7987901202909604,True
3878,C++,lang_cpp,83531.0,1,0,0.49511382487335015,False
19416,C++,lang_cpp,71168.0,0,1,0.666182165747004,False
22829,C++,lang_cpp,92812.0,1,0,0.383268597779034,False
17320,C++,lang_cpp,249432.0,1,1,0.666159041908657,True
40924,C++,lang_cpp,30796.0,0,0,0.14466862229625096,True
25296,C++,lang_cpp,73516.0,0,1,0.6709256948267917,False
16716,C++,lang_cpp,336327.0,1,1,0.9977049631689101,True
163,C++,lang_cpp,44086.0,0,0,0.19024533496691182,True
37285,C++,lang_cpp,150000.0,1,1,0.9865509689983567,True
48937,C++,lang_cpp,5812.0,0,0,0.04601485466768013,True
40763,C++,lang_cpp,104616.0,1,0,0.023679808530246073,False
4354,C++,lang_cpp,98612.0,1,0,0.2802712647306912,False
36178,C++,lang_cpp,81685.0,1,0,0.4969305031990587,False
5801,C++,lang_cpp,69643.0,0,0,0.21780966354798012,True
29532,C++,lang_cpp,46496.0,0,0,0.11622808142920073,True
21288,C++,lang_cpp,120000.0,1,1,0.9604452567147592,True
5526,C++,lang_cpp,87011.0,1,0,0.21277502458825773,False
25044,C++,lang_cpp,2325.0,0,0,0.00503961721707566,True
36660,C++,lang_cpp,51600.0,0,0,0.0381750745756077,True
25055,C++,lang_cpp,1872.0,0,0,0.07372520088669361,True
4184,C++,lang_cpp,54112.0,0,0,0.4286527492120611,True
8673,C++,lang_cpp,143858.0,1,1,0.9013116795544014,True
5668,C++,lang_cpp,75410.0,0,1,0.9074831194295007,False
39181,C++,lang_cpp,150819.0,1,1,0.9362580392316091,True
13249,C++,lang_cpp,87011.0,1,0,0.44574685624379695,False
1921,C++,lang_cpp,51864.0,0,0,0.03948423743606598,True
42600,C++,lang_cpp,25000.0,0,0,0.050966961692280516,True
5909,C++,lang_cpp,6545.0,0,0,0.055650413488256015,True
14128,C++,lang_cpp,40842.0,0,0,0.3737499342007099,True
26711,C++,lang_cpp,116015.0,1,0,0.23873871361351803,False
30048,C++,lang_cpp,4177.0,0,0,0.004845836790767024,True
3466,C++,lang_cpp,111626.0,1,1,0.6825286728064055,True
41065,C++,lang_cpp,52791.0,0,0,0.3062238378437994,True
6301,C++,lang_cpp,81262.0,1,1,0.7027209483212133,True
9973,C++,lang_cpp,136392.0,1,1,0.9913351353180401,True
6027,C++,lang_cpp,4459.0,0,0,0.010543161055109227,True
39734,C++,lang_cpp,34804.0,0,0,0.17071765017833201,True
19311,C++,lang_cpp,44096.0,0,0,0.059827385008877534,True
40147,C++,lang_cpp,48726.0,0,1,0.5759892776267679,False
11292,C++,lang_cpp,86795.0,1,1,0.9981877388499579,True
41899,C++,lang_cpp,36672.0,0,0,0.07336191288790858,True
6776,C++,lang_cpp,13922.0,0,0,0.010027254558738362,True
12297,C++,lang_cpp,24000.0,0,1,0.6241027394778047,False
8028,C++,lang_cpp,150000.0,1,1,0.8146860031252151,True
35488,C++,lang_cpp,9299.0,0,0,0.049746408742055596,True
3957,C++,lang_cpp,60328.0,0,0,0.4640767945817417,True
5326,C++,lang_cpp,134973.0,1,1,0.7893668054750826,True
21066,C++,lang_cpp,95000.0,1,1,0.666637118362536,True
17699,C++,lang_cpp,110214.0,1,0,0.41756123949512003,False
31880,C++,lang_cpp,195000.0,1,1,0.9721142140287691,True
14687,C++,lang_cpp,7489.0,0,0,0.07154027706933958,True
30995,C++,lang_cpp,24238.0,0,0,0.04513277683222542,True
131,C++,lang_cpp,80000.0,1,1,0.6848302317595373,True
41839,C++,lang_cpp,78633.0,1,0,0.18857396588887154,False
38001,C++,lang_cpp,139218.0,1,1,0.6598861546559834,True
27742,C++,lang_cpp,81685.0,1,0,0.3411927220352257,False
39328,C++,lang_cpp,5900.0,0,1,0.9857246614938342,False
25556,C++,lang_cpp,120655.0,1,1,0.9721139309470078,True
27737,C++,lang_cpp,32767.0,0,0,0.1655388630536554,True
39573,C++,lang_cpp,62648.0,0,1,0.686752681655176,False
820,C++,lang_cpp,84408.0,1,1,0.5074298112334312,True
45106,C++,lang_cpp,88000.0,1,1,0.8178799540442916,True
3831,C++,lang_cpp,166651.0,1,1,0.5847663068370007,True
3089,C++,lang_cpp,116733.0,1,1,0.5922638116833465,True
10738,C++,lang_cpp,1334.0,0,0,0.05622389293175161,True
30241,C++,lang_cpp,108000.0,1,1,0.9385797007389943,True
34200,C++,lang_cpp,20883.0,0,0,0.029558314162332074,True
3689,C++,lang_cpp,150819.0,1,1,0.5896879671522554,True
651,C++,lang_cpp,72958.0,0,0,0.4644503230727016,True
19950,C++,lang_cpp,56934.0,0,1,0.5271763624889229,False
17198,C++,lang_cpp,179790.0,1,1,0.9925227773547305,True
46341,C++,lang_cpp,15311.0,0,0,0.20520411506481256,True
40301,C++,lang_cpp,4644.0,0,0,0.09745905553212311,True
12286,C++,lang_cpp,62409.0,0,1,0.5263659954422817,False
45428,C++,lang_cpp,90000.0,1,0,0.07415372455365322,False
46879,C++,lang_cpp,92812.0,1,1,0.5318725571282895,True
26868,C++,lang_cpp,5812.0,0,0,0.0013478095120752224,True
30360,C++,lang_cpp,185000.0,1,1,0.96501107387443,True
6121,C++,lang_cpp,104413.0,1,1,0.8636178768200007,True
34464,C++,lang_cpp,57179.0,0,0,0.4568074624787911,True
27751,C++,lang_cpp,70000.0,0,1,0.655419059822774,False
20293,C++,lang_cpp,56167.0,0,1,0.5361496416184636,False
6044,C++,lang_cpp,81210.0,1,1,0.7468995006352741,True
13007,C++,lang_cpp,32748.0,0,0,0.10585520336600823,True
1821,C++,lang_cpp,49146.0,0,0,0.24924434344399476,True
15019,C++,lang_cpp,68071.0,0,1,0.6989881880935866,False
37154,C++,lang_cpp,28083.0,0,0,0.04737940159439124,True
36332,C++,lang_cpp,53989.0,0,0,0.27718072300034485,True
46350,C++,lang_cpp,31324.0,0,0,0.03358059083781979,True
48374,C++,lang_cpp,53260.0,0,1,0.5482635543097596,False
2452,C++,lang_cpp,23203.0,0,0,0.34276123971260786,True
28481,C++,lang_cpp,359.0,0,0,0.010728651281220506,True
5028,C++,lang_cpp,128481.0,1,1,0.8264275772668194,True
5841,C++,lang_cpp,115000.0,1,1,0.7937107890538367,True
1780,C++,lang_cpp,83792.0,1,1,0.8288808940149934,True
4175,C++,lang_cpp,58007.0,0,0,0.07419126015385678,True
17322,C++,lang_cpp,200000.0,1,1,0.9603957217675347,True
34030,C++,lang_cpp,2400.0,0,0,0.003133476627707189,True
19576,C++,lang_cpp,41208.0,0,1,0.5738109060993233,False
36073,C++,lang_cpp,16706.0,0,0,0.019643901748539493,True
17081,C++,lang_cpp,20883.0,0,0,0.018257034007049398,True
43115,C++,lang_cpp,86180.0,1,1,0.6639230315922408,True
44803,C++,lang_cpp,40000.0,0,1,0.7930824095217177,False
40771,C++,lang_cpp,98612.0,1,1,0.6673468733180897,True
26451,C++,lang_cpp,88413.0,1,1,0.9761680621247443,True
39926,C++,lang_cpp,160000.0,1,1,0.8635697083672078,True
5065,C++,lang_cpp,40684.0,0,0,0.0777884019582423,True
39498,C++,lang_cpp,12060.0,0,1,0.7728967183282637,False
42988,C++,lang_cpp,160000.0,1,1,0.9175886347611285,True
31755,C++,lang_cpp,15792.0,0,0,0.24968350725400304,True
364,C++,lang_cpp,9299.0,0,0,0.027674842881588217,True
32782,C++,lang_cpp,54611.0,0,1,0.7596006909804348,False
10812,C++,lang_cpp,180000.0,1,1,0.9225383684361282,True
46556,C++,lang_cpp,53367.0,0,1,0.5433643334976143,False
13523,C++,lang_cpp,61836.0,0,0,0.4838813621227523,True
10455,C++,lang_cpp,127616.0,1,1,0.6895711731143506,True
28516,C++,lang_cpp,58007.0,0,0,0.07614551882222904,True
20460,C++,lang_cpp,180000.0,1,1,0.9950358051077486,True
3312,C++,lang_cpp,185000.0,1,1,0.8218137149785357,True
27708,C++,lang_cpp,150000.0,1,1,0.9448584014140025,True
37055,C++,lang_cpp,62648.0,0,0,0.37758721806841716,True
31181,C++,lang_cpp,92812.0,1,1,0.8425865435498701,True
27710,C++,lang_cpp,69609.0,0,0,0.48552317602444467,True
5382,C++,lang_cpp,2455.0,0,0,0.031106234064998448,True
19501,C++,lang_cpp,36000.0,0,0,0.16117078032207188,True
6622,C++,lang_cpp,150819.0,1,1,0.7835997004068767,True
20013,C++,lang_cpp,46406.0,0,1,0.5460767782793322,False
37919,C++,lang_cpp,47445.0,0,0,0.040075686617165374,True
40322,C++,lang_cpp,35497.0,0,0,0.05468603551303942,True
29063,C++,lang_cpp,135000.0,1,1,0.8438820191914888,True
15171,C++,lang_cpp,29000.0,0,0,0.15772556762629952,True
12844,C++,lang_cpp,148791.0,1,1,0.9752722899220624,True
1334,C++,lang_cpp,81210.0,1,0,0.13779897742036543,False
36571,C++,lang_cpp,45246.0,0,0,0.20219758390827292,True
36704,C++,lang_cpp,54611.0,0,0,0.15159978294141238,True
39013,C++,lang_cpp,15311.0,0,0,0.003934587241424089,True
22589,C++,lang_cpp,153436.0,1,0,0.045680391733143165,False
4248,C++,lang_cpp,81210.0,1,1,0.7621537880057131,True
28479,C++,lang_cpp,575.0,0,0,0.06218621840981941,True
34802,C++,lang_cpp,122527.0,1,1,0.7674585984293875,True
20143,C++,lang_cpp,37125.0,0,0,0.3186065318008764,True
9876,C++,lang_cpp,85851.0,1,0,0.3792990617188399,False
6340,C++,lang_cpp,20883.0,0,0,0.03817760428574546,True
3792,C++,lang_cpp,52207.0,0,0,0.04537547680892213,True
652,C++,lang_cpp,182270.0,1,1,0.9389723842115993,True
45552,C++,lang_cpp,157917.0,1,1,0.6809758229151821,True
4683,C++,lang_cpp,83531.0,1,1,0.7099151064498127,True
30185,C++,lang_cpp,2731.0,0,0,0.4324041216675269,True
12571,C++,lang_cpp,1162.0,0,0,0.14812931879102822,True
6274,C++,lang_cpp,105341.0,1,0,0.1325501735025842,False
20819,C++,lang_cpp,150000.0,1,1,0.7628291588978432,True
27941,C++,lang_cpp,34290.0,0,0,0.4821884186197611,True
20613,C++,lang_cpp,81210.0,1,0,0.21596487172627868,False
2860,C++,lang_cpp,92812.0,1,0,0.3829198736638111,False
17090,C++,lang_cpp,60796.0,0,0,0.4004187610176075,True
3447,C++,lang_cpp,51816.0,0,0,0.27264365934494655,True
36964,C++,lang_cpp,30164.0,0,0,0.3261931541359741,True
6647,C++,lang_cpp,70000.0,0,1,0.8924888163395052,False
9815,C++,lang_cpp,16242.0,0,0,0.0015878417686962312,True
35432,C++,lang_cpp,70000.0,0,1,0.7904989343527168,False
44758,C++,lang_cpp,116015.0,1,1,0.7116297343523831,True
5739,C++,lang_cpp,62460.0,0,1,0.6495104216690861,False
36134,C++,lang_cpp,98494.0,1,1,0.7561398486612243,True
21524,C++,lang_cpp,120000.0,1,1,0.9368467066243977,True
29209,C++,lang_cpp,7656.0,0,0,0.0023970086467471337,True
39255,C++,lang_cpp,50000.0,0,1,0.9651963713191856,False
40472,C++,lang_cpp,120145.0,1,1,0.800751485056704,True
47986,C++,lang_cpp,298.0,0,0,0.03859919939629006,True
45754,C++,lang_cpp,50000.0,0,0,0.06996453222909112,True
6483,C++,lang_cpp,108708.0,1,1,0.7334728798929541,True
20102,C++,lang_cpp,297.0,0,0,0.00923104451395195,True
45620,C++,lang_cpp,201000.0,1,1,0.8668686509037599,True
30931,C++,lang_cpp,40000.0,0,0,0.08331444958350948,True
14268,C++,lang_cpp,69744.0,0,0,0.047308872287901024,True
48877,C++,lang_cpp,200000.0,1,1,0.9286897371416732,True
38591,C++,lang_cpp,2322.0,0,0,0.07386030913827991,True
15432,C++,lang_cpp,200000.0,1,1,0.9545383217435879,True
45069,C++,lang_cpp,348.0,0,0,0.028421147043072463,True
41686,C++,lang_cpp,465.0,0,0,0.10077500104969388,True
33446,C++,lang_cpp,23203.0,0,0,0.00046979274106652923,True
38906,C++,lang_cpp,63808.0,0,0,0.2255126673098984,True
831,C++,lang_cpp,115666.0,1,0,0.41195926190722143,False
42552,C++,lang_cpp,139054.0,1,1,0.8888448039845337,True
13278,C++,lang_cpp,34804.0,0,0,0.03005501477897312,True
17353,C++,lang_cpp,63713.0,0,1,0.6089912017983786,False
6258,C++,lang_cpp,60681.0,0,0,0.08298525847667648,True
14665,C++,lang_cpp,6545.0,0,0,0.0038337582778368777,True
9555,C++,lang_cpp,245000.0,1,0,0.16503140263884425,False
11481,C++,lang_cpp,81210.0,1,1,0.5986482141527624,True
26407,C++,lang_cpp,109438.0,1,1,0.5407194521075167,True
37068,C++,lang_cpp,46337.0,0,0,0.09012810144191408,True
40451,C++,lang_cpp,14289.0,0,0,0.2294004955751181,True
33566,C++,lang_cpp,575.0,0,0,0.0002648966238446723,True
30343,C++,lang_cpp,400000.0,1,1,0.9938514125289146,True
2038,C++,lang_cpp,210000.0,1,1,0.9093885417991476,True
37175,C++,lang_cpp,255000.0,1,1,0.9087442504942991,True
43378,C++,lang_cpp,87000.0,1,1,0.773324154392748,True
12121,C++,lang_cpp,400.0,0,1,0.9391546258641932,False
37477,C++,lang_cpp,139218.0,1,1,0.5231154802755125,True
35969,C++,lang_cpp,45246.0,0,0,0.014053145076697596,True
12180,C++,lang_cpp,195028.0,1,1,0.8351331378946042,True
640,C++,lang_cpp,95000.0,1,1,0.8631905208342873,True
5060,C++,lang_cpp,3641.0,0,0,0.08432953480687885,True
33347,C++,lang_cpp,58007.0,0,1,0.8983813915318016,False
4739,C++,lang_cpp,58120.0,0,0,0.09216475074220061,True
32362,C++,lang_cpp,90491.0,1,0,0.44830901694129194,False
11635,C++,lang_cpp,29473.0,0,0,0.2821454026746239,True
7066,C++,lang_cpp,265000.0,1,1,0.9815280630967648,True
1724,C++,lang_cpp,55687.0,0,0,0.4430160463212791,True
34911,C++,lang_cpp,170177.0,1,1,0.613145136585901,True
24218,C++,lang_cpp,208826.0,1,0,0.49128159431865975,False
34376,C++,lang_cpp,9299.0,0,0,0.03605349351283849,True
44198,C++,lang_cpp,48726.0,0,0,0.1288068742445807,True
28235,C++,lang_cpp,623.0,0,0,0.05052832044284526,True
32690,C++,lang_cpp,44096.0,0,0,0.07068049056245114,True
44795,C++,lang_cpp,23203.0,0,0,0.044780301951320586,True
39322,C++,lang_cpp,21729.0,0,0,0.07419160542303566,True
35026,C++,lang_cpp,10000.0,0,1,0.5040343940038469,False
403,C++,lang_cpp,250000.0,1,1,0.988024199324505,True
33067,C++,lang_cpp,77730.0,1,1,0.5297266089424325,True
18826,C++,lang_cpp,32748.0,0,0,0.03625813515275916,True
20014,C++,lang_cpp,60328.0,0,1,0.5107223297509776,False
18982,C++,lang_cpp,140000.0,1,1,0.6440470975644402,True
45028,C++,lang_cpp,45400.0,0,1,0.7049417971993585,False
5629,C++,lang_cpp,80000.0,1,1,0.8281706210067782,True
13134,C++,lang_cpp,98612.0,1,1,0.5867209353341629,True
1640,C++,lang_cpp,102093.0,1,1,0.7793127921075194,True
21581,C++,lang_cpp,7369.0,0,0,0.05943576298302122,True
14441,C++,lang_cpp,4710.0,0,0,0.00201786679233376,True
15206,C++,lang_cpp,81210.0,1,0,0.1418428414437198,False
27662,C++,lang_cpp,57179.0,0,0,0.31867623368628245,True
34091,C++,lang_cpp,325000.0,1,1,0.9694345434081635,True
12344,C++,lang_cpp,325000.0,1,1,0.9096815185369396,True
20927,C++,lang_cpp,45636.0,0,0,0.2544575909717799,True
17757,C++,lang_cpp,123993.0,1,0,0.42124460694971255,False
631,C++,lang_cpp,162421.0,1,1,0.8119975252691719,True
38766,C++,lang_cpp,110000.0,1,1,0.681230596013564,True
35530,C++,lang_cpp,86750.0,1,0,0.09844499391911798,False
48410,C++,lang_cpp,52207.0,0,0,0.0839547713925627,True
36588,C++,lang_cpp,150000.0,1,1,0.9467440730398656,True
9713,C++,lang_cpp,127616.0,1,0,0.42957862035344224,False
18010,C++,lang_cpp,7793.0,0,0,0.021626090443780104,True
44835,C++,lang_cpp,52207.0,0,0,0.19449462488958855,True
44035,C++,lang_cpp,6940.0,0,0,0.06396063108465334,True
35304,C++,lang_cpp,20358.0,0,0,0.03735285330532361,True
35561,C++,lang_cpp,232029.0,1,1,0.9568096723453957,True
12821,C++,lang_cpp,57179.0,0,0,0.39031917012899114,True
42373,C++,lang_cpp,100000.0,1,1,0.9742870947872879,True
11413,C++,lang_cpp,76825.0,1,1,0.7370341893501885,True
43370,C++,lang_cpp,27857.0,0,0,0.41543374992328436,True
6739,C++,lang_cpp,96000.0,1,1,0.839480739723809,True
12530,C++,lang_cpp,49270.0,0,0,0.20722377005650097,True
15781,C++,lang_cpp,51000.0,0,0,0.48179370844020997,True
38234,C++,lang_cpp,40605.0,0,0,0.18593687657090205,True
11857,C++,lang_cpp,6974.0,0,0,0.02017556587761978,True
45066,C++,lang_cpp,139218.0,1,0,0.32438422809050177,False
44317,C++,lang_cpp,232479.0,1,0,0.05467972938729919,False
30,C++,lang_cpp,205000.0,1,1,0.9825441183333122,True
13984,C++,lang_cpp,65533.0,0,0,0.43833090327078045,True
33666,C++,lang_cpp,69609.0,0,1,0.8387900485399807,False
924,C++,lang_cpp,146000.0,1,1,0.9816456707327592,True
10192,C++,lang_cpp,89868.0,1,1,0.7793638846790913,True
41971,C++,lang_cpp,46406.0,0,0,0.3827576359615646,True
25282,C++,lang_cpp,83234.0,1,0,0.39776280033631617,False
40150,C++,lang_cpp,3336.0,0,0,0.001691610978526555,True
33387,C++,lang_cpp,64968.0,0,0,0.391214050162339,True
27653,C++,lang_cpp,371247.0,1,1,0.8904943889432251,True
39756,C++,lang_cpp,47650.0,0,0,0.4050427304176401,True
21440,C++,lang_cpp,140000.0,1,1,0.8405108170744352,True
4042,C++,lang_cpp,2729.0,0,0,0.0051990044487013835,True
14181,C++,lang_cpp,49744.0,0,0,0.09693158053042017,True
13361,C++,lang_cpp,87011.0,1,0,0.17172546001817188,False
17514,C++,lang_cpp,13949.0,0,0,0.11169029719347373,True
547,C++,lang_cpp,138000.0,1,1,0.9630935251310364,True
4631,C++,lang_cpp,92812.0,1,0,0.4586193877564634,False
28638,C++,lang_cpp,12399.0,0,0,0.026993874716600138,True
5900,C++,lang_cpp,2000.0,0,0,0.024656459311178026,True
5851,C++,lang_cpp,120471.0,1,0,0.3491608271417682,False
33906,C++,lang_cpp,80000.0,1,1,0.9175949949130864,True
14774,C++,lang_cpp,3675.0,0,0,0.026974352971279328,True
1952,C++,lang_cpp,69609.0,0,0,0.1287494386821873,True
43560,C++,lang_cpp,77000.0,1,0,0.1386282885612272,False
4392,C++,lang_cpp,138754.0,1,0,0.2165209227194572,False
9646,C++,lang_cpp,46406.0,0,0,0.28090892957657126,True
25339,C++,lang_cpp,116015.0,1,0,0.33396800471036786,False
19594,C++,lang_cpp,34804.0,0,0,0.03199383839137631,True
46159,C++,lang_cpp,33746.0,0,0,0.08893142516338425,True
35870,C++,lang_cpp,39445.0,0,0,0.07737000497442709,True
22310,C++,lang_cpp,180000.0,1,1,0.901466835570393,True
30786,C++,lang_cpp,19503.0,0,0,0.28516696325354657,True
25154,C++,lang_cpp,116640.0,1,1,0.6206582497460758,True
22933,C++,lang_cpp,174682.0,1,1,0.812881508511508,True
4569,C++,lang_cpp,89275.0,1,1,0.719862024284851,True
2417,C++,lang_cpp,20000.0,0,0,0.08710836670957313,True
5842,C++,lang_cpp,225000.0,1,1,0.9739087672316239,True
8941,C++,lang_cpp,49122.0,0,0,0.3259610842138864,True
16165,C++,lang_cpp,8718.0,0,0,0.034822612956992495,True
15697,C++,lang_cpp,64040.0,0,1,0.7728828331674991,False
10012,C++,lang_cpp,69609.0,0,0,0.39030857850371914,True
1390,C++,lang_cpp,30164.0,0,0,0.06270273105680034,True
41472,C++,lang_cpp,29847.0,0,0,0.04901571659672634,True
12812,C++,lang_cpp,136392.0,1,1,0.9363551698897188,True
45316,C++,lang_cpp,66259.0,0,1,0.5114440202012995,False
14040,C++,lang_cpp,207000.0,1,1,0.9467223902956113,True
10467,C++,lang_cpp,24003.0,0,0,0.2449610467031511,True
36281,C++,lang_cpp,25272.0,0,0,0.22327015640753262,True
5863,C++,lang_cpp,12786.0,0,0,0.029114884835862505,True
1516,C++,lang_cpp,16706.0,0,0,0.013023245781587024,True
10507,C++,lang_cpp,52411.0,0,0,0.1027675134787217,True
3672,C++,lang_cpp,54527.0,0,0,0.06537402537116954,True
35511,C++,lang_cpp,110214.0,1,1,0.7628343435815897,True
13937,C++,lang_cpp,215000.0,1,1,0.9741191443462134,True
28237,C++,lang_cpp,33131.0,0,0,0.39691967144313234,True
14681,C++,lang_cpp,95299.0,1,1,0.6592501841012143,True
6852,C++,lang_cpp,139218.0,1,1,0.8431023412616225,True
36412,C++,lang_cpp,60000.0,0,0,0.03971001782229904,True
28216,C++,lang_cpp,81368.0,1,0,0.006037120484937157,False
2754,C++,lang_cpp,170000.0,1,1,0.9701362858690652,True
30776,C++,lang_cpp,12000.0,0,0,0.01822980436362185,True
26607,C++,lang_cpp,150000.0,1,1,0.9744476426861053,True
44690,C++,lang_cpp,2906.0,0,0,0.0983423662052487,True
40476,C++,lang_cpp,136520.0,1,1,0.8692665853527931,True
29025,C++,lang_cpp,24561.0,0,0,0.1260956963787889,True
40734,C++,lang_cpp,265000.0,1,1,0.9433510888384853,True
32276,C++,lang_cpp,93972.0,1,0,0.3704744952588076,False
35974,C++,lang_cpp,16274.0,0,0,0.027221735867437025,True
15812,C++,lang_cpp,75000.0,0,1,0.6103260728299993,False
15788,C++,lang_cpp,500.0,0,0,0.006797530740975075,True
45234,C++,lang_cpp,224633.0,1,1,0.514883538943733,True
12274,C++,lang_cpp,104413.0,1,0,0.18173346366798526,False
27105,C++,lang_cpp,17759.0,0,0,0.03443507346986625,True
4197,C++,lang_cpp,95299.0,1,1,0.8645627500858528,True
3888,C++,lang_cpp,14187.0,0,0,0.030300066176588165,True
1967,C++,lang_cpp,31324.0,0,0,0.048025015663049765,True
3818,C++,lang_cpp,75410.0,0,0,0.23666040408897787,True
237,C++,lang_cpp,61996.0,0,1,0.8761213886707994,False
13333,C++,lang_cpp,34872.0,0,0,0.05046190244176896,True
27172,C++,lang_cpp,76570.0,1,0,0.3586632341546336,False
787,C++,lang_cpp,163370.0,1,0,0.30716951242285484,False
15287,C++,lang_cpp,11601.0,0,0,0.0009212495193467739,True
24201,C++,lang_cpp,400000.0,1,1,0.6571712348689192,True
35820,C++,lang_cpp,27844.0,0,0,0.3771882458046893,True
31221,C++,lang_cpp,23203.0,0,0,0.009927484407642032,True
1473,C++,lang_cpp,87058.0,1,0,0.29168989580006494,False
34073,C++,lang_cpp,13949.0,0,0,0.017584926118038476,True
4864,C++,lang_cpp,92812.0,1,1,0.7745941678925378,True
45288,C++,lang_cpp,195000.0,1,1,0.9869187129789796,True
29088,C++,lang_cpp,182000.0,1,1,0.9453556992781436,True
26633,C++,lang_cpp,110000.0,1,1,0.7299415690228918,True
40034,C++,lang_cpp,87011.0,1,0,0.41805240325521126,False
16156,C++,lang_cpp,68004.0,0,0,0.05990261388346602,True
21725,C++,lang_cpp,98612.0,1,1,0.9190144060855947,True
3635,C++,lang_cpp,83571.0,1,0,0.13257612420007708,False
8590,C++,lang_cpp,4214.0,0,0,0.030215895215677812,True
48931,C++,lang_cpp,165000.0,1,1,0.8960745574690321,True
35375,C++,lang_cpp,240000.0,1,1,0.9233877065636402,True
11165,C++,lang_cpp,100000.0,1,1,0.7402592683470596,True
38844,C++,lang_cpp,104413.0,1,1,0.9331301207282048,True
16372,C++,lang_cpp,85851.0,1,0,0.168276901870555,False
8319,C++,lang_cpp,61919.0,0,0,0.029908746315133142,True
38379,C++,lang_cpp,6381.0,0,0,0.005592792698831311,True
30042,C++,lang_cpp,350000.0,1,1,0.9574945606776144,True
28910,C++,lang_cpp,108723.0,1,1,0.6900508363953,True
40052,C++,lang_cpp,87011.0,1,1,0.7632356865876887,True
15056,C++,lang_cpp,195280.0,1,1,0.9735363432251054,True
16712,C++,lang_cpp,58007.0,0,0,0.03203634015373021,True
47208,C++,lang_cpp,3944.0,0,0,0.08608011049004197,True
46920,C++,lang_cpp,58471.0,0,1,0.645306206152989,False
22585,C++,lang_cpp,348.0,0,0,0.010214648576424108,True
2377,C++,lang_cpp,142592.0,1,1,0.9637038175984368,True
3880,C++,lang_cpp,6000.0,0,0,0.15828551444257588,True
28252,C++,lang_cpp,42356.0,0,0,0.35166310378551546,True
5452,C++,lang_cpp,150000.0,1,1,0.9718866560274806,True
12280,C++,lang_cpp,93000.0,1,1,0.9093233078469428,True
11804,C++,lang_cpp,92812.0,1,0,0.31601252400455143,False
36330,C++,lang_cpp,220000.0,1,1,0.9836345965077951,True
5616,C++,lang_cpp,62180.0,0,0,0.35309866639726456,True
34929,C++,lang_cpp,121815.0,1,1,0.7407287309901376,True
30531,C++,lang_cpp,72000.0,0,1,0.7710441190521717,False
4982,C++,lang_cpp,27000.0,0,0,0.1810658978044132,True
19181,C++,lang_cpp,315000.0,1,1,0.7819949639266149,True
4534,C++,lang_cpp,168221.0,1,1,0.7439878085927965,True
25214,C++,lang_cpp,5812.0,0,0,0.0066728391193926,True
5317,C++,lang_cpp,78890.0,1,1,0.5137135155179668,True
37683,C++,lang_cpp,140000.0,1,1,0.9711814811799562,True
20530,C++,lang_cpp,34544.0,0,0,0.03926405964883672,True
12385,C++,lang_cpp,43985.0,0,1,0.7549811705103482,False
34806,C++,lang_cpp,81685.0,1,1,0.7886840074532754,True
22627,C++,lang_cpp,74878.0,0,0,0.4505043481038398,True
34795,C++,lang_cpp,54457.0,0,1,0.5365821646404393,False
45603,C++,lang_cpp,190000.0,1,1,0.9041179252932808,True
7427,C++,lang_cpp,1515.0,0,0,0.1187254833949228,True
6336,C++,lang_cpp,61996.0,0,0,0.2740208245873278,True
44843,C++,lang_cpp,73553.0,0,0,0.1492707343022477,True
6749,C++,lang_cpp,78000.0,1,1,0.7049830556673884,True
16170,C++,lang_cpp,70000.0,0,1,0.946752390893253,False
20392,C++,lang_cpp,107000.0,1,1,0.8883847678130866,True
4365,C++,lang_cpp,54457.0,0,0,0.2951587200765594,True
1645,C++,lang_cpp,8271.0,0,0,0.05944269054403718,True
33918,C++,lang_cpp,170000.0,1,1,0.959480947939236,True
12243,C++,lang_cpp,164000.0,1,1,0.968329007472278,True
30423,C++,lang_cpp,92000.0,1,1,0.6697674809170072,True
43685,C++,lang_cpp,4650.0,0,0,0.007097326352480373,True
31953,C++,lang_cpp,110000.0,1,1,0.9809730874487653,True
6175,C++,lang_cpp,3863.0,0,0,0.036316520266226046,True
24689,C++,lang_cpp,20000.0,0,0,0.050375875755753245,True
43428,C++,lang_cpp,40684.0,0,0,0.08090124582867225,True
4233,C++,lang_cpp,33881.0,0,1,0.6620084847896739,False
25990,C++,lang_cpp,50000.0,0,0,0.026310235870987155,True
41375,C++,lang_cpp,60000.0,0,1,0.625838479283476,False
28098,C++,lang_cpp,31324.0,0,0,0.07642809831294338,True
35494,C++,lang_cpp,116015.0,1,1,0.5046312309988759,True
4596,C++,lang_cpp,61187.0,0,0,0.004448511481091382,True
3100,C++,lang_cpp,30000.0,0,0,0.0039993283682115705,True
49090,C++,lang_cpp,4650.0,0,0,0.0010831147326197262,True
6558,C++,lang_cpp,325000.0,1,1,0.9728340893909198,True
15169,C++,lang_cpp,28772.0,0,0,0.17395081594715597,True
2891,C++,lang_cpp,40000.0,0,1,0.7492874349692177,False
13335,C++,lang_cpp,150095.0,1,1,0.696079363631963,True
18124,C++,lang_cpp,116733.0,1,1,0.8086008746299418,True
43631,C++,lang_cpp,47742.0,0,0,0.06748707968583222,True
9238,C++,lang_cpp,320000.0,1,1,0.9882067924921015,True
20229,C++,lang_cpp,50118.0,0,0,0.21610526664450935,True
27969,C++,lang_cpp,3787.0,0,0,0.22914032452252867,True
15212,C++,lang_cpp,68071.0,0,1,0.9439805138136923,False
37045,C++,lang_cpp,109861.0,1,1,0.5980233726399627,True
4282,C++,lang_cpp,11043.0,0,0,0.018344998967578918,True
20219,C++,lang_cpp,103021.0,1,1,0.8485145723074399,True
1385,C++,lang_cpp,30000.0,0,1,0.6863102599268615,False
2740,C++,lang_cpp,96979.0,1,0,0.4173016980934391,False
17529,C++,lang_cpp,1123.0,0,0,0.003290408329553862,True
3161,C++,lang_cpp,232000.0,1,1,0.9375803527257774,True
16750,C++,lang_cpp,27109.0,0,0,0.0026917097499989866,True
21577,C++,lang_cpp,5580.0,0,0,0.00021641635965667592,True
13777,C++,lang_cpp,100000.0,1,1,0.652878160720447,True
24492,C++,lang_cpp,94552.0,1,1,0.7729046182910473,True
33811,C++,lang_cpp,11601.0,0,0,0.005404659685669567,True
41184,C++,lang_cpp,81210.0,1,1,0.5130927093057105,True
40337,C++,lang_cpp,18562.0,0,0,0.059494612376167745,True
40874,C++,lang_cpp,100745.0,1,1,0.530340698105862,True
29232,C++,lang_cpp,67105.0,0,0,0.07496995394262368,True
41550,C++,lang_cpp,558.0,0,0,0.01935492610257865,True
36799,C++,lang_cpp,30000.0,0,0,0.15662134157048685,True
39951,Rust,lang_rust,54457.0,0,0,0.39124264871634606,True
19763,Rust,lang_rust,182026.0,1,1,0.9655802999956778,True
4564,Rust,lang_rust,150000.0,1,1,0.7414040276788794,True
36755,Rust,lang_rust,44096.0,0,0,0.09912875308089202,True
40381,Rust,lang_rust,34804.0,0,0,0.34732068165981594,True
37749,Rust,lang_rust,85534.0,1,0,0.20948593017631142,False
6114,Rust,lang_rust,195028.0,1,1,0.758880350670327,True
47170,Rust,lang_rust,43505.0,0,1,0.733472162858954,False
190,Rust,lang_rust,3371.0,0,0,0.09262725736551619,True
20524,Rust,lang_rust,55687.0,0,1,0.5027574897512469,False
21747,Rust,lang_rust,139218.0,1,1,0.9790268122340079,True
43835,Rust,lang_rust,18598.0,0,0,0.029348529501213083,True
15625,Rust,lang_rust,41765.0,0,0,0.21448899256765558,True
11253,Rust,lang_rust,78930.0,1,0,0.20404005273674955,False
19746,Rust,lang_rust,80219.0,1,1,0.7080330731244834,True
14600,Rust,lang_rust,220428.0,1,1,0.7430942761015044,True
40279,Rust,lang_rust,104413.0,1,1,0.6731353118129937,True
8527,Rust,lang_rust,200000.0,1,1,0.9830079599750328,True
30738,Rust,lang_rust,58500.0,0,0,0.17199830108632527,True
31534,Rust,lang_rust,185623.0,1,1,0.9228875243161627,True
13290,Rust,lang_rust,24813.0,0,0,0.2307836528691627,True
4258,Rust,lang_rust,66128.0,0,0,0.1717484844997552,True
34887,Rust,lang_rust,86163.0,1,0,0.3882786872875675,False
38209,Rust,lang_rust,81210.0,1,1,0.627225866922222,True
29979,Rust,lang_rust,54527.0,0,0,0.4176172197553719,True
5473,Rust,lang_rust,120000.0,1,1,0.9024025530408106,True
48789,Rust,lang_rust,75893.0,0,0,0.1365017372337484,True
40000,Rust,lang_rust,87011.0,1,1,0.7059747547264158,True
27259,Rust,lang_rust,10871.0,0,1,0.8413092125895353,False
24774,Rust,lang_rust,83571.0,1,0,0.3083268096867675,False
15719,Rust,lang_rust,82000.0,1,1,0.858022376734074,True
19443,Rust,lang_rust,22000.0,0,1,0.5716539441799161,False
2792,Rust,lang_rust,104000.0,1,1,0.8615620146777058,True
34138,Rust,lang_rust,43312.0,0,0,0.3931866748749231,True
45782,Rust,lang_rust,350000.0,1,1,0.8469381159447987,True
5415,Rust,lang_rust,204283.0,1,1,0.833458662671187,True
39519,Rust,lang_rust,63808.0,0,1,0.6782001133342423,False
18979,Rust,lang_rust,60235.0,0,0,0.11336164577409848,True
41214,Rust,lang_rust,130000.0,1,1,0.9690755354763766,True
13187,Rust,lang_rust,72958.0,0,0,0.49743959793848114,True
14856,Rust,lang_rust,47566.0,0,0,0.1438671653135279,True
8112,Rust,lang_rust,118335.0,1,1,0.8909157428002116,True
22532,Rust,lang_rust,61264.0,0,1,0.5417667155305986,False
5212,Rust,lang_rust,80000.0,1,1,0.6892537058758904,True
27946,Rust,lang_rust,30000.0,0,1,0.938954554896108,False
36695,Rust,lang_rust,186625.0,1,1,0.9733889281114035,True
27568,Rust,lang_rust,187875.0,1,1,0.8274747377078012,True
1783,Rust,lang_rust,139218.0,1,1,0.9301253979480392,True
26521,Rust,lang_rust,130.0,0,1,0.9680144659083636,False
351,Rust,lang_rust,81210.0,1,1,0.6626182666790928,True
5679,Rust,lang_rust,167000.0,1,1,0.9564436175336389,True
31092,Rust,lang_rust,102972.0,1,0,0.3747655374764128,False
9077,Rust,lang_rust,11054.0,0,0,0.3669803909442499,True
41430,Rust,lang_rust,31313.0,0,0,0.02759091672656495,True
16882,Rust,lang_rust,92812.0,1,1,0.7206534359652456,True
47432,Rust,lang_rust,81210.0,1,0,0.2895559133341831,False
11324,Rust,lang_rust,34804.0,0,0,0.14219303958859061,True
1478,Rust,lang_rust,15082.0,0,0,0.02679444248331104,True
43459,Rust,lang_rust,30000.0,0,1,0.5190748558709541,False
25467,Rust,lang_rust,38285.0,0,0,0.05859558959176173,True
18612,Rust,lang_rust,150095.0,1,1,0.5962296435064023,True
37303,Rust,lang_rust,30628.0,0,0,0.04344990084020443,True
41158,Rust,lang_rust,80254.0,1,1,0.7207247240890735,True
4209,Rust,lang_rust,92812.0,1,1,0.7007219192462851,True
17431,Rust,lang_rust,175000.0,1,1,0.9824606468174277,True
25686,Rust,lang_rust,27844.0,0,0,0.02810286869176659,True
11358,Rust,lang_rust,95016.0,1,1,0.8337863416599663,True
25158,Rust,lang_rust,211280.0,1,1,0.9935591763597191,True
29191,Rust,lang_rust,50000.0,0,0,0.11415674914577568,True
26213,Rust,lang_rust,382.0,0,0,0.03136034812795326,True
42375,Rust,lang_rust,111374.0,1,0,0.3815576262535918,False
42196,Rust,lang_rust,12762.0,0,0,0.07746897858905573,True
10717,Rust,lang_rust,113085.0,1,1,0.9566975007190404,True
11530,Rust,lang_rust,100000.0,1,1,0.9665816037938939,True
13019,Rust,lang_rust,156000.0,1,1,0.98979362307812,True
6453,Rust,lang_rust,180000.0,1,1,0.9653170763379739,True
9971,Rust,lang_rust,75410.0,0,1,0.7394123507084122,False
36540,Rust,lang_rust,35000.0,0,1,0.8479427099723962,False
39539,Rust,lang_rust,58007.0,0,0,0.2756374058237549,True
14162,Rust,lang_rust,105000.0,1,1,0.9356204999522434,True
9427,Rust,lang_rust,105000.0,1,1,0.8603351078847746,True
34632,Rust,lang_rust,110000.0,1,1,0.9044316973288449,True
6282,Rust,lang_rust,133417.0,1,0,0.4776004368431838,False
12819,Rust,lang_rust,187000.0,1,1,0.6516378839002555,True
29711,Rust,lang_rust,93312.0,1,0,0.08534254521182963,False
20449,Rust,lang_rust,101088.0,1,1,0.9215439005256988,True
48118,Rust,lang_rust,190598.0,1,1,0.9398930885820956,True
17911,Rust,lang_rust,120000.0,1,1,0.9296897165407723,True
3478,Rust,lang_rust,95000.0,1,1,0.9672356647166735,True
19072,Rust,lang_rust,330000.0,1,1,0.8813750519812941,True
3947,Rust,lang_rust,32764.0,0,0,0.014916064083658974,True
21096,Rust,lang_rust,210000.0,1,1,0.9979915945649732,True
25367,Rust,lang_rust,9830.0,0,0,0.12924896520754653,True
1237,Rust,lang_rust,33412.0,0,0,0.42397945413793403,True
19479,Rust,lang_rust,48030.0,0,1,0.6338623473961369,False
43842,Rust,lang_rust,162375.0,1,1,0.7901418203825852,True
44746,Rust,lang_rust,306.0,0,0,0.010918971323688713,True
25947,Rust,lang_rust,83000.0,1,1,0.8175923763204072,True
36970,Rust,lang_rust,25652.0,0,0,0.052073920276099764,True
29469,Rust,lang_rust,45688.0,0,0,0.29696898038757924,True
15109,Rust,lang_rust,132000.0,1,1,0.8473722574320134,True
3793,Rust,lang_rust,81210.0,1,1,0.5762569064487559,True
3539,Rust,lang_rust,8137.0,0,0,0.05291539452013191,True
459,Rust,lang_rust,60000.0,0,1,0.882727724841631,False
41048,Rust,lang_rust,52791.0,0,0,0.29062236148306086,True
5085,Rust,lang_rust,107795.0,1,1,0.674039014191577,True
5834,Rust,lang_rust,207000.0,1,1,0.9675077918968576,True
15603,Rust,lang_rust,10000.0,0,1,0.6042866441917408,False
18882,Rust,lang_rust,350000.0,1,1,0.9747680048700029,True
46934,Rust,lang_rust,7776.0,0,1,0.8969238924733911,False
9686,Rust,lang_rust,48726.0,0,0,0.3179338464144383,True
10689,Rust,lang_rust,107000.0,1,1,0.9051539385677289,True
39066,Rust,lang_rust,185623.0,1,1,0.6240101527338886,True
10223,Rust,lang_rust,104829.0,1,1,0.7379591575371225,True
45357,Rust,lang_rust,285000.0,1,1,0.9896776756247997,True
2060,Rust,lang_rust,170000.0,1,1,0.8842496352103449,True
32145,Rust,lang_rust,120000.0,1,1,0.8913151888331702,True
19788,Rust,lang_rust,65009.0,0,0,0.4368312512149679,True
6046,Rust,lang_rust,57711.0,0,0,0.15969272738365037,True
3107,Rust,lang_rust,27306.0,0,0,0.04352780619070836,True
36459,Rust,lang_rust,86000.0,1,1,0.7197520608479079,True
37636,Rust,lang_rust,140000.0,1,1,0.8904489534268872,True
45793,Rust,lang_rust,190598.0,1,1,0.9441220754833418,True
24558,Rust,lang_rust,84568.0,1,0,0.2572394097419463,False
13228,Rust,lang_rust,92812.0,1,1,0.6310736246593033,True
14172,Rust,lang_rust,72800.0,0,1,0.7563554877036953,False
20341,Rust,lang_rust,16383.0,0,0,0.1302807255837519,True
5186,Rust,lang_rust,120000.0,1,1,0.9856301652769724,True
28423,Rust,lang_rust,858.0,0,0,0.020340505878431305,True
22644,Rust,lang_rust,11601.0,0,0,0.04124211805499087,True
8817,Rust,lang_rust,92812.0,1,1,0.671807334983056,True
13124,Rust,lang_rust,171110.0,1,1,0.957583796850201,True
33945,Rust,lang_rust,116015.0,1,1,0.6598211893171936,True
23619,Rust,lang_rust,69400.0,0,0,0.2061723286285563,True
26143,Rust,lang_rust,102.0,0,0,0.37034837973549445,True
4086,Rust,lang_rust,97452.0,1,1,0.8533691259296405,True
36992,Rust,lang_rust,45879.0,0,1,0.6146150317995083,False
39209,Rust,lang_rust,9485.0,0,1,0.6899687893722845,False
27717,Rust,lang_rust,23041.0,0,0,0.06714898659279611,True
7003,Rust,lang_rust,260037.0,1,1,0.9868519245458157,True
37110,Rust,lang_rust,111374.0,1,1,0.5709298136537765,True
26412,Rust,lang_rust,280000.0,1,1,0.9715874532535362,True
17326,Rust,lang_rust,73000.0,0,1,0.7354235848489242,False
7769,Rust,lang_rust,240000.0,1,1,0.9752387811907544,True
13526,Rust,lang_rust,46406.0,0,1,0.7222648841499185,False
5913,Rust,lang_rust,46496.0,0,0,0.035772554630225675,True
24261,Rust,lang_rust,75410.0,0,0,0.10857973059309835,True
460,Rust,lang_rust,49886.0,0,0,0.07192562498785794,True
11138,Rust,lang_rust,15619.0,0,0,0.02367678579794248,True
45208,Rust,lang_rust,37900.0,0,0,0.12941794593793893,True
8586,Rust,lang_rust,74650.0,0,1,0.7427277365861314,False
37308,Rust,lang_rust,210000.0,1,1,0.9823873521198504,True
27611,Rust,lang_rust,1790.0,0,0,0.0016299224621957379,True
20480,Rust,lang_rust,138358.0,1,1,0.9572751033122993,True
39371,Rust,lang_rust,40605.0,0,0,0.16280972264862692,True
3472,Rust,lang_rust,330000.0,1,1,0.9785413230496358,True
43609,Rust,lang_rust,52207.0,0,0,0.07380938217486947,True
38486,Rust,lang_rust,99194.0,1,1,0.8134492524469615,True
8251,Rust,lang_rust,60000.0,0,1,0.9100384814097745,False
41386,Rust,lang_rust,162000.0,1,1,0.9852379160837375,True
2698,Rust,lang_rust,172199.0,1,1,0.8520543346831781,True
14960,Rust,lang_rust,69609.0,0,0,0.4129564161991473,True
40100,Rust,lang_rust,350000.0,1,1,0.97492839780508,True
33340,Rust,lang_rust,110000.0,1,1,0.8133018180362697,True
33919,Rust,lang_rust,26320.0,0,0,0.10833755744182617,True
40863,Rust,lang_rust,104413.0,1,1,0.7952853379104231,True
15485,Rust,lang_rust,116015.0,1,1,0.7134094063994504,True
12340,Rust,lang_rust,7643.0,0,0,0.06578179033474414,True
42239,Rust,lang_rust,46406.0,0,0,0.17561297457144914,True
26473,Rust,lang_rust,100000.0,1,1,0.9869566004341435,True
44799,Rust,lang_rust,1000.0,0,1,0.8659379793756441,False
11500,Rust,lang_rust,250000.0,1,1,0.9741533776864251,True
409,Rust,lang_rust,205000.0,1,1,0.9901091797772663,True
2568,Rust,lang_rust,92000.0,1,1,0.7495700494866187,True
44335,Rust,lang_rust,74878.0,0,1,0.6495312367740131,False
39201,Rust,lang_rust,81761.0,1,0,0.20207718518644466,False
15417,Rust,lang_rust,143420.0,1,1,0.9452795296288032,True
26902,Rust,lang_rust,87011.0,1,1,0.6036262988993816,True
39208,Rust,lang_rust,84512.0,1,1,0.8083053487988858,True
30635,Rust,lang_rust,104015.0,1,1,0.9574868764445823,True
37582,Rust,lang_rust,87011.0,1,1,0.5771413618255523,True
2099,Rust,lang_rust,66709.0,0,0,0.3406941605827434,True
45536,Rust,lang_rust,200000.0,1,1,0.9730580170231787,True
4301,Rust,lang_rust,81210.0,1,1,0.7682017752869931,True
30354,Rust,lang_rust,118000.0,1,1,0.8528783028217383,True
3205,Rust,lang_rust,315000.0,1,1,0.9490223055648045,True
12868,Rust,lang_rust,20883.0,0,0,0.08325005687768638,True
14978,Rust,lang_rust,52207.0,0,0,0.2222111273098179,True
6654,Rust,lang_rust,12014.0,0,0,0.006456236942370924,True
36922,Rust,lang_rust,36681.0,0,0,0.18053353249888374,True
44964,Rust,lang_rust,173000.0,1,1,0.955580934236843,True
39917,Rust,lang_rust,78011.0,1,1,0.5406816414414048,True
31746,Rust,lang_rust,60328.0,0,1,0.7350740542056751,False
9295,Rust,lang_rust,127616.0,1,1,0.550041010014858,True
11159,Rust,lang_rust,19103.0,0,0,0.009842118059278706,True
4709,Rust,lang_rust,60000.0,0,0,0.06161411293333495,True
40958,Rust,lang_rust,27359.0,0,0,0.1390576623894597,True
18825,Rust,lang_rust,218875.0,1,1,0.6267785385696446,True
1103,Rust,lang_rust,52207.0,0,0,0.24064278420167892,True
11116,Rust,lang_rust,185000.0,1,1,0.993864036234421,True
37529,Rust,lang_rust,546.0,0,0,0.00792550480719309,True
8901,Rust,lang_rust,68071.0,0,1,0.812934798072569,False
36857,Rust,lang_rust,58007.0,0,1,0.8110234337404953,False
27138,Rust,lang_rust,162421.0,1,1,0.7912631695509857,True
673,Rust,lang_rust,130000.0,1,1,0.9934332199038775,True
7076,Rust,lang_rust,90000.0,1,1,0.796243472901394,True
31882,Rust,lang_rust,775.0,0,0,0.030921195039242365,True
36850,Rust,lang_rust,1000.0,0,0,0.07533897254320558,True
27638,Rust,lang_rust,92812.0,1,0,0.18175152380191706,False
15341,Rust,lang_rust,81210.0,1,0,0.45520356477451573,False
443,Rust,lang_rust,55687.0,0,0,0.41893076529070006,True
19105,Rust,lang_rust,81210.0,1,1,0.6315173653739783,True
36744,Rust,lang_rust,100000.0,1,1,0.769410547232614,True
45640,Rust,lang_rust,500.0,0,0,0.013408297573100462,True
43600,Rust,lang_rust,69609.0,0,0,0.1602786766052763,True
38557,Rust,lang_rust,56604.0,0,1,0.7414654297612615,False
1378,Rust,lang_rust,16374.0,0,0,0.04365042930816743,True
5557,Rust,lang_rust,51407.0,0,0,0.3528345697910118,True
31349,Rust,lang_rust,75472.0,0,0,0.35598174999512705,True
32330,Rust,lang_rust,1007.0,0,0,0.12310119221126485,True
13277,Rust,lang_rust,345724.0,1,1,0.8314681798467876,True
12337,Rust,lang_rust,22056.0,0,1,0.7158492230919691,False
14975,Rust,lang_rust,139218.0,1,1,0.8505342679436269,True
45583,Rust,lang_rust,13922.0,0,0,0.3525214045833043,True
37292,Rust,lang_rust,270000.0,1,1,0.9812799759240766,True
16936,Rust,lang_rust,26025.0,0,0,0.3476567753751037,True
38659,Rust,lang_rust,171000.0,1,1,0.9454055953282283,True
310,Rust,lang_rust,63808.0,0,1,0.6022922829648641,False
17715,Rust,lang_rust,68581.0,0,1,0.604123586696726,False
1180,Rust,lang_rust,224000.0,1,1,0.9890004214309482,True
10995,Rust,lang_rust,25000.0,0,0,0.15465559610720778,True
24920,Rust,lang_rust,17402.0,0,0,0.0046233011179911115,True
38414,Rust,lang_rust,136141.0,1,1,0.9174715157627658,True
24163,Rust,lang_rust,95299.0,1,1,0.8028469178788613,True
16252,Rust,lang_rust,266834.0,1,1,0.9728420850500987,True
41953,Rust,lang_rust,98612.0,1,1,0.6599727748671331,True
8405,Rust,lang_rust,80323.0,1,1,0.7493123718905562,True
5631,Rust,lang_rust,81038.0,1,1,0.7879578068570912,True
13957,Rust,lang_rust,54611.0,0,0,0.24096792122704513,True
464,Rust,lang_rust,67400.0,0,0,0.06670245973972659,True
22223,Rust,lang_rust,45480.0,0,1,0.6880790757228644,False
16576,Rust,lang_rust,58007.0,0,0,0.43580384806301714,True
37237,Rust,lang_rust,50000.0,0,0,0.20566263737114296,True
15564,Rust,lang_rust,114447.0,1,1,0.8255824631716078,True
17605,Rust,lang_rust,80000.0,1,1,0.8755963755539767,True
14595,Rust,lang_rust,73375.0,0,0,0.38662096096496373,True
2187,Rust,lang_rust,235000.0,1,1,0.8839858940918681,True
40992,Rust,lang_rust,400000.0,1,1,0.9756165322882381,True
45014,Rust,lang_rust,250000.0,1,1,0.9939356781375266,True
42418,Rust,lang_rust,116015.0,1,1,0.9358949247351173,True
29585,Rust,lang_rust,72393.0,0,1,0.5626392858897429,False
11087,Rust,lang_rust,10000.0,0,1,0.8758365506402984,False
5807,Rust,lang_rust,66560.0,0,1,0.8417850793829158,False
445,Rust,lang_rust,176984.0,1,1,0.6401133744167284,True
21870,Rust,lang_rust,13922.0,0,0,0.003450429066719076,True
34462,Rust,lang_rust,74539.0,0,0,0.4679261683260563,True
4614,Rust,lang_rust,34804.0,0,0,0.03471094632959667,True
21047,Rust,lang_rust,1820.0,0,0,0.11068816664340192,True
33136,Rust,lang_rust,14592.0,0,1,0.5866766871963346,False
19362,Rust,lang_rust,260000.0,1,1,0.9613782616457089,True
43547,Rust,lang_rust,115.0,0,0,0.19021182929197564,True
21513,Rust,lang_rust,350000.0,1,1,0.9102847044877083,True
39314,Rust,lang_rust,215000.0,1,1,0.9556549818582198,True
34902,Rust,lang_rust,128000.0,1,1,0.9614191942870226,True
11972,Rust,lang_rust,43734.0,0,0,0.26064165089380925,True
15186,Rust,lang_rust,241090.0,1,1,0.6267278262682103,True
40914,Rust,lang_rust,1845.0,0,0,0.0952523833079824,True
1928,Rust,lang_rust,79062.0,1,1,0.7189631288984084,True
21416,Rust,lang_rust,156000.0,1,1,0.8961538217238987,True
38679,Rust,lang_rust,110000.0,1,1,0.9470671708654129,True
25939,Rust,lang_rust,60000.0,0,1,0.964295021329379,False
3077,Rust,lang_rust,76433.0,1,1,0.5618014760513044,True
86,Rust,lang_rust,139218.0,1,0,0.3691997031861706,False
37718,Rust,lang_rust,110516.0,1,1,0.860928222524464,True
47213,Rust,lang_rust,74761.0,0,1,0.6487026801559359,False
19573,Rust,lang_rust,71510.0,0,0,0.44493643174484054,True
46638,Rust,lang_rust,94.0,0,1,0.7093718421842583,False
17092,Rust,lang_rust,91485.0,1,1,0.8773789898674557,True
40718,Rust,lang_rust,300000.0,1,1,0.9945917420655843,True
14910,Rust,lang_rust,148791.0,1,1,0.9679937035739897,True
11999,Rust,lang_rust,5097.0,0,0,0.008734282832501302,True
2286,Rust,lang_rust,170000.0,1,1,0.9377554500583312,True
32339,Rust,lang_rust,580.0,0,0,0.015278389021622924,True
40008,Rust,lang_rust,46289.0,0,0,0.14169758745367894,True
314,Rust,lang_rust,109438.0,1,1,0.7976428197220553,True
31544,Rust,lang_rust,58007.0,0,0,0.44681787845358273,True
5705,Rust,lang_rust,92812.0,1,1,0.6149665726109599,True
35449,Rust,lang_rust,64388.0,0,1,0.8119787563503734,False
11994,Rust,lang_rust,66000.0,0,0,0.06821528699936322,True
35099,Rust,lang_rust,240000.0,1,1,0.993628705683049,True
13487,Rust,lang_rust,56000.0,0,0,0.38557198895211997,True
5487,Rust,lang_rust,190000.0,1,1,0.781696332231713,True
17127,Rust,lang_rust,175525.0,1,1,0.9896064271610128,True
9406,Rust,lang_rust,60000.0,0,1,0.7115795682302806,False
46265,Rust,lang_rust,92812.0,1,0,0.49591779705381944,False
581,Rust,lang_rust,240000.0,1,1,0.9759067833542115,True
39188,Rust,lang_rust,104413.0,1,1,0.6567481962011746,True
15917,Rust,lang_rust,20428.0,0,0,0.01741200787824276,True
39808,Rust,lang_rust,348044.0,1,1,0.5287663340276496,True
20269,Rust,lang_rust,82906.0,1,0,0.40559384274237925,False
19825,Rust,lang_rust,51046.0,0,0,0.4715461253937031,True
22810,Rust,lang_rust,116015.0,1,1,0.8480615337161134,True
5232,Rust,lang_rust,74000.0,0,1,0.905631747927112,False
41952,Rust,lang_rust,120000.0,1,1,0.8898991248000533,True
30540,Rust,lang_rust,110000.0,1,1,0.9096491558442077,True
47002,Rust,lang_rust,179823.0,1,1,0.82575902839479,True
16100,Rust,lang_rust,81210.0,1,0,0.47722312663336275,False
20866,Rust,lang_rust,364792.0,1,1,0.8426909460466445,True
43904,Rust,lang_rust,130000.0,1,1,0.9833447385961532,True
24352,Rust,lang_rust,60000.0,0,0,0.44873607775100877,True
47136,Rust,lang_rust,72510.0,0,0,0.272231114734815,True
50,Rust,lang_rust,117793.0,1,1,0.8153444841940091,True
15621,Rust,lang_rust,1160.0,0,0,0.057204616245263,True
42027,Rust,lang_rust,38381.0,0,0,0.23855509371643577,True
4253,Rust,lang_rust,195000.0,1,0,0.35828958788739734,False
6261,Rust,lang_rust,92812.0,1,1,0.6180951286182601,True
27803,Rust,lang_rust,270000.0,1,1,0.933509758930384,True
16716,Rust,lang_rust,336327.0,1,1,0.9977049631689101,True
19001,Rust,lang_rust,103520.0,1,1,0.9166007742936266,True
163,Rust,lang_rust,44086.0,0,0,0.19024533496691182,True
21545,Rust,lang_rust,150819.0,1,1,0.9597790170426439,True
26383,Rust,lang_rust,174022.0,1,1,0.7616251173211784,True
27463,Rust,lang_rust,800.0,0,1,0.7324241637187352,False
37970,Rust,lang_rust,68134.0,0,0,0.3614294425483892,True
36178,Rust,lang_rust,81685.0,1,0,0.4969305031990587,False
27048,Rust,lang_rust,79646.0,1,0,0.35090102119294847,False
29532,Rust,lang_rust,46496.0,0,0,0.11622808142920073,True
2042,Rust,lang_rust,181000.0,1,1,0.9907566185739328,True
37795,Rust,lang_rust,48188.0,0,1,0.5780672158231379,False
16375,Rust,lang_rust,142592.0,1,1,0.891170328273985,True
18871,Rust,lang_rust,32484.0,0,0,0.43587334744446765,True
338,Rust,lang_rust,148496.0,1,0,0.3368671229906846,False
20228,Rust,lang_rust,719.0,0,0,0.0789531632959397,True
18121,Rust,lang_rust,13949.0,0,0,0.13593843364668565,True
40967,Rust,lang_rust,65000.0,0,0,0.08730976322867713,True
37606,Rust,lang_rust,146585.0,1,0,0.4808772196277601,False
4163,Rust,lang_rust,89098.0,1,0,0.3614261373937248,False
48787,Rust,lang_rust,80050.0,1,0,0.41099715328945197,False
26711,Rust,lang_rust,116015.0,1,0,0.23873871361351803,False
12887,Rust,lang_rust,85851.0,1,1,0.6634629703316476,True
5005,Rust,lang_rust,102142.0,1,1,0.9021698917016935,True
16071,Rust,lang_rust,41765.0,0,0,0.14807332324401007,True
39155,Rust,lang_rust,174022.0,1,1,0.6186073625648403,True
42181,Rust,lang_rust,59722.0,0,0,0.23733991691150272,True
6301,Rust,lang_rust,81262.0,1,1,0.7027209483212133,True
42708,Rust,lang_rust,87011.0,1,0,0.334648799210116,False
3654,Rust,lang_rust,81210.0,1,1,0.6460875279229976,True
39734,Rust,lang_rust,34804.0,0,0,0.17071765017833201,True
26488,Rust,lang_rust,63808.0,0,0,0.44959789145224044,True
19311,Rust,lang_rust,44096.0,0,0,0.059827385008877534,True
26674,Rust,lang_rust,82906.0,1,0,0.46061497992033057,False
6776,Rust,lang_rust,13922.0,0,0,0.010027254558738362,True
12297,Rust,lang_rust,24000.0,0,1,0.6241027394778047,False
5326,Rust,lang_rust,134973.0,1,1,0.7893668054750826,True
12091,Rust,lang_rust,52946.0,0,1,0.6168968109678772,False
17699,Rust,lang_rust,110214.0,1,0,0.41756123949512003,False
14687,Rust,lang_rust,7489.0,0,0,0.07154027706933958,True
41839,Rust,lang_rust,78633.0,1,0,0.18857396588887154,False
11238,Rust,lang_rust,34804.0,0,0,0.392786141727245,True
27742,Rust,lang_rust,81685.0,1,0,0.3411927220352257,False
39328,Rust,lang_rust,5900.0,0,1,0.9857246614938342,False
19081,Rust,lang_rust,40000.0,0,1,0.8899749296364587,False
38980,Rust,lang_rust,408424.0,1,1,0.657308565913555,True
3304,Rust,lang_rust,198000.0,1,1,0.9550946436220906,True
22173,Rust,lang_rust,227533.0,1,1,0.8889212247503825,True
45106,Rust,lang_rust,88000.0,1,1,0.8178799540442916,True
36078,Rust,lang_rust,87763.0,1,1,0.6876940529161502,True
41041,Rust,lang_rust,368.0,0,0,0.14872763669103853,True
43584,Rust,lang_rust,74249.0,0,1,0.7495553611411936,False
1164,Rust,lang_rust,129000.0,1,1,0.8962783831773489,True
4001,Rust,lang_rust,15047.0,0,0,0.19282505534589867,True
46879,Rust,lang_rust,92812.0,1,1,0.5318725571282895,True
15046,Rust,lang_rust,180000.0,1,1,0.9665957343408089,True
41299,Rust,lang_rust,116015.0,1,1,0.577306236655422,True
40871,Rust,lang_rust,303000.0,1,1,0.9754740740569746,True
44576,Rust,lang_rust,139218.0,1,1,0.7950370452173464,True
20293,Rust,lang_rust,56167.0,0,1,0.5361496416184636,False
19006,Rust,lang_rust,83857.0,1,0,0.43150143258205326,False
48832,Rust,lang_rust,1624.0,0,0,0.09588812838089987,True
4413,Rust,lang_rust,174022.0,1,1,0.7633648810261777,True
6044,Rust,lang_rust,81210.0,1,1,0.7468995006352741,True
36300,Rust,lang_rust,167653.0,1,1,0.938589848174241,True
6320,Rust,lang_rust,2798.0,0,0,0.011615877506596008,True
41072,Rust,lang_rust,139218.0,1,1,0.8701296059991158,True
36332,Rust,lang_rust,53989.0,0,0,0.27718072300034485,True
4149,Rust,lang_rust,30000.0,0,1,0.8815851085542148,False
38211,Rust,lang_rust,245000.0,1,1,0.9480904638913887,True
2452,Rust,lang_rust,23203.0,0,0,0.34276123971260786,True
388,Rust,lang_rust,135000.0,1,1,0.9205138373955998,True
34030,Rust,lang_rust,2400.0,0,0,0.003133476627707189,True
37297,Rust,lang_rust,55121.0,0,0,0.23928020222729984,True
23312,Rust,lang_rust,97452.0,1,1,0.555373702680765,True
7849,Rust,lang_rust,34804.0,0,1,0.6668322566311524,False
31471,Rust,lang_rust,106000.0,1,1,0.8235119719747113,True
364,Rust,lang_rust,9299.0,0,0,0.027674842881588217,True
46556,Rust,lang_rust,53367.0,0,1,0.5433643334976143,False
10455,Rust,lang_rust,127616.0,1,1,0.6895711731143506,True
26718,Rust,lang_rust,55687.0,0,0,0.21030413834863426,True
11101,Rust,lang_rust,70794.0,0,1,0.9583397324172304,False
27710,Rust,lang_rust,69609.0,0,0,0.48552317602444467,True
13716,Rust,lang_rust,27992.0,0,0,0.2328275541490912,True
13859,Rust,lang_rust,16706.0,0,0,0.014676463044648463,True
27441,Rust,lang_rust,77760.0,1,1,0.8566562493031922,True
26863,Rust,lang_rust,232029.0,1,1,0.8930403432302244,True
34971,Rust,lang_rust,102000.0,1,0,0.17691377778360592,False
14653,Rust,lang_rust,169176.0,1,1,0.9689056330035991,True
4719,Rust,lang_rust,175000.0,1,1,0.8992902390943897,True
3300,Rust,lang_rust,232000.0,1,1,0.9699126055822206,True
17400,Rust,lang_rust,5801.0,0,1,0.5167508214089487,False
32560,Rust,lang_rust,87011.0,1,1,0.5943842641109255,True
3614,Rust,lang_rust,66128.0,0,1,0.7832409340864827,False
4683,Rust,lang_rust,83531.0,1,1,0.7099151064498127,True
12571,Rust,lang_rust,1162.0,0,0,0.14812931879102822,True
6274,Rust,lang_rust,105341.0,1,0,0.1325501735025842,False
27941,Rust,lang_rust,34290.0,0,0,0.4821884186197611,True
20613,Rust,lang_rust,81210.0,1,0,0.21596487172627868,False
30670,Rust,lang_rust,509.0,0,0,0.10490098880384158,True
5347,Rust,lang_rust,75410.0,0,1,0.6979552637679163,False
36964,Rust,lang_rust,30164.0,0,0,0.3261931541359741,True
6647,Rust,lang_rust,70000.0,0,1,0.8924888163395052,False
14911,Rust,lang_rust,127616.0,1,1,0.5604652495308122,True
35432,Rust,lang_rust,70000.0,0,1,0.7904989343527168,False
62,Rust,lang_rust,197225.0,1,1,0.7041126803293516,True
40715,Rust,lang_rust,58007.0,0,0,0.34868853595285537,True
10953,Rust,lang_rust,38000.0,0,0,0.21959034055066742,True
20606,Rust,lang_rust,4939.0,0,0,0.05949000560138075,True
29209,Rust,lang_rust,7656.0,0,0,0.0023970086467471337,True
39255,Rust,lang_rust,50000.0,0,1,0.9651963713191856,False
40472,Rust,lang_rust,120145.0,1,1,0.800751485056704,True
45620,Rust,lang_rust,201000.0,1,1,0.8668686509037599,True
13884,Rust,lang_rust,83531.0,1,1,0.5385430557100067,True
17886,Rust,lang_rust,69609.0,0,1,0.6497472960422213,False
43160,Rust,lang_rust,15000.0,0,0,0.015658091815640825,True
14268,Rust,lang_rust,69744.0,0,0,0.047308872287901024,True
5846,Rust,lang_rust,182396.0,1,1,0.91663844992835,True
40489,Rust,lang_rust,29679.0,0,0,0.26088758442941384,True
35907,Rust,lang_rust,40483.0,0,0,0.42045462489167656,True
29231,Rust,lang_rust,110516.0,1,0,0.25294269982234446,False
38906,Rust,lang_rust,63808.0,0,0,0.2255126673098984,True
3799,Rust,lang_rust,55987.0,0,0,0.29088492939837235,True
1167,Rust,lang_rust,90491.0,1,0,0.28231611255145234,False
9555,Rust,lang_rust,245000.0,1,0,0.16503140263884425,False
37022,Rust,lang_rust,48726.0,0,0,0.17619718246412538,True
11481,Rust,lang_rust,81210.0,1,1,0.5986482141527624,True
30343,Rust,lang_rust,400000.0,1,1,0.9938514125289146,True
34935,Rust,lang_rust,168000.0,1,1,0.9752709618151517,True
12382,Rust,lang_rust,300000.0,1,1,0.9524937546088916,True
35969,Rust,lang_rust,45246.0,0,0,0.014053145076697596,True
1697,Rust,lang_rust,26683.0,0,0,0.07931479246428053,True
5060,Rust,lang_rust,3641.0,0,0,0.08432953480687885,True
17420,Rust,lang_rust,61264.0,0,0,0.48457590099582804,True
11635,Rust,lang_rust,29473.0,0,0,0.2821454026746239,True
7066,Rust,lang_rust,265000.0,1,1,0.9815280630967648,True
1724,Rust,lang_rust,55687.0,0,0,0.4430160463212791,True
610,Rust,lang_rust,174022.0,1,0,0.021230550928334518,False
16498,Rust,lang_rust,74249.0,0,0,0.42620149907588145,True
24218,Rust,lang_rust,208826.0,1,0,0.49128159431865975,False
42722,Rust,lang_rust,95179.0,1,1,0.5398300648341289,True
18281,Rust,lang_rust,1361.0,0,0,0.015680667761156446,True
7028,Rust,lang_rust,83322.0,1,1,0.7336665697823519,True
32690,Rust,lang_rust,44096.0,0,0,0.07068049056245114,True
44795,Rust,lang_rust,23203.0,0,0,0.044780301951320586,True
36439,Rust,lang_rust,88050.0,1,1,0.5110084140778045,True
18826,Rust,lang_rust,32748.0,0,0,0.03625813515275916,True
20014,Rust,lang_rust,60328.0,0,1,0.5107223297509776,False
19949,Rust,lang_rust,51627.0,0,0,0.2615696424444521,True
2807,Rust,lang_rust,75147.0,0,1,0.9371465390466273,False
46120,Rust,lang_rust,139218.0,1,1,0.9763410755509562,True
2416,Rust,lang_rust,101088.0,1,1,0.9846132766144521,True
47580,Rust,lang_rust,130000.0,1,1,0.9234798181366243,True
19100,Rust,lang_rust,187500.0,1,1,0.9943914326500467,True
28043,Rust,lang_rust,88492.0,1,1,0.5567341525571067,True
28895,Rust,lang_rust,39138.0,0,0,0.059140257501661055,True
25707,Rust,lang_rust,2904.0,0,1,0.5107468536217289,False
21540,Rust,lang_rust,200000.0,1,1,0.9854766030788653,True
4237,Rust,lang_rust,48757.0,0,0,0.3892062994053568,True
1905,Rust,lang_rust,89183.0,1,1,0.7652138731260728,True
29879,Rust,lang_rust,220000.0,1,1,0.9877020736660005,True
19736,Rust,lang_rust,81210.0,1,0,0.2248012553092016,False
36464,Rust,lang_rust,190000.0,1,1,0.9376834764972296,True
36703,Rust,lang_rust,136141.0,1,1,0.8428207274362233,True
3734,Rust,lang_rust,81210.0,1,1,0.5863996856800437,True
5463,Rust,lang_rust,31904.0,0,0,0.10771008941523214,True
45916,Rust,lang_rust,1000.0,0,0,0.04678067842086365,True
2732,Rust,lang_rust,95000.0,1,1,0.9551891559869292,True
35304,Rust,lang_rust,20358.0,0,0,0.03735285330532361,True
4267,Rust,lang_rust,127616.0,1,1,0.9074916146426495,True
35448,Rust,lang_rust,116015.0,1,1,0.5841817738372272,True
4688,Rust,lang_rust,24124.0,0,0,0.20582607876502956,True
40991,Rust,lang_rust,53021.0,0,1,0.5168283968456974,False
34952,Rust,lang_rust,4000.0,0,1,0.7682360859683814,False
35760,Rust,lang_rust,110000.0,1,1,0.9682546219024994,True
9096,Rust,lang_rust,183000.0,1,1,0.9339766450009664,True
5936,Rust,lang_rust,149756.0,1,1,0.7469054061402183,True
9982,Rust,lang_rust,73089.0,0,1,0.7266711111567201,False
4903,Rust,lang_rust,185623.0,1,1,0.6245036289134993,True
25455,Rust,lang_rust,10864.0,0,0,0.01915439266835558,True
30,Rust,lang_rust,205000.0,1,1,0.9825441183333122,True
41910,Rust,lang_rust,54457.0,0,0,0.27358083712458425,True
31310,Rust,lang_rust,88846.0,1,1,0.8105665465134,True
5017,Rust,lang_rust,131097.0,1,1,0.5431037569255297,True
37409,Rust,lang_rust,6974.0,0,0,0.0017944135661620525,True
33666,Rust,lang_rust,69609.0,0,1,0.8387900485399807,False
36033,Rust,lang_rust,275000.0,1,1,0.991416137657068,True
44958,Rust,lang_rust,218875.0,1,1,0.9514436755160837,True
19874,Rust,lang_rust,25573.0,0,0,0.06639557955825878,True
34459,Rust,lang_rust,31324.0,0,0,0.1349859313016587,True
27653,Rust,lang_rust,371247.0,1,1,0.8904943889432251,True
39756,Rust,lang_rust,47650.0,0,0,0.4050427304176401,True
7073,Rust,lang_rust,55271.0,0,1,0.529485171085146,False
2599,Rust,lang_rust,69609.0,0,1,0.6387029679972557,False
20249,Rust,lang_rust,59167.0,0,0,0.386630261777185,True
48683,Rust,lang_rust,75000.0,0,1,0.6290889486539698,False
36986,Rust,lang_rust,148791.0,1,1,0.978181536914779,True
4631,Rust,lang_rust,92812.0,1,0,0.4586193877564634,False
13969,Rust,lang_rust,125000.0,1,1,0.6393956052424131,True
38181,Rust,lang_rust,190000.0,1,1,0.8233574176859807,True
1952,Rust,lang_rust,69609.0,0,0,0.1287494386821873,True
27781,Rust,lang_rust,47423.0,0,0,0.1344241010939374,True
29389,Rust,lang_rust,90353.0,1,0,0.2552973199781225,False
4032,Rust,lang_rust,7643.0,0,0,0.46892855549867113,True
18404,Rust,lang_rust,141595.0,1,1,0.5423519424274292,True
21605,Rust,lang_rust,34804.0,0,0,0.033499030742534325,True
25339,Rust,lang_rust,116015.0,1,0,0.33396800471036786,False
24315,Rust,lang_rust,17738.0,0,0,0.3713747627388605,True
39120,Rust,lang_rust,240000.0,1,1,0.9148822590342076,True
22933,Rust,lang_rust,174682.0,1,1,0.812881508511508,True
4569,Rust,lang_rust,89275.0,1,1,0.719862024284851,True
5842,Rust,lang_rust,225000.0,1,1,0.9739087672316239,True
16165,Rust,lang_rust,8718.0,0,0,0.034822612956992495,True
15697,Rust,lang_rust,64040.0,0,1,0.7728828331674991,False
10012,Rust,lang_rust,69609.0,0,0,0.39030857850371914,True
1390,Rust,lang_rust,30164.0,0,0,0.06270273105680034,True
29096,Rust,lang_rust,163370.0,1,1,0.7260293181862266,True
40208,Rust,lang_rust,90000.0,1,1,0.9229913876247532,True
41472,Rust,lang_rust,29847.0,0,0,0.04901571659672634,True
32572,Rust,lang_rust,44550.0,0,1,0.630631370063208,False
12812,Rust,lang_rust,136392.0,1,1,0.9363551698897188,True
38148,Rust,lang_rust,93972.0,1,1,0.7470400650037268,True
14040,Rust,lang_rust,207000.0,1,1,0.9467223902956113,True
32483,Rust,lang_rust,82623.0,1,0,0.3576928061723248,False
46838,Rust,lang_rust,18071.0,0,0,0.007058436502075873,True
30373,Rust,lang_rust,300000.0,1,1,0.8745032151005075,True
5882,Rust,lang_rust,50000.0,0,1,0.6994999283718665,False
15472,Rust,lang_rust,350000.0,1,1,0.9868887599147877,True
38551,Rust,lang_rust,195000.0,1,1,0.9430551695893428,True
43551,Rust,lang_rust,88784.0,1,1,0.5160583724490829,True
13937,Rust,lang_rust,215000.0,1,1,0.9741191443462134,True
43974,Rust,lang_rust,1838.0,0,0,0.015768611824524846,True
6713,Rust,lang_rust,87341.0,1,0,0.39359413538256904,False
37516,Rust,lang_rust,145000.0,1,1,0.994673758188163,True
6918,Rust,lang_rust,117017.0,1,1,0.9437673757084684,True
1547,Rust,lang_rust,71134.0,0,1,0.5901795376964929,False
12725,Rust,lang_rust,18605.0,0,0,0.03757364919300037,True
5220,Rust,lang_rust,71929.0,0,1,0.5409361245584013,False
4366,Rust,lang_rust,78890.0,1,0,0.16777358858171948,False
27594,Rust,lang_rust,43139.0,0,0,0.08351332284279735,True
40476,Rust,lang_rust,136520.0,1,1,0.8692665853527931,True
40734,Rust,lang_rust,265000.0,1,1,0.9433510888384853,True
36920,Rust,lang_rust,50741.0,0,0,0.1513803156872512,True
31314,Rust,lang_rust,41786.0,0,0,0.15163971159102102,True
15812,Rust,lang_rust,75000.0,0,1,0.6103260728299993,False
45234,Rust,lang_rust,224633.0,1,1,0.514883538943733,True
4197,Rust,lang_rust,95299.0,1,1,0.8645627500858528,True
35564,Rust,lang_rust,96724.0,1,0,0.07928731979180284,False
237,Rust,lang_rust,61996.0,0,1,0.8761213886707994,False
13333,Rust,lang_rust,34872.0,0,0,0.05046190244176896,True
6560,Rust,lang_rust,163370.0,1,0,0.2804260899716754,False
787,Rust,lang_rust,163370.0,1,0,0.30716951242285484,False
33256,Rust,lang_rust,215000.0,1,1,0.9771112662993569,True
42682,Rust,lang_rust,386000.0,1,1,0.9931992513788044,True
14892,Rust,lang_rust,81210.0,1,1,0.8022786616461056,True
31221,Rust,lang_rust,23203.0,0,0,0.009927484407642032,True
9804,Rust,lang_rust,133417.0,1,1,0.6601305404826854,True
4864,Rust,lang_rust,92812.0,1,1,0.7745941678925378,True
10021,Rust,lang_rust,48726.0,0,0,0.4234044912820502,True
9126,Rust,lang_rust,31090.0,0,0,0.26042628359698033,True
21725,Rust,lang_rust,98612.0,1,1,0.9190144060855947,True
8590,Rust,lang_rust,4214.0,0,0,0.030215895215677812,True
35596,Rust,lang_rust,100000.0,1,1,0.9300450909976723,True
28910,Rust,lang_rust,108723.0,1,1,0.6900508363953,True
38138,Rust,lang_rust,60328.0,0,0,0.2573166819034732,True
1022,Rust,lang_rust,71001.0,0,0,0.4371579277919626,True
3880,Rust,lang_rust,6000.0,0,0,0.15828551444257588,True
5076,Rust,lang_rust,272536.0,1,1,0.5747553549189756,True
48823,Rust,lang_rust,3545.0,0,0,0.06232372513753506,True
3969,Rust,lang_rust,46406.0,0,1,0.5235775076618905,False
18993,Rust,lang_rust,250000.0,1,1,0.9703197454923123,True
12280,Rust,lang_rust,93000.0,1,1,0.9093233078469428,True
43575,Rust,lang_rust,125000.0,1,1,0.772066419490256,True
18819,Rust,lang_rust,234000.0,1,1,0.9920296048418262,True
5616,Rust,lang_rust,62180.0,0,0,0.35309866639726456,True
37087,Rust,lang_rust,104413.0,1,1,0.5327776732066583,True
19181,Rust,lang_rust,315000.0,1,1,0.7819949639266149,True
4534,Rust,lang_rust,168221.0,1,1,0.7439878085927965,True
31308,Rust,lang_rust,89815.0,1,1,0.5905999035756722,True
12385,Rust,lang_rust,43985.0,0,1,0.7549811705103482,False
5061,Rust,lang_rust,32484.0,0,1,0.6080523280559914,False
34795,Rust,lang_rust,54457.0,0,1,0.5365821646404393,False
6644,Rust,lang_rust,19028.0,0,0,0.11267255336898224,True
6749,Rust,lang_rust,78000.0,1,1,0.7049830556673884,True
19237,Rust,lang_rust,156000.0,1,1,0.9838320677845389,True
33918,Rust,lang_rust,170000.0,1,1,0.959480947939236,True
685,Rust,lang_rust,73017.0,0,1,0.5661666037052588,False
6175,Rust,lang_rust,3863.0,0,0,0.036316520266226046,True
5634,Rust,lang_rust,119805.0,1,0,0.4219954618519383,False
6470,Rust,lang_rust,87550.0,1,1,0.5783255107584744,True
14361,Rust,lang_rust,52207.0,0,0,0.35224559766355834,True
15428,Rust,lang_rust,96000.0,1,1,0.9647760070732989,True
46888,Rust,lang_rust,62648.0,0,0,0.3488961814634786,True
28098,Rust,lang_rust,31324.0,0,0,0.07642809831294338,True
15169,Rust,lang_rust,28772.0,0,0,0.17395081594715597,True
42316,Rust,lang_rust,46406.0,0,1,0.6961859466498694,False
2891,Rust,lang_rust,40000.0,0,1,0.7492874349692177,False
17600,Rust,lang_rust,146.0,0,1,0.6663345485662427,False
28594,Rust,lang_rust,150000.0,1,1,0.9390518072171464,True
21821,Rust,lang_rust,69609.0,0,1,0.7777936115872579,False
18124,Rust,lang_rust,116733.0,1,1,0.8086008746299418,True
39481,Rust,lang_rust,48000.0,0,0,0.08517118346894106,True
17529,Rust,lang_rust,1123.0,0,0,0.003290408329553862,True
3161,Rust,lang_rust,232000.0,1,1,0.9375803527257774,True
21577,Rust,lang_rust,5580.0,0,0,0.00021641635965667592,True
16076,Rust,lang_rust,89933.0,1,0,0.4927676632728341,False
41050,Rust,lang_rust,1416.0,0,0,0.017962804881279753,True
6693,Rust,lang_rust,103137.0,1,1,0.9076176958615896,True
13692,C#,lang_csharp,58007.0,0,0,0.35876323331252097,True
38048,C#,lang_csharp,13949.0,0,0,0.04807261115023051,True
12442,C#,lang_csharp,2000.0,0,1,0.8689606695208791,False
39951,C#,lang_csharp,54457.0,0,0,0.39124264871634606,True
5253,C#,lang_csharp,59902.0,0,0,0.22937201812970157,True
7420,C#,lang_csharp,106733.0,1,0,0.2414804031637187,False
37749,C#,lang_csharp,85534.0,1,0,0.20948593017631142,False
11284,C#,lang_csharp,34035.0,0,0,0.4049597771813877,True
543,C#,lang_csharp,125000.0,1,1,0.8378517659649127,True
15528,C#,lang_csharp,87550.0,1,1,0.650908992892454,True
39679,C#,lang_csharp,10944.0,0,0,0.03284971143200465,True
13828,C#,lang_csharp,81210.0,1,0,0.07895909476437124,False
3398,C#,lang_csharp,100765.0,1,1,0.5387952276763477,True
1052,C#,lang_csharp,73100.0,0,1,0.763056373696724,False
1308,C#,lang_csharp,8100.0,0,0,0.012297898645310378,True
20665,C#,lang_csharp,80000.0,1,1,0.9369253379831284,True
35577,C#,lang_csharp,34122.0,0,0,0.26114212748579213,True
18656,C#,lang_csharp,52207.0,0,0,0.07695000010725021,True
22814,C#,lang_csharp,23248.0,0,0,0.10829240712817476,True
37554,C#,lang_csharp,100000.0,1,1,0.9733999769767477,True
29642,C#,lang_csharp,85954.0,1,0,0.4495396979950014,False
12729,C#,lang_csharp,119805.0,1,1,0.6608568923234983,True
15488,C#,lang_csharp,38112.0,0,0,0.09893985825922745,True
45967,C#,lang_csharp,81210.0,1,0,0.39226872406556895,False
19925,C#,lang_csharp,5221.0,0,1,0.6438023819769819,False
44601,C#,lang_csharp,170000.0,1,1,0.9375557932810056,True
2053,C#,lang_csharp,9532.0,0,0,0.04973586897359632,True
5937,C#,lang_csharp,46496.0,0,0,0.09163276521686188,True
13904,C#,lang_csharp,125000.0,1,1,0.7906951718938863,True
3798,C#,lang_csharp,152511.0,1,1,0.945422268216303,True
2403,C#,lang_csharp,127616.0,1,1,0.5380523003630545,True
43681,C#,lang_csharp,65528.0,0,0,0.21825450121058093,True
27634,C#,lang_csharp,116015.0,1,0,0.377809604283825,False
34329,C#,lang_csharp,50496.0,0,0,0.16242337329436426,True
46464,C#,lang_csharp,74878.0,0,1,0.6853965920597165,False
16667,C#,lang_csharp,80000.0,1,0,0.1186225088078477,False
31534,C#,lang_csharp,185623.0,1,1,0.9228875243161627,True
14252,C#,lang_csharp,187000.0,1,1,0.6662463550863852,True
1860,C#,lang_csharp,58429.0,0,0,0.11315574622460878,True
1689,C#,lang_csharp,58007.0,0,0,0.4745115696912473,True
36331,C#,lang_csharp,145000.0,1,1,0.9506084132670262,True
34887,C#,lang_csharp,86163.0,1,0,0.3882786872875675,False
17852,C#,lang_csharp,185000.0,1,1,0.9624634370214549,True
4310,C#,lang_csharp,102106.0,1,1,0.8565669520818386,True
27135,C#,lang_csharp,12786.0,0,0,0.014576861250077984,True
27025,C#,lang_csharp,40605.0,0,0,0.02355812925362072,True
1733,C#,lang_csharp,146329.0,1,1,0.763568482652794,True
2143,C#,lang_csharp,65528.0,0,0,0.16650483435231758,True
45186,C#,lang_csharp,23203.0,0,0,0.10924489285368132,True
16304,C#,lang_csharp,78011.0,1,1,0.9034146044070566,True
18889,C#,lang_csharp,112000.0,1,1,0.8840094542966911,True
40000,C#,lang_csharp,87011.0,1,1,0.7059747547264158,True
27259,C#,lang_csharp,10871.0,0,1,0.8413092125895353,False
6678,C#,lang_csharp,140000.0,1,1,0.92151949282284,True
12826,C#,lang_csharp,116015.0,1,0,0.08517912794003275,False
11442,C#,lang_csharp,13278.0,0,0,0.003089209246421585,True
12193,C#,lang_csharp,140000.0,1,0,0.3200634412729249,False
31079,C#,lang_csharp,69609.0,0,0,0.05179235959720857,True
36971,C#,lang_csharp,58120.0,0,0,0.20583473273287578,True
15719,C#,lang_csharp,82000.0,1,1,0.858022376734074,True
19443,C#,lang_csharp,22000.0,0,1,0.5716539441799161,False
12845,C#,lang_csharp,123993.0,1,1,0.7964507996236047,True
30871,C#,lang_csharp,103769.0,1,1,0.8405227058692147,True
40038,C#,lang_csharp,350000.0,1,1,0.971285408607415,True
13179,C#,lang_csharp,20883.0,0,1,0.6601982941529049,False
10097,C#,lang_csharp,90491.0,1,0,0.37817387433415744,False
10198,C#,lang_csharp,57320.0,0,0,0.33861880587788734,True
2658,C#,lang_csharp,55346.0,0,0,0.18940992232543635,True
37117,C#,lang_csharp,84691.0,1,0,0.39585550638977607,False
43893,C#,lang_csharp,114634.0,1,1,0.8814784977967374,True
29619,C#,lang_csharp,81210.0,1,1,0.5727725181342342,True
23429,C#,lang_csharp,97230.0,1,0,0.19179359982990904,False
39660,C#,lang_csharp,8393.0,0,0,0.03108227628461659,True
4776,C#,lang_csharp,30710.0,0,0,0.08038580860440718,True
5718,C#,lang_csharp,220000.0,1,1,0.9822713136439808,True
11621,C#,lang_csharp,7052.0,0,0,0.0035340509641852164,True
4398,C#,lang_csharp,34804.0,0,0,0.029066905915321316,True
12579,C#,lang_csharp,98612.0,1,1,0.500834052301101,True
41214,C#,lang_csharp,130000.0,1,1,0.9690755354763766,True
15049,C#,lang_csharp,40605.0,0,0,0.08284389006019387,True
21556,C#,lang_csharp,117667.0,1,1,0.8592325911431106,True
13187,C#,lang_csharp,72958.0,0,0,0.49743959793848114,True
27692,C#,lang_csharp,200000.0,1,1,0.9688897990350891,True
12699,C#,lang_csharp,51195.0,0,0,0.12089122757629214,True
4633,C#,lang_csharp,150000.0,1,1,0.8804697228506505,True
6736,C#,lang_csharp,160000.0,1,1,0.9751476303226592,True
22532,C#,lang_csharp,61264.0,0,1,0.5417667155305986,False
46615,C#,lang_csharp,171073.0,1,1,0.9055710706547062,True
5212,C#,lang_csharp,80000.0,1,1,0.6892537058758904,True
40095,C#,lang_csharp,69609.0,0,0,0.3533092990365896,True
24238,C#,lang_csharp,62893.0,0,0,0.3475283646315158,True
26532,C#,lang_csharp,190000.0,1,1,0.9883456574474873,True
18069,C#,lang_csharp,65348.0,0,1,0.5901041575341718,False
31899,C#,lang_csharp,200000.0,1,1,0.9698315142664946,True
16851,C#,lang_csharp,89000.0,1,1,0.827014186300976,True
39890,C#,lang_csharp,46288.0,0,0,0.42587209484556876,True
2062,C#,lang_csharp,57179.0,0,1,0.5708002835839794,False
29886,C#,lang_csharp,87011.0,1,1,0.5217288427138611,True
53,C#,lang_csharp,63909.0,0,0,0.1971921496518304,True
351,C#,lang_csharp,81210.0,1,1,0.6626182666790928,True
46442,C#,lang_csharp,100000.0,1,1,0.7435627985310977,True
15416,C#,lang_csharp,98000.0,1,1,0.9275240233787985,True
36914,C#,lang_csharp,36545.0,0,0,0.11782033732206229,True
1402,C#,lang_csharp,98612.0,1,1,0.7604261551822722,True
16227,C#,lang_csharp,46406.0,0,0,0.04463488689868569,True
26642,C#,lang_csharp,29975.0,0,0,0.06934927447850714,True
37291,C#,lang_csharp,69609.0,0,0,0.2387411067479707,True
2995,C#,lang_csharp,99464.0,1,1,0.6244611688260788,True
22573,C#,lang_csharp,330871.0,1,0,0.1268053823225574,False
40805,C#,lang_csharp,82000.0,1,1,0.9795717713762214,True
296,C#,lang_csharp,74878.0,0,1,0.6932939446504937,False
13098,C#,lang_csharp,150819.0,1,1,0.8008881583931572,True
22046,C#,lang_csharp,232029.0,1,1,0.8802904989731015,True
7256,C#,lang_csharp,32531.0,0,0,0.05169960416997473,True
47134,C#,lang_csharp,19056.0,0,0,0.13150139490118898,True
31578,C#,lang_csharp,87550.0,1,0,0.3452857785800858,False
3035,C#,lang_csharp,165000.0,1,1,0.9165977462894324,True
6242,C#,lang_csharp,104015.0,1,1,0.9130698386134547,True
15814,C#,lang_csharp,100000.0,1,1,0.9458942170247832,True
18252,C#,lang_csharp,65000.0,0,1,0.5219988830155518,False
45471,C#,lang_csharp,21424.0,0,0,0.1173077486824796,True
8448,C#,lang_csharp,223187.0,1,1,0.9748975155012262,True
11324,C#,lang_csharp,34804.0,0,0,0.14219303958859061,True
1478,C#,lang_csharp,15082.0,0,0,0.02679444248331104,True
36566,C#,lang_csharp,92812.0,1,1,0.6459989064982217,True
27989,C#,lang_csharp,81210.0,1,1,0.7432215968444161,True
27964,C#,lang_csharp,169024.0,1,1,0.8261079829409055,True
28590,C#,lang_csharp,43505.0,0,0,0.32179349783864925,True
1677,C#,lang_csharp,62648.0,0,0,0.26601885635091876,True
20646,C#,lang_csharp,62893.0,0,0,0.3013202117148972,True
41708,C#,lang_csharp,245.0,0,1,0.7303526775248728,False
42419,C#,lang_csharp,151000.0,1,1,0.9153382573930179,True
36781,C#,lang_csharp,2000.0,0,0,0.39557935107418774,True
3980,C#,lang_csharp,75410.0,0,1,0.9634697683120821,False
5350,C#,lang_csharp,46666.0,0,0,0.33920152457018726,True
26604,C#,lang_csharp,12000.0,0,0,0.03805657637694355,True
2358,C#,lang_csharp,121000.0,1,1,0.8758582915203548,True
41158,C#,lang_csharp,80254.0,1,1,0.7207247240890735,True
16612,C#,lang_csharp,85994.0,1,0,0.21307224082033535,False
48681,C#,lang_csharp,900.0,0,1,0.9124523390074264,False
40045,C#,lang_csharp,40000.0,0,0,0.029026519588842732,True
13833,C#,lang_csharp,113651.0,1,1,0.8453213575173304,True
17431,C#,lang_csharp,175000.0,1,1,0.9824606468174277,True
25686,C#,lang_csharp,27844.0,0,0,0.02810286869176659,True
28425,C#,lang_csharp,84000.0,1,1,0.588448731850138,True
15216,C#,lang_csharp,152000.0,1,1,0.8540866927666316,True
28357,C#,lang_csharp,23203.0,0,0,0.009288990119677442,True
6358,C#,lang_csharp,34872.0,0,0,0.012574255292233931,True
17202,C#,lang_csharp,63808.0,0,0,0.34408031562148583,True
16040,C#,lang_csharp,150300.0,1,1,0.7235245860271998,True
3724,C#,lang_csharp,26683.0,0,0,0.4550202651735012,True
11358,C#,lang_csharp,95016.0,1,1,0.8337863416599663,True
46733,C#,lang_csharp,107894.0,1,0,0.381309067852594,False
11444,C#,lang_csharp,57833.0,0,0,0.1736657948227487,True
35555,C#,lang_csharp,125000.0,1,1,0.811847488702921,True
14922,C#,lang_csharp,105891.0,1,1,0.7949908270053861,True
14318,C#,lang_csharp,6961.0,0,0,0.30345921682815014,True
26877,C#,lang_csharp,121815.0,1,1,0.9385239758587105,True
3823,C#,lang_csharp,92812.0,1,0,0.24624613534359346,False
42375,C#,lang_csharp,111374.0,1,0,0.3815576262535918,False
42118,C#,lang_csharp,351.0,0,0,0.03180910380108562,True
15357,C#,lang_csharp,150000.0,1,1,0.955812782296151,True
2475,C#,lang_csharp,73683.0,0,0,0.2929152158737848,True
11107,C#,lang_csharp,28590.0,0,0,0.15030315031867233,True
31231,C#,lang_csharp,132000.0,1,1,0.53662712700235,True
41927,C#,lang_csharp,81210.0,1,0,0.2616414370808637,False
28966,C#,lang_csharp,90000.0,1,1,0.8804733307104353,True
1227,C#,lang_csharp,155000.0,1,1,0.9331567786310084,True
28615,C#,lang_csharp,1506.0,0,0,0.04827640489660523,True
580,C#,lang_csharp,94874.0,1,1,0.6985084110790394,True
14453,C#,lang_csharp,36688.0,0,0,0.22503262326622014,True
40691,C#,lang_csharp,108000.0,1,1,0.9243562165759797,True
34155,C#,lang_csharp,163497.0,1,1,0.9180779403988231,True
9762,C#,lang_csharp,100777.0,1,1,0.7225567632300359,True
25833,C#,lang_csharp,20296.0,0,0,0.05850420922761225,True
18503,C#,lang_csharp,39718.0,0,0,0.06648991958478827,True
44980,C#,lang_csharp,144000.0,1,1,0.935000027204908,True
27308,C#,lang_csharp,54457.0,0,0,0.48148163567194535,True
2498,C#,lang_csharp,72927.0,0,1,0.6567769321622062,False
6573,C#,lang_csharp,147071.0,1,1,0.9048204255328386,True
6931,C#,lang_csharp,72509.0,0,0,0.35224367504203763,True
40162,C#,lang_csharp,200000.0,1,1,0.9887778566741364,True
16542,C#,lang_csharp,75410.0,0,1,0.5008822469212538,False
14162,C#,lang_csharp,105000.0,1,1,0.9356204999522434,True
17267,C#,lang_csharp,148.0,0,1,0.9853387435784687,False
9427,C#,lang_csharp,105000.0,1,1,0.8603351078847746,True
26103,C#,lang_csharp,10462.0,0,0,0.025340168011282218,True
3177,C#,lang_csharp,78011.0,1,0,0.4818598595526352,False
29306,C#,lang_csharp,8639.0,0,0,0.014455424615631787,True
15017,C#,lang_csharp,250000.0,1,1,0.9784083493150197,True
28490,C#,lang_csharp,69609.0,0,0,0.44992235629457417,True
20387,C#,lang_csharp,76570.0,1,0,0.29756754918241146,False
14027,C#,lang_csharp,38285.0,0,0,0.08902704738858479,True
862,C#,lang_csharp,45000.0,0,0,0.03768546275078659,True
35348,C#,lang_csharp,178000.0,1,1,0.9895949272362506,True
2188,C#,lang_csharp,270000.0,1,1,0.8985008203099168,True
12819,C#,lang_csharp,187000.0,1,1,0.6516378839002555,True
36919,C#,lang_csharp,66128.0,0,0,0.27377941765107155,True
4627,C#,lang_csharp,71349.0,0,0,0.1524096063259516,True
17911,C#,lang_csharp,120000.0,1,1,0.9296897165407723,True
41044,C#,lang_csharp,100000.0,1,1,0.9354855617226406,True
17947,C#,lang_csharp,32000.0,0,0,0.14071117313102316,True
1499,C#,lang_csharp,11500.0,0,0,0.2392814040460934,True
43726,C#,lang_csharp,21649.0,0,0,0.054725568735942254,True
17817,C#,lang_csharp,140000.0,1,1,0.9597484845695021,True
40009,C#,lang_csharp,160000.0,1,1,0.9875454349432511,True
25367,C#,lang_csharp,9830.0,0,0,0.12924896520754653,True
1237,C#,lang_csharp,33412.0,0,0,0.42397945413793403,True
18732,C#,lang_csharp,258669.0,1,1,0.8593103741374922,True
29483,C#,lang_csharp,139218.0,1,1,0.793385957668568,True
47905,C#,lang_csharp,3487.0,0,0,0.013558380642732371,True
36546,C#,lang_csharp,58007.0,0,0,0.23823076658952405,True
35532,C#,lang_csharp,134973.0,1,0,0.43962694776012134,False
12809,C#,lang_csharp,11046.0,0,0,0.03368558379145392,True
37042,C#,lang_csharp,46406.0,0,1,0.6279165999487432,False
15324,C#,lang_csharp,131325.0,1,1,0.868705162449585,True
46151,C#,lang_csharp,32822.0,0,0,0.06962787700588198,True
1997,C#,lang_csharp,113815.0,1,1,0.8037583319690497,True
33426,C#,lang_csharp,2206.0,0,0,0.0081470357763154,True
2070,C#,lang_csharp,130000.0,1,1,0.7830857191186243,True
29469,C#,lang_csharp,45688.0,0,0,0.29696898038757924,True
15847,C#,lang_csharp,70938.0,0,0,0.45131329483156535,True
34512,C#,lang_csharp,101710.0,1,1,0.8243293256118238,True
27333,C#,lang_csharp,22924.0,0,0,0.06695904865073264,True
17548,C#,lang_csharp,65000.0,0,0,0.09968845588423557,True
17335,C#,lang_csharp,145000.0,1,1,0.9608009642009023,True
28500,C#,lang_csharp,154000.0,1,1,0.8238673414156543,True
42226,C#,lang_csharp,56379.0,0,0,0.11081149899772424,True
5035,C#,lang_csharp,4059.0,0,0,0.014693038753009001,True
30549,C#,lang_csharp,112663.0,1,1,0.9610964021818973,True
32003,C#,lang_csharp,26508.0,0,0,0.035304542725460124,True
30996,C#,lang_csharp,97045.0,1,1,0.6777210550692113,True
16928,C#,lang_csharp,6765.0,0,0,0.11136893036594794,True
15081,C#,lang_csharp,70000.0,0,1,0.9737786427572641,False
34342,C#,lang_csharp,84691.0,1,0,0.10151636454622329,False
34799,C#,lang_csharp,32484.0,0,0,0.0624074324580022,True
46667,C#,lang_csharp,22975.0,0,0,0.14175509019123228,True
38482,C#,lang_csharp,57427.0,0,0,0.11724945577209427,True
40649,C#,lang_csharp,16855.0,0,0,0.018221131138248428,True
4782,C#,lang_csharp,58471.0,0,0,0.35807430251245126,True
12716,C#,lang_csharp,74878.0,0,0,0.18618239118239555,True
42147,C#,lang_csharp,87011.0,1,0,0.36540784977521024,False
12651,C#,lang_csharp,44550.0,0,0,0.24055279973200483,True
36386,C#,lang_csharp,111374.0,1,1,0.5432262830036015,True
16984,C#,lang_csharp,81685.0,1,1,0.5732126291675856,True
11418,C#,lang_csharp,98612.0,1,1,0.8818982056010635,True
33940,C#,lang_csharp,17734.0,0,0,0.0626197481595447,True
36451,C#,lang_csharp,48726.0,0,0,0.12058061228415803,True
6788,C#,lang_csharp,10000.0,0,0,0.02251551469502968,True
26670,C#,lang_csharp,216000.0,1,1,0.9499330061531741,True
19522,C#,lang_csharp,63808.0,0,0,0.15679420099586472,True
24699,C#,lang_csharp,120000.0,1,1,0.9547625886908286,True
14233,C#,lang_csharp,30498.0,0,0,0.10395123148806902,True
30657,C#,lang_csharp,60377.0,0,0,0.15728461595499982,True
3551,C#,lang_csharp,104413.0,1,1,0.6095736517292003,True
3643,C#,lang_csharp,81870.0,1,1,0.5290616705563614,True
12708,C#,lang_csharp,76570.0,1,0,0.35493325502352235,False
4989,C#,lang_csharp,133417.0,1,1,0.9685171712117037,True
20605,C#,lang_csharp,86721.0,1,0,0.37794838828059946,False
31228,C#,lang_csharp,88492.0,1,1,0.6534109167625249,True
32145,C#,lang_csharp,120000.0,1,1,0.8913151888331702,True
1504,C#,lang_csharp,110000.0,1,1,0.8805027167228596,True
4667,C#,lang_csharp,154991.0,1,1,0.905807468200509,True
20290,C#,lang_csharp,37125.0,0,0,0.14323018006637853,True
44088,C#,lang_csharp,108083.0,1,1,0.827796415030165,True
6046,C#,lang_csharp,57711.0,0,0,0.15969272738365037,True
19423,C#,lang_csharp,92812.0,1,0,0.11294643148731887,False
14308,C#,lang_csharp,175000.0,1,1,0.9570912763717919,True
6876,C#,lang_csharp,6974.0,0,0,0.009689407468470416,True
16826,C#,lang_csharp,23966.0,0,0,0.10708966870414637,True
2270,C#,lang_csharp,80050.0,1,1,0.6658382678543242,True
12799,C#,lang_csharp,23203.0,0,0,0.017853564474484464,True
13642,C#,lang_csharp,63500.0,0,1,0.7506448728992355,False
40738,C#,lang_csharp,84512.0,1,1,0.6999719284359188,True
668,C#,lang_csharp,56499.0,0,0,0.47279719473294163,True
36336,C#,lang_csharp,121815.0,1,1,0.5591456000961672,True
15390,C#,lang_csharp,135000.0,1,1,0.9439585811422758,True
14974,C#,lang_csharp,220000.0,1,1,0.9385655718035417,True
37636,C#,lang_csharp,140000.0,1,1,0.8904489534268872,True
16182,C#,lang_csharp,11601.0,0,1,0.7090195922379049,False
37324,C#,lang_csharp,5812.0,0,0,0.0211172858971074,True
44113,C#,lang_csharp,52207.0,0,0,0.17470775413297712,True
44820,C#,lang_csharp,12633.0,0,0,0.036305531200024124,True
38359,C#,lang_csharp,26103.0,0,0,0.08091744073578545,True
914,C#,lang_csharp,48000.0,0,1,0.7074938636323478,False
17043,C#,lang_csharp,23403.0,0,0,0.009588113981395988,True
13962,C#,lang_csharp,3817.0,0,0,0.005348970107563495,True
40225,C#,lang_csharp,50000.0,0,0,0.4826426464683586,True
15110,C#,lang_csharp,165000.0,1,1,0.8650675705925561,True
27247,C#,lang_csharp,54457.0,0,1,0.6750333636004211,False
19320,C#,lang_csharp,70440.0,0,0,0.3051369749549231,True
48377,C#,lang_csharp,75000.0,0,1,0.6962349508736421,False
42571,C#,lang_csharp,58007.0,0,1,0.6747339048158173,False
8928,C#,lang_csharp,6000.0,0,0,0.09039144272630951,True
27689,C#,lang_csharp,148791.0,1,1,0.9237580997866583,True
22327,C#,lang_csharp,95000.0,1,1,0.6531614294265111,True
17256,C#,lang_csharp,46000.0,0,0,0.4865520461001569,True
16744,C#,lang_csharp,98022.0,1,1,0.8042192570858012,True
36882,C#,lang_csharp,116464.0,1,1,0.6854424999031314,True
22463,C#,lang_csharp,74249.0,0,0,0.14531417753947215,True
2067,C#,lang_csharp,81835.0,1,1,0.6755746277525229,True
4086,C#,lang_csharp,97452.0,1,1,0.8533691259296405,True
36153,C#,lang_csharp,34804.0,0,1,0.6413736507669547,False
14170,C#,lang_csharp,29901.0,0,0,0.029678010462657795,True
28551,C#,lang_csharp,72155.0,0,1,0.9113221251818816,False
4355,C#,lang_csharp,87011.0,1,1,0.5010396319047579,True
5562,C#,lang_csharp,106431.0,1,0,0.488133325925476,False
35825,C#,lang_csharp,87011.0,1,1,0.6022538520173328,True
37567,C#,lang_csharp,200000.0,1,1,0.9542959320244299,True
11563,C#,lang_csharp,90000.0,1,1,0.6998760793533078,True
23626,C#,lang_csharp,44052.0,0,0,0.12218228402463467,True
17326,C#,lang_csharp,73000.0,0,1,0.7354235848489242,False
31982,C#,lang_csharp,165000.0,1,1,0.9716617294362578,True
35948,C#,lang_csharp,49886.0,0,0,0.03777733497129682,True
13526,C#,lang_csharp,46406.0,0,1,0.7222648841499185,False
27112,C#,lang_csharp,9798.0,0,1,0.7590590165129522,False
1140,C#,lang_csharp,62893.0,0,0,0.4664456623972919,True
11720,C#,lang_csharp,136141.0,1,0,0.37412802472100726,False
38243,C#,lang_csharp,195000.0,1,1,0.9893778391374461,True
24261,C#,lang_csharp,75410.0,0,0,0.10857973059309835,True
6523,C#,lang_csharp,111975.0,1,1,0.7339245752497308,True
11138,C#,lang_csharp,15619.0,0,0,0.02367678579794248,True
20725,C#,lang_csharp,90491.0,1,1,0.5670602791391208,True
5811,C#,lang_csharp,150000.0,1,0,0.4077981727572651,False
8677,C#,lang_csharp,65496.0,0,0,0.43116619748626084,True
12000,C#,lang_csharp,204500.0,1,1,0.9861390433862793,True
37498,C#,lang_csharp,129250.0,1,1,0.7384293556390571,True
2323,C#,lang_csharp,37705.0,0,0,0.09921459927822388,True
34597,C#,lang_csharp,84808.0,1,0,0.23933278744983938,False
8586,C#,lang_csharp,74650.0,0,1,0.7427277365861314,False
37308,C#,lang_csharp,210000.0,1,1,0.9823873521198504,True
10199,C#,lang_csharp,48726.0,0,0,0.37821051530578126,True
25746,C#,lang_csharp,7281.0,0,0,0.06891356195070476,True
1534,C#,lang_csharp,110000.0,1,1,0.9283592123065005,True
37131,C#,lang_csharp,135000.0,1,1,0.9491313422119347,True
2431,C#,lang_csharp,34804.0,0,0,0.172654817134683,True
11545,C#,lang_csharp,129334.0,1,1,0.7066131692931161,True
20480,C#,lang_csharp,138358.0,1,1,0.9572751033122993,True
45891,C#,lang_csharp,162523.0,1,1,0.9728459548872432,True
24076,C#,lang_csharp,220000.0,1,1,0.9742303200085464,True
3051,C#,lang_csharp,143000.0,1,1,0.98697736978077,True
40617,C#,lang_csharp,120000.0,1,1,0.9255753517758534,True
46804,C#,lang_csharp,72958.0,0,1,0.8627987004899899,False
6896,C#,lang_csharp,7000.0,0,0,0.026844249148590776,True
41304,C#,lang_csharp,220000.0,1,1,0.9665218769120011,True
28695,C#,lang_csharp,1000.0,0,0,0.00038826232964697156,True
14884,C#,lang_csharp,36753.0,0,0,0.10844070793528088,True
4065,C#,lang_csharp,272283.0,1,1,0.9516597605089094,True
15817,C#,lang_csharp,42256.0,0,0,0.252899375176625,True
37973,C#,lang_csharp,31904.0,0,0,0.008160403144281349,True
20846,C#,lang_csharp,102142.0,1,1,0.7480313618949094,True
43556,C#,lang_csharp,115161.0,1,0,0.2491772001210324,False
48383,C#,lang_csharp,147071.0,1,1,0.8039200918185366,True
11642,C#,lang_csharp,139218.0,1,1,0.9605549414640163,True
43194,C#,lang_csharp,65348.0,0,1,0.7620107291564663,False
15868,C#,lang_csharp,130000.0,1,1,0.9398179453560475,True
40927,C#,lang_csharp,155521.0,1,1,0.93622066010059,True
14960,C#,lang_csharp,69609.0,0,0,0.4129564161991473,True
34607,C#,lang_csharp,92812.0,1,1,0.5557784451296041,True
35082,C#,lang_csharp,140000.0,1,1,0.9874192719948633,True
14602,C#,lang_csharp,58007.0,0,0,0.06033902491904948,True
13222,C#,lang_csharp,46406.0,0,0,0.15857656334268574,True
9840,C#,lang_csharp,115720.0,1,1,0.8175438721796909,True
31673,C#,lang_csharp,24000.0,0,0,0.1726356045740949,True
48336,C#,lang_csharp,55714.0,0,0,0.1946749513975915,True
34602,C#,lang_csharp,69609.0,0,0,0.22981316709470623,True
1562,C#,lang_csharp,50759.0,0,0,0.3740190606637928,True
12340,C#,lang_csharp,7643.0,0,0,0.06578179033474414,True
17954,C#,lang_csharp,58541.0,0,0,0.17204585423716018,True
19675,C#,lang_csharp,63808.0,0,1,0.524231541635875,False
25012,C#,lang_csharp,102106.0,1,1,0.5538769848197805,True
23675,C#,lang_csharp,136141.0,1,1,0.5948068705068542,True
29149,C#,lang_csharp,17558.0,0,0,0.05372362056643107,True
3158,C#,lang_csharp,77361.0,1,1,0.567403538498273,True
35759,C#,lang_csharp,8137.0,0,0,0.05157780974429635,True
22923,C#,lang_csharp,60847.0,0,0,0.2232761249966343,True
28116,C#,lang_csharp,90529.0,1,1,0.5615931773407711,True
40161,C#,lang_csharp,62721.0,0,0,0.4847473203689204,True
33113,C#,lang_csharp,84568.0,1,0,0.13719385915310592,False
31400,C#,lang_csharp,53376.0,0,0,0.13820952054073748,True
42239,C#,lang_csharp,46406.0,0,0,0.17561297457144914,True
26473,C#,lang_csharp,100000.0,1,1,0.9869566004341435,True
28236,C#,lang_csharp,20631.0,0,0,0.16583886101114834,True
409,C#,lang_csharp,205000.0,1,1,0.9901091797772663,True
9594,C#,lang_csharp,34700.0,0,0,0.04268130433990452,True
15417,C#,lang_csharp,143420.0,1,1,0.9452795296288032,True
35804,C#,lang_csharp,60000.0,0,0,0.008032409986071498,True
12038,C#,lang_csharp,8460.0,0,1,0.5548014850914263,False
12226,C#,lang_csharp,103282.0,1,1,0.74532928318049,True
10913,C#,lang_csharp,53095.0,0,0,0.1580578021555265,True
39208,C#,lang_csharp,84512.0,1,1,0.8083053487988858,True
19598,C#,lang_csharp,100000.0,1,1,0.783561804763336,True
26552,C#,lang_csharp,102400.0,1,1,0.8029732132060965,True
5027,C#,lang_csharp,100000.0,1,1,0.8821471681399006,True
28222,C#,lang_csharp,140417.0,1,0,0.4291545534282583,False
10343,C#,lang_csharp,59678.0,0,0,0.06018462044973324,True
30635,C#,lang_csharp,104015.0,1,1,0.9574868764445823,True
35797,C#,lang_csharp,88492.0,1,1,0.7652915271843003,True
28207,C#,lang_csharp,6187.0,0,0,0.018208462631455417,True
20349,C#,lang_csharp,81689.0,1,1,0.5300110255936572,True
15666,C#,lang_csharp,50314.0,0,1,0.5459407733833079,False
3205,C#,lang_csharp,315000.0,1,1,0.9490223055648045,True
4479,C#,lang_csharp,21687.0,0,0,0.06990878842459107,True
13310,C#,lang_csharp,81004.0,1,1,0.5488151520649583,True
21159,C#,lang_csharp,225000.0,1,1,0.9892588219385646,True
12868,C#,lang_csharp,20883.0,0,0,0.08325005687768638,True
6087,C#,lang_csharp,104413.0,1,1,0.6284565549584346,True
30624,C#,lang_csharp,63808.0,0,0,0.3732178226493553,True
42661,C#,lang_csharp,41765.0,0,0,0.0887354225833939,True
16606,C#,lang_csharp,41765.0,0,0,0.10175864748166107,True
18034,C#,lang_csharp,130000.0,1,1,0.9545921430917165,True
44554,C#,lang_csharp,150000.0,1,1,0.9709054165406792,True
15794,C#,lang_csharp,31324.0,0,0,0.04757936496424088,True
3202,C#,lang_csharp,200000.0,1,1,0.9889958835956949,True
28990,C#,lang_csharp,58320.0,0,1,0.6021432442327618,False
11159,C#,lang_csharp,19103.0,0,0,0.009842118059278706,True
34811,C#,lang_csharp,155000.0,1,1,0.9837060874583399,True
4709,C#,lang_csharp,60000.0,0,0,0.06161411293333495,True
40958,C#,lang_csharp,27359.0,0,0,0.1390576623894597,True
42034,C#,lang_csharp,11504.0,0,0,0.01623971552192529,True
28459,C#,lang_csharp,4650.0,0,0,0.018373689979477997,True
36284,C#,lang_csharp,111374.0,1,1,0.9287103831740033,True
30289,C#,lang_csharp,150000.0,1,1,0.9803384639908368,True
9298,C#,lang_csharp,185989.0,1,1,0.9969467635706977,True
37529,C#,lang_csharp,546.0,0,0,0.00792550480719309,True
46702,C#,lang_csharp,25523.0,0,0,0.08772072205629491,True
14814,C#,lang_csharp,61239.0,0,0,0.1768592280869329,True
5163,C#,lang_csharp,47063.0,0,0,0.42956590076471673,True
48602,C#,lang_csharp,65533.0,0,0,0.20650583432015232,True
3116,C#,lang_csharp,135000.0,1,1,0.6381958791834799,True
17932,C#,lang_csharp,140000.0,1,1,0.6757621991158882,True
962,C#,lang_csharp,200000.0,1,1,0.9906213092046556,True
673,C#,lang_csharp,130000.0,1,1,0.9934332199038775,True
40828,C#,lang_csharp,120000.0,1,1,0.830572638786328,True
20658,C#,lang_csharp,69609.0,0,0,0.29053669037926005,True
3983,C#,lang_csharp,66128.0,0,0,0.44330274158354765,True
30566,C#,lang_csharp,50000.0,0,1,0.969697035700223,False
17385,C#,lang_csharp,138431.0,1,1,0.9193267099792313,True
3834,C#,lang_csharp,20296.0,0,0,0.0500246144412223,True
31882,C#,lang_csharp,775.0,0,0,0.030921195039242365,True
9278,C#,lang_csharp,107265.0,1,1,0.9056513577093905,True
36829,C#,lang_csharp,78011.0,1,1,0.8868679475147958,True
46339,C#,lang_csharp,60328.0,0,0,0.3024336608309939,True
44330,C#,lang_csharp,75000.0,0,1,0.8722884512490844,False
48222,C#,lang_csharp,180000.0,1,1,0.8225983369574961,True
39378,C#,lang_csharp,91018.0,1,0,0.1402178330791237,False
29156,C#,lang_csharp,64933.0,0,0,0.332709657735339,True
2673,C#,lang_csharp,10000.0,0,0,0.035493592052076535,True
4784,C#,lang_csharp,43565.0,0,0,0.11759327178758935,True
18477,C#,lang_csharp,104000.0,1,1,0.737097566473514,True
12894,C#,lang_csharp,92812.0,1,0,0.4732997386675863,False
6751,C#,lang_csharp,31809.0,0,0,0.012611962412322469,True
27790,C#,lang_csharp,133919.0,1,1,0.6825133650561284,True
36961,C#,lang_csharp,59307.0,0,0,0.16864101473177157,True
25124,C#,lang_csharp,58007.0,0,0,0.4089713045709148,True
29017,C#,lang_csharp,105000.0,1,1,0.7698375434636361,True
35399,C#,lang_csharp,83203.0,1,1,0.7406131915901424,True
40374,C#,lang_csharp,55000.0,0,0,0.37169610656891966,True
36744,C#,lang_csharp,100000.0,1,1,0.769410547232614,True
14256,C#,lang_csharp,67122.0,0,1,0.604877840011755,False
13217,C#,lang_csharp,250000.0,1,1,0.9715351418103266,True
38557,C#,lang_csharp,56604.0,0,1,0.7414654297612615,False
27225,C#,lang_csharp,13780.0,0,0,0.013728198575621978,True
3910,C#,lang_csharp,136392.0,1,1,0.928002475011817,True
12566,C#,lang_csharp,124000.0,1,1,0.746961919458823,True
1378,C#,lang_csharp,16374.0,0,0,0.04365042930816743,True
3986,C#,lang_csharp,41640.0,0,0,0.13848944965550486,True
3552,C#,lang_csharp,58471.0,0,0,0.12200832374797961,True
34654,C#,lang_csharp,47566.0,0,0,0.149356502687841,True
15673,C#,lang_csharp,40000.0,0,1,0.6335948108095363,False
33440,C#,lang_csharp,44086.0,0,0,0.1432669753397237,True
39533,C#,lang_csharp,64933.0,0,1,0.743620082266653,False
3887,C#,lang_csharp,70440.0,0,0,0.38198822498081586,True
11000,C#,lang_csharp,120000.0,1,1,0.7780014059298856,True
19705,C#,lang_csharp,79315.0,1,1,0.899262700281881,True
28206,C#,lang_csharp,114359.0,1,1,0.7845357307636046,True
44558,C#,lang_csharp,90491.0,1,0,0.34782432861453083,False
18524,C#,lang_csharp,125000.0,1,1,0.8921414275169435,True
12870,C#,lang_csharp,90353.0,1,1,0.7714427554902613,True
32057,C#,lang_csharp,162000.0,1,1,0.9030011547972527,True
37292,C#,lang_csharp,270000.0,1,1,0.9812799759240766,True
310,C#,lang_csharp,63808.0,0,1,0.6022922829648641,False
37381,C#,lang_csharp,9006.0,0,0,0.4257960125298015,True
45280,C#,lang_csharp,58007.0,0,0,0.3582764259069174,True
11372,C#,lang_csharp,200000.0,1,1,0.9642574203742558,True
24920,C#,lang_csharp,17402.0,0,0,0.0046233011179911115,True
2736,C#,lang_csharp,128000.0,1,1,0.928888033914982,True
41953,C#,lang_csharp,98612.0,1,1,0.6599727748671331,True
2278,C#,lang_csharp,1400.0,0,0,0.0937406181900804,True
21978,C#,lang_csharp,6974.0,0,0,0.027676656334981863,True
20430,C#,lang_csharp,33849.0,0,0,0.03320752906100474,True
16119,C#,lang_csharp,73375.0,0,0,0.3019536276673071,True
25656,C#,lang_csharp,319659.0,1,0,0.021485703141315034,False
8405,C#,lang_csharp,80323.0,1,1,0.7493123718905562,True
5258,C#,lang_csharp,6822.0,0,1,0.8524879609709515,False
21345,C#,lang_csharp,33805.0,0,0,0.19257576340681734,True
37608,C#,lang_csharp,191424.0,1,1,0.707201723582854,True
18156,C#,lang_csharp,170000.0,1,1,0.9673718482466472,True
16144,C#,lang_csharp,34804.0,0,0,0.0726021978256468,True
1380,C#,lang_csharp,89331.0,1,1,0.6611250907045569,True
5631,C#,lang_csharp,81038.0,1,1,0.7879578068570912,True
16021,C#,lang_csharp,81318.0,1,0,0.2896731010474933,False
13957,C#,lang_csharp,54611.0,0,0,0.24096792122704513,True
42902,C#,lang_csharp,35500.0,0,0,0.10251421057531049,True
11512,C#,lang_csharp,4093.0,0,0,0.18571583668581498,True
2904,C#,lang_csharp,91215.0,1,1,0.7479307347480987,True
950,C#,lang_csharp,47650.0,0,0,0.46216211600725576,True
16509,C#,lang_csharp,56167.0,0,0,0.3724112604482981,True
22223,C#,lang_csharp,45480.0,0,1,0.6880790757228644,False
16210,C#,lang_csharp,23203.0,0,0,0.025473793912103783,True
34737,C#,lang_csharp,85000.0,1,1,0.8988573272997206,True
15564,C#,lang_csharp,114447.0,1,1,0.8255824631716078,True
9413,C#,lang_csharp,259.0,0,0,0.031088799986326538,True
40992,C#,lang_csharp,400000.0,1,1,0.9756165322882381,True
15323,C#,lang_csharp,139218.0,1,1,0.8384138305608936,True
2989,C#,lang_csharp,72870.0,0,0,0.05992933442500078,True
38088,C#,lang_csharp,63808.0,0,1,0.5539662623576571,False
25914,C#,lang_csharp,43565.0,0,0,0.13525007507292827,True
28933,C#,lang_csharp,140000.0,1,1,0.9576315891591863,True
15490,C#,lang_csharp,280000.0,1,1,0.8454606183778745,True
13793,C#,lang_csharp,81870.0,1,1,0.6782970281170528,True
27752,C#,lang_csharp,160000.0,1,1,0.9060957011337584,True
3197,C#,lang_csharp,140000.0,1,1,0.9476225445876414,True
16770,C#,lang_csharp,20883.0,0,0,0.002663389095904828,True
18518,C#,lang_csharp,16338.0,0,0,0.033335635649666594,True
38753,C#,lang_csharp,102106.0,1,1,0.7998696541411676,True
8143,C#,lang_csharp,46406.0,0,0,0.255211228046234,True
3232,C#,lang_csharp,93365.0,1,1,0.7761359989695745,True
28522,C#,lang_csharp,104829.0,1,0,0.4275369753543865,False
1056,C#,lang_csharp,73901.0,0,0,0.010165499396929664,True
5248,C#,lang_csharp,68071.0,0,0,0.36527565859532996,True
4614,C#,lang_csharp,34804.0,0,0,0.03471094632959667,True
33481,C#,lang_csharp,4877.0,0,0,0.007801276637520216,True
27224,C#,lang_csharp,58120.0,0,0,0.13849895225396075,True
15065,C#,lang_csharp,120000.0,1,1,0.9743577920456856,True
6535,C#,lang_csharp,160000.0,1,1,0.9628455415980975,True
45214,C#,lang_csharp,12254.0,0,0,0.007701380292973178,True
24805,C#,lang_csharp,267.0,0,0,0.04762959243078582,True
281,C#,lang_csharp,106190.0,1,1,0.7087375669193674,True
5558,C#,lang_csharp,50000.0,0,1,0.7984588345992231,False
17870,C#,lang_csharp,220000.0,1,1,0.9501177220438718,True
22940,C#,lang_csharp,66128.0,0,0,0.23571727542735035,True
12498,C#,lang_csharp,145917.0,1,1,0.6432245211048292,True
20604,C#,lang_csharp,20319.0,0,0,0.06556021377923942,True
41162,C#,lang_csharp,65663.0,0,0,0.18549956739763887,True
11435,C#,lang_csharp,63808.0,0,0,0.10501470295988322,True
12012,C#,lang_csharp,70208.0,0,1,0.702623472083851,False
28605,C#,lang_csharp,18516.0,0,0,0.2121792657725433,True
26808,C#,lang_csharp,109160.0,1,0,0.4495599852958736,False
5092,C#,lang_csharp,140000.0,1,1,0.9557107363018048,True
582,C#,lang_csharp,78890.0,1,0,0.3224777387712865,False
17427,C#,lang_csharp,200000.0,1,1,0.948358562845872,True
27421,C#,lang_csharp,75410.0,0,0,0.4972318931879469,True
46638,C#,lang_csharp,94.0,0,1,0.7093718421842583,False
17092,C#,lang_csharp,91485.0,1,1,0.8773789898674557,True
11268,C#,lang_csharp,139218.0,1,1,0.8572300732062023,True
34494,C#,lang_csharp,108710.0,1,1,0.598469870892849,True
12015,C#,lang_csharp,200000.0,1,1,0.991130005677483,True
35731,C#,lang_csharp,74761.0,0,0,0.45172769735081725,True
47257,C#,lang_csharp,7645.0,0,1,0.9274512137796322,False
11525,C#,lang_csharp,102972.0,1,0,0.23254670747072928,False
3382,C#,lang_csharp,130000.0,1,1,0.8550530000630432,True
22878,C#,lang_csharp,31742.0,0,0,0.14224464971954393,True
3966,C#,lang_csharp,53367.0,0,0,0.18167573159030412,True
11999,C#,lang_csharp,5097.0,0,0,0.008734282832501302,True
6795,C#,lang_csharp,117017.0,1,0,0.32417701803690824,False
9296,C#,lang_csharp,15285.0,0,0,0.02935753848036447,True
46122,C#,lang_csharp,30164.0,0,0,0.1925333464965911,True
37948,C#,lang_csharp,24363.0,0,0,0.03597602596000395,True
27315,C#,lang_csharp,136450.0,1,0,0.3011027017649626,False
39572,C#,lang_csharp,68449.0,0,0,0.23051342745965003,True
33650,C#,lang_csharp,4273.0,0,0,0.012886810725392227,True
17103,C#,lang_csharp,63808.0,0,0,0.15534215249705544,True
40662,C#,lang_csharp,100000.0,1,0,0.22992639529973036,False
8999,C#,lang_csharp,84512.0,1,1,0.794265268945041,True
32339,C#,lang_csharp,580.0,0,0,0.015278389021622924,True
20355,C#,lang_csharp,30222.0,0,0,0.14073069788165318,True
314,C#,lang_csharp,109438.0,1,1,0.7976428197220553,True
5336,C#,lang_csharp,133000.0,1,1,0.9923947345265832,True
5057,C#,lang_csharp,102106.0,1,1,0.556215736091869,True
4147,C#,lang_csharp,99580.0,1,0,0.33349073979612887,False
17879,C#,lang_csharp,58007.0,0,0,0.33008527066647536,True
28805,C#,lang_csharp,30222.0,0,0,0.06541420600704999,True
3042,C#,lang_csharp,135000.0,1,1,0.9698469081131641,True
644,C#,lang_csharp,110000.0,1,1,0.9745362850566188,True
30017,C#,lang_csharp,275000.0,1,1,0.965034097556552,True
28927,C#,lang_csharp,5752.0,0,0,0.27131540403656856,True
27798,C#,lang_csharp,83293.0,1,1,0.6087313304064743,True
1470,C#,lang_csharp,145000.0,1,1,0.8627108679752468,True
20547,C#,lang_csharp,26213.0,0,0,0.10075700107925747,True
42675,C#,lang_csharp,40605.0,0,0,0.20077511284173327,True
13434,C#,lang_csharp,104413.0,1,0,0.0767254843981118,False
17118,C#,lang_csharp,58007.0,0,0,0.4290591107662091,True
3639,C#,lang_csharp,104413.0,1,0,0.47731102126541536,False
9157,C#,lang_csharp,108000.0,1,1,0.8986553159842469,True
21680,C#,lang_csharp,95000.0,1,1,0.7400075732780766,True
18390,C#,lang_csharp,54214.0,0,0,0.17078706664581148,True
27062,C#,lang_csharp,161191.0,1,1,0.9567959407434988,True
35803,C#,lang_csharp,364.0,0,0,0.010720449383882452,True
30538,C#,lang_csharp,120381.0,1,0,0.25753222570171136,False
934,C#,lang_csharp,110214.0,1,1,0.5025519860250696,True
38461,C#,lang_csharp,81685.0,1,0,0.17809437974322564,False
18530,C#,lang_csharp,104000.0,1,1,0.9665305595079631,True
15917,C#,lang_csharp,20428.0,0,0,0.01741200787824276,True
22315,C#,lang_csharp,34804.0,0,0,0.10200045874124616,True
39808,C#,lang_csharp,348044.0,1,1,0.5287663340276496,True
22407,C#,lang_csharp,11624.0,0,0,0.036208674534904624,True
21248,C#,lang_csharp,220000.0,1,1,0.9939987712093289,True
10661,C#,lang_csharp,58007.0,0,1,0.6675684048106048,False
46665,C#,lang_csharp,165000.0,1,1,0.9715046214338451,True
4428,C#,lang_csharp,34804.0,0,0,0.032656535314155036,True
36449,C#,lang_csharp,4390.0,0,0,0.014501088691908694,True
41952,C#,lang_csharp,120000.0,1,1,0.8898991248000533,True
37615,C#,lang_csharp,14502.0,0,0,0.03557833365054509,True
15463,C#,lang_csharp,3282.0,0,0,0.21738816681426176,True
10272,C#,lang_csharp,176984.0,1,1,0.90265052013363,True
9381,C#,lang_csharp,63808.0,0,1,0.5548432506827039,False
43237,C#,lang_csharp,2075.0,0,0,0.04159677438618268,True
26761,C#,lang_csharp,34108.0,0,0,0.09175934037058713,True
35506,C#,lang_csharp,25504.0,0,0,0.047428913296714476,True
3663,C#,lang_csharp,47650.0,0,1,0.7393533798309425,False
26355,C#,lang_csharp,87011.0,1,1,0.5904326969885124,True
2938,C#,lang_csharp,153213.0,1,1,0.8268708177312265,True
19214,C#,lang_csharp,80000.0,1,1,0.6006046409241058,True
37558,C#,lang_csharp,149756.0,1,1,0.9126596728707771,True
45987,C#,lang_csharp,19761.0,0,0,0.022625441438442303,True
19073,C#,lang_csharp,81210.0,1,1,0.8192420099421642,True
36213,C#,lang_csharp,4641.0,0,0,0.07050419006803256,True
45517,C#,lang_csharp,81761.0,1,0,0.2552570485086839,False
36631,C#,lang_csharp,275000.0,1,1,0.9622182029272437,True
26477,C#,lang_csharp,2184.0,0,0,0.0002685931015967963,True
6964,C#,lang_csharp,351.0,0,0,0.010113423592723299,True
14526,C#,lang_csharp,12014.0,0,0,0.012455356048079297,True
22958,C#,lang_csharp,40263.0,0,0,0.059424709664834464,True
45858,C#,lang_csharp,76484.0,1,1,0.520681500901258,True
18638,C#,lang_csharp,110214.0,1,0,0.4800636760662628,False
25107,C#,lang_csharp,32484.0,0,0,0.405723906670861,True
18640,C#,lang_csharp,79062.0,1,1,0.9342158437128998,True
25828,C#,lang_csharp,130900.0,1,1,0.8282916610342764,True
21281,C#,lang_csharp,110000.0,1,0,0.10060896437912675,False
18996,C#,lang_csharp,159500.0,1,1,0.9196209073328916,True
163,C#,lang_csharp,44086.0,0,0,0.19024533496691182,True
25391,C#,lang_csharp,139218.0,1,1,0.9648691769330616,True
24979,C#,lang_csharp,71803.0,0,0,0.24160414498281607,True
43841,C#,lang_csharp,111594.0,1,1,0.9230745526549974,True
13144,C#,lang_csharp,25523.0,0,0,0.023619662867803676,True
20078,C#,lang_csharp,104510.0,1,1,0.677067780275265,True
37970,C#,lang_csharp,68134.0,0,0,0.3614294425483892,True
43647,C#,lang_csharp,32484.0,0,0,0.08690356968020453,True
30721,C#,lang_csharp,65009.0,0,1,0.7957906325068619,False
21288,C#,lang_csharp,120000.0,1,1,0.9604452567147592,True
3895,C#,lang_csharp,46406.0,0,0,0.13924544533183983,True
44998,C#,lang_csharp,38278.0,0,0,0.1781400037908506,True
2042,C#,lang_csharp,181000.0,1,1,0.9907566185739328,True
3148,C#,lang_csharp,14543.0,0,0,0.005928381135538469,True
45919,C#,lang_csharp,12786.0,0,0,0.10450523686322784,True
5526,C#,lang_csharp,87011.0,1,0,0.21277502458825773,False
29986,C#,lang_csharp,6321.0,0,0,0.006649595805581738,True
38371,C#,lang_csharp,115000.0,1,1,0.9152226671669748,True
31892,C#,lang_csharp,52530.0,0,1,0.7358551501343268,False
43718,C#,lang_csharp,115720.0,1,1,0.6661970706314374,True
3352,C#,lang_csharp,140000.0,1,1,0.9050677135860418,True
16375,C#,lang_csharp,142592.0,1,1,0.891170328273985,True
18871,C#,lang_csharp,32484.0,0,0,0.43587334744446765,True
25055,C#,lang_csharp,1872.0,0,0,0.07372520088669361,True
11492,C#,lang_csharp,200000.0,1,1,0.9578568301655757,True
4184,C#,lang_csharp,54112.0,0,0,0.4286527492120611,True
5171,C#,lang_csharp,81685.0,1,1,0.5481502688853657,True
33394,C#,lang_csharp,81685.0,1,1,0.8945281876225811,True
5716,C#,lang_csharp,56908.0,0,0,0.07424100401520467,True
1023,C#,lang_csharp,250000.0,1,0,0.30749321175706246,False
9702,C#,lang_csharp,47389.0,0,0,0.33497086608075277,True
6753,C#,lang_csharp,103000.0,1,1,0.8930918064467918,True
18121,C#,lang_csharp,13949.0,0,0,0.13593843364668565,True
13249,C#,lang_csharp,87011.0,1,0,0.44574685624379695,False
11548,C#,lang_csharp,300000.0,1,1,0.8972550664848326,True
42600,C#,lang_csharp,25000.0,0,0,0.050966961692280516,True
5561,C#,lang_csharp,198000.0,1,1,0.8988929075475328,True
21637,C#,lang_csharp,126239.0,1,0,0.14407958244032898,False
12434,C#,lang_csharp,224000.0,1,1,0.9669527181999414,True
39217,C#,lang_csharp,190000.0,1,1,0.9888167056994039,True
20727,C#,lang_csharp,92576.0,1,1,0.6973227897285453,True
2451,C#,lang_csharp,139218.0,1,0,0.4921467698143765,False
5815,C#,lang_csharp,34951.0,0,0,0.10091744912202906,True
14955,C#,lang_csharp,200000.0,1,1,0.9402292082146418,True
30048,C#,lang_csharp,4177.0,0,0,0.004845836790767024,True
5527,C#,lang_csharp,125000.0,1,1,0.8706900669013992,True
3466,C#,lang_csharp,111626.0,1,1,0.6825286728064055,True
30639,C#,lang_csharp,94339.0,1,1,0.7789690077505897,True
25015,C#,lang_csharp,208826.0,1,1,0.895168991139586,True
37006,C#,lang_csharp,48726.0,0,0,0.29431150714789317,True
16080,C#,lang_csharp,27844.0,0,0,0.04415406203077317,True
19192,C#,lang_csharp,97514.0,1,1,0.5260586434120108,True
2428,C#,lang_csharp,107894.0,1,1,0.6485894135832531,True
19311,C#,lang_csharp,44096.0,0,0,0.059827385008877534,True
37012,C#,lang_csharp,163370.0,1,1,0.8888676635881195,True
2825,C#,lang_csharp,87011.0,1,1,0.5760312551534541,True
12671,C#,lang_csharp,6192.0,0,0,0.02662183730712578,True
30662,C#,lang_csharp,68102.0,0,0,0.2539662424746072,True
17802,C#,lang_csharp,23203.0,0,0,0.16609187920628882,True
41899,C#,lang_csharp,36672.0,0,0,0.07336191288790858,True
30650,C#,lang_csharp,145917.0,1,1,0.5835562461406343,True
12297,C#,lang_csharp,24000.0,0,1,0.6241027394778047,False
12091,C#,lang_csharp,52946.0,0,1,0.6168968109678772,False
14687,C#,lang_csharp,7489.0,0,0,0.07154027706933958,True
32258,C#,lang_csharp,30164.0,0,0,0.07143331532190239,True
40943,C#,lang_csharp,65663.0,0,1,0.697288650621156,False
11622,C#,lang_csharp,165000.0,1,1,0.9709463320400904,True
4877,C#,lang_csharp,140000.0,1,1,0.976320361013176,True
12133,C#,lang_csharp,111374.0,1,1,0.922818124389842,True
41839,C#,lang_csharp,78633.0,1,0,0.18857396588887154,False
11238,C#,lang_csharp,34804.0,0,0,0.392786141727245,True
28621,C#,lang_csharp,160000.0,1,1,0.9636508867783485,True
10849,C#,lang_csharp,280000.0,1,1,0.9151963672773583,True
39328,C#,lang_csharp,5900.0,0,1,0.9857246614938342,False
13755,C#,lang_csharp,54719.0,0,0,0.0922197550288523,True
27737,C#,lang_csharp,32767.0,0,0,0.1655388630536554,True
46976,C#,lang_csharp,25071.0,0,0,0.081989397029479,True
25144,C#,lang_csharp,30000.0,0,0,0.17605963053342122,True
22173,C#,lang_csharp,227533.0,1,1,0.8889212247503825,True
39024,C#,lang_csharp,204212.0,1,1,0.8245589532991046,True
26161,C#,lang_csharp,73089.0,0,0,0.328237241857313,True
36078,C#,lang_csharp,87763.0,1,1,0.6876940529161502,True
12524,C#,lang_csharp,130222.0,1,1,0.9286022848560134,True
3089,C#,lang_csharp,116733.0,1,1,0.5922638116833465,True
10738,C#,lang_csharp,1334.0,0,0,0.05622389293175161,True
41041,C#,lang_csharp,368.0,0,0,0.14872763669103853,True
24134,C#,lang_csharp,72393.0,0,1,0.6925928249216702,False
651,C#,lang_csharp,72958.0,0,0,0.4644503230727016,True
33212,C#,lang_csharp,50000.0,0,0,0.2983725665100825,True
17198,C#,lang_csharp,179790.0,1,1,0.9925227773547305,True
46341,C#,lang_csharp,15311.0,0,0,0.20520411506481256,True
106,C#,lang_csharp,87561.0,1,1,0.8294491001632113,True
39791,C#,lang_csharp,82522.0,1,1,0.5073256563414251,True
4573,C#,lang_csharp,34925.0,0,0,0.10682216370607085,True
36681,C#,lang_csharp,43775.0,0,0,0.2546102226411604,True
46879,C#,lang_csharp,92812.0,1,1,0.5318725571282895,True
31295,C#,lang_csharp,109114.0,1,1,0.9306459544593029,True
4490,C#,lang_csharp,93972.0,1,0,0.4661543008552594,False
40528,C#,lang_csharp,25248.0,0,0,0.1209050376547458,True
6121,C#,lang_csharp,104413.0,1,1,0.8636178768200007,True
36894,C#,lang_csharp,33710.0,0,0,0.0879965894719108,True
41299,C#,lang_csharp,116015.0,1,1,0.577306236655422,True
4835,C#,lang_csharp,91177.0,1,1,0.516309168016587,True
38055,C#,lang_csharp,64208.0,0,1,0.7403212561693383,False
19824,C#,lang_csharp,2092.0,0,0,0.005056252411043292,True
12085,C#,lang_csharp,129750.0,1,1,0.9617013587560985,True
4204,C#,lang_csharp,45524.0,0,1,0.6766566251133853,False
11152,C#,lang_csharp,85851.0,1,1,0.6789240801328829,True
11727,C#,lang_csharp,20883.0,0,0,0.04183349945595796,True
21151,C#,lang_csharp,120471.0,1,1,0.9027996616888877,True
29280,C#,lang_csharp,83212.0,1,1,0.5258065909828931,True
48832,C#,lang_csharp,1624.0,0,0,0.09588812838089987,True
15384,C#,lang_csharp,120000.0,1,1,0.9050020399096609,True
13007,C#,lang_csharp,32748.0,0,0,0.10585520336600823,True
18270,C#,lang_csharp,200000.0,1,1,0.8785104048815315,True
21301,C#,lang_csharp,57000.0,0,0,0.4174028871539799,True
1575,C#,lang_csharp,150000.0,1,1,0.928231412276616,True
1646,C#,lang_csharp,230000.0,1,1,0.9381728396709753,True
30519,C#,lang_csharp,31156.0,0,0,0.05836807523812301,True
41516,C#,lang_csharp,208826.0,1,1,0.8339770702680215,True
28534,C#,lang_csharp,46406.0,0,0,0.1706807171343413,True
18833,C#,lang_csharp,250000.0,1,1,0.9721280371198091,True
31385,C#,lang_csharp,24410.0,0,0,0.07206145002568454,True
21190,C#,lang_csharp,19307.0,0,0,0.08335307054231741,True
1381,C#,lang_csharp,145000.0,1,1,0.9640810772709164,True
44857,C#,lang_csharp,138621.0,1,1,0.9744213498355686,True
46350,C#,lang_csharp,31324.0,0,0,0.03358059083781979,True
4149,C#,lang_csharp,30000.0,0,1,0.8815851085542148,False
48374,C#,lang_csharp,53260.0,0,1,0.5482635543097596,False
6518,C#,lang_csharp,51486.0,0,0,0.09983815056272274,True
27563,C#,lang_csharp,133750.0,1,1,0.9199408965956681,True
5028,C#,lang_csharp,128481.0,1,1,0.8264275772668194,True
13415,C#,lang_csharp,74396.0,0,1,0.7375993978389117,False
8580,C#,lang_csharp,20883.0,0,0,0.07872951996725273,True
16932,C#,lang_csharp,76606.0,1,1,0.7247667381540501,True
21888,C#,lang_csharp,24000.0,0,0,0.04143869617024676,True
28507,C#,lang_csharp,64369.0,0,0,0.30085833323265254,True
388,C#,lang_csharp,135000.0,1,1,0.9205138373955998,True
4175,C#,lang_csharp,58007.0,0,0,0.07419126015385678,True
17544,C#,lang_csharp,122527.0,1,1,0.9492393364569157,True
34030,C#,lang_csharp,2400.0,0,0,0.003133476627707189,True
19576,C#,lang_csharp,41208.0,0,1,0.5738109060993233,False
6628,C#,lang_csharp,111636.0,1,1,0.6787467855905085,True
29041,C#,lang_csharp,2731.0,0,0,0.11440213685758961,True
17081,C#,lang_csharp,20883.0,0,0,0.018257034007049398,True
41582,C#,lang_csharp,63808.0,0,0,0.2466335380613631,True
41573,C#,lang_csharp,71929.0,0,0,0.3894061563497084,True
30416,C#,lang_csharp,70000.0,0,1,0.7882448072454592,False
37223,C#,lang_csharp,88492.0,1,1,0.542960785717671,True
39926,C#,lang_csharp,160000.0,1,1,0.8635697083672078,True
12575,C#,lang_csharp,42730.0,0,0,0.17155162562566084,True
3176,C#,lang_csharp,75877.0,0,1,0.7520547417573068,False
42988,C#,lang_csharp,160000.0,1,1,0.9175886347611285,True
45080,C#,lang_csharp,117960.0,1,0,0.08617750226188456,False
31896,C#,lang_csharp,105000.0,1,1,0.8803880172186666,True
10455,C#,lang_csharp,127616.0,1,1,0.6895711731143506,True
17258,C#,lang_csharp,140000.0,1,1,0.9546131409409883,True
13863,C#,lang_csharp,66000.0,0,1,0.504462518229716,False
15726,C#,lang_csharp,150000.0,1,1,0.9184590039150397,True
28516,C#,lang_csharp,58007.0,0,0,0.07614551882222904,True
30372,C#,lang_csharp,25223.0,0,0,0.0111562044024949,True
41492,C#,lang_csharp,69609.0,0,0,0.17924286079049356,True
27708,C#,lang_csharp,150000.0,1,1,0.9448584014140025,True
37055,C#,lang_csharp,62648.0,0,0,0.37758721806841716,True
4327,C#,lang_csharp,75744.0,0,0,0.1022640995131995,True
45097,C#,lang_csharp,125000.0,1,1,0.8844797208540849,True
5003,C#,lang_csharp,140000.0,1,1,0.5767471121606653,True
149,C#,lang_csharp,150000.0,1,1,0.9639458218978114,True
16615,C#,lang_csharp,174000.0,1,1,0.928986710674713,True
12856,C#,lang_csharp,42622.0,0,0,0.03917471218179857,True
44948,C#,lang_csharp,125000.0,1,1,0.9379710545849712,True
37304,C#,lang_csharp,35684.0,0,1,0.6322379707205708,False
14542,C#,lang_csharp,66294.0,0,0,0.3236086224076375,True
4126,C#,lang_csharp,84408.0,1,1,0.780758546388739,True
11873,C#,lang_csharp,100000.0,1,1,0.8659047261703335,True
18541,C#,lang_csharp,120000.0,1,0,0.38737640952585983,False
37919,C#,lang_csharp,47445.0,0,0,0.040075686617165374,True
28273,C#,lang_csharp,2492.0,0,0,0.0008312897889486778,True
84,C#,lang_csharp,90000.0,1,1,0.9099850898825198,True
33976,C#,lang_csharp,12291.0,0,0,0.027292555870533662,True
5549,C#,lang_csharp,155000.0,1,1,0.9621831541734434,True
40322,C#,lang_csharp,35497.0,0,0,0.05468603551303942,True
35509,C#,lang_csharp,22739.0,0,0,0.19742198221043036,True
27709,C#,lang_csharp,133417.0,1,1,0.728943744311676,True
28709,C#,lang_csharp,185000.0,1,1,0.97338703510264,True
16777,C#,lang_csharp,121815.0,1,0,0.24636485193876792,False
12844,C#,lang_csharp,148791.0,1,1,0.9752722899220624,True
9259,C#,lang_csharp,20923.0,0,0,0.09469347091086797,True
37768,C#,lang_csharp,75000.0,0,1,0.8498492329652184,False
12734,C#,lang_csharp,44086.0,0,0,0.12041264153954197,True
12767,C#,lang_csharp,52207.0,0,1,0.7160901609493875,False
36349,C#,lang_csharp,91928.0,1,0,0.35615073568761213,False
15822,C#,lang_csharp,116015.0,1,0,0.3933184675684031,False
3614,C#,lang_csharp,66128.0,0,1,0.7832409340864827,False
4248,C#,lang_csharp,81210.0,1,1,0.7621537880057131,True
15508,C#,lang_csharp,169381.0,1,1,0.907135365045558,True
37388,C#,lang_csharp,26735.0,0,0,0.06273350269896615,True
13135,C#,lang_csharp,66310.0,0,0,0.4689695325942683,True
25679,C#,lang_csharp,81377.0,1,0,0.11144890976413468,False
3608,C#,lang_csharp,32764.0,0,0,0.20808666689703806,True
9876,C#,lang_csharp,85851.0,1,0,0.3792990617188399,False
6340,C#,lang_csharp,20883.0,0,0,0.03817760428574546,True
28525,C#,lang_csharp,67289.0,0,0,0.28260457632314234,True
35591,C#,lang_csharp,120471.0,1,1,0.8291056004177916,True
12571,C#,lang_csharp,1162.0,0,0,0.14812931879102822,True
15772,C#,lang_csharp,155000.0,1,1,0.9852943685656148,True
17820,C#,lang_csharp,250000.0,1,1,0.9442848057937397,True
6274,C#,lang_csharp,105341.0,1,0,0.1325501735025842,False
28921,C#,lang_csharp,85000.0,1,1,0.9057204928947717,True
20819,C#,lang_csharp,150000.0,1,1,0.7628291588978432,True
41711,C#,lang_csharp,52308.0,0,0,0.27601455927628865,True
32969,C#,lang_csharp,28759.0,0,0,0.06238299188765016,True
36964,C#,lang_csharp,30164.0,0,0,0.3261931541359741,True
9815,C#,lang_csharp,16242.0,0,0,0.0015878417686962312,True
18148,C#,lang_csharp,23665.0,0,0,0.09845675670317992,True
38091,C#,lang_csharp,118443.0,1,1,0.7178586787356236,True
38182,C#,lang_csharp,136141.0,1,1,0.871094782885187,True
40715,C#,lang_csharp,58007.0,0,0,0.34868853595285537,True
1128,C#,lang_csharp,215000.0,1,1,0.9745022267532975,True
562,C#,lang_csharp,37125.0,0,0,0.12905256007245605,True
21524,C#,lang_csharp,120000.0,1,1,0.9368467066243977,True
39255,C#,lang_csharp,50000.0,0,1,0.9651963713191856,False
47986,C#,lang_csharp,298.0,0,0,0.03859919939629006,True
45754,C#,lang_csharp,50000.0,0,0,0.06996453222909112,True
6483,C#,lang_csharp,108708.0,1,1,0.7334728798929541,True
20102,C#,lang_csharp,297.0,0,0,0.00923104451395195,True
26703,C#,lang_csharp,46406.0,0,0,0.20067840885828292,True
10814,C#,lang_csharp,32484.0,0,0,0.013146836221327108,True
11072,C#,lang_csharp,60000.0,0,1,0.5531191886786291,False
14268,C#,lang_csharp,69744.0,0,0,0.047308872287901024,True
5846,C#,lang_csharp,182396.0,1,1,0.91663844992835,True
27515,C#,lang_csharp,44000.0,0,1,0.602706476073673,False
38591,C#,lang_csharp,2322.0,0,0,0.07386030913827991,True
18854,C#,lang_csharp,83727.0,1,1,0.5926193006378672,True
15432,C#,lang_csharp,200000.0,1,1,0.9545383217435879,True
6719,C#,lang_csharp,5451.0,0,0,0.2578332071329896,True
29231,C#,lang_csharp,110516.0,1,0,0.25294269982234446,False
33446,C#,lang_csharp,23203.0,0,0,0.00046979274106652923,True
19563,C#,lang_csharp,116256.0,1,0,0.26248616129666236,False
44778,C#,lang_csharp,92812.0,1,0,0.49143211956106253,False
15103,C#,lang_csharp,21208.0,0,0,0.016280535666227967,True
45167,C#,lang_csharp,74418.0,0,1,0.828846283159431,False
27668,C#,lang_csharp,150000.0,1,1,0.9726602881095118,True
39912,C#,lang_csharp,89853.0,1,1,0.5717121550714579,True
14665,C#,lang_csharp,6545.0,0,0,0.0038337582778368777,True
11063,C#,lang_csharp,69744.0,0,0,0.1897306252307791,True
36406,C#,lang_csharp,195000.0,1,1,0.9749616483978454,True
5532,C#,lang_csharp,69609.0,0,0,0.3677985619748731,True
20265,C#,lang_csharp,63808.0,0,0,0.38453628334380857,True
11481,C#,lang_csharp,81210.0,1,1,0.5986482141527624,True
17097,C#,lang_csharp,52207.0,0,0,0.4453343731325583,True
42839,C#,lang_csharp,12796.0,0,0,0.11321151845470785,True
43086,C#,lang_csharp,2970.0,0,0,0.14758013601567035,True
33566,C#,lang_csharp,575.0,0,0,0.0002648966238446723,True
19540,C#,lang_csharp,44086.0,0,0,0.15613681912531033,True
20715,C#,lang_csharp,83858.0,1,0,0.18701227810723103,False
20240,C#,lang_csharp,1187.0,0,0,0.041780846613781925,True
43378,C#,lang_csharp,87000.0,1,1,0.773324154392748,True
29673,C#,lang_csharp,11624.0,0,0,0.027089090908548386,True
14669,C#,lang_csharp,81210.0,1,0,0.36651718337302874,False
33347,C#,lang_csharp,58007.0,0,1,0.8983813915318016,False
12773,C#,lang_csharp,81318.0,1,0,0.3629383686976976,False
38171,C#,lang_csharp,98612.0,1,0,0.4752087380180163,False
6056,C#,lang_csharp,122527.0,1,1,0.8121381409961819,True
17420,C#,lang_csharp,61264.0,0,0,0.48457590099582804,True
40788,C#,lang_csharp,140000.0,1,1,0.9817502282310779,True
14074,C#,lang_csharp,120000.0,1,1,0.7992113390293067,True
1724,C#,lang_csharp,55687.0,0,0,0.4430160463212791,True
610,C#,lang_csharp,174022.0,1,0,0.021230550928334518,False
38198,C#,lang_csharp,19350.0,0,0,0.08065229028015812,True
44198,C#,lang_csharp,48726.0,0,0,0.1288068742445807,True
447,C#,lang_csharp,167804.0,1,1,0.8382799070889004,True
28235,C#,lang_csharp,623.0,0,0,0.05052832044284526,True
2024,C#,lang_csharp,83200.0,1,0,0.44043701002499863,False
41099,C#,lang_csharp,46844.0,0,0,0.15339250324003068,True
32690,C#,lang_csharp,44096.0,0,0,0.07068049056245114,True
44795,C#,lang_csharp,23203.0,0,0,0.044780301951320586,True
26976,C#,lang_csharp,116015.0,1,1,0.8817650540926989,True
39322,C#,lang_csharp,21729.0,0,0,0.07419160542303566,True
35026,C#,lang_csharp,10000.0,0,1,0.5040343940038469,False
15305,C#,lang_csharp,6033.0,0,0,0.3816484426205032,True
33067,C#,lang_csharp,77730.0,1,1,0.5297266089424325,True
16355,C#,lang_csharp,23203.0,0,0,0.03861326793649838,True
19949,C#,lang_csharp,51627.0,0,0,0.2615696424444521,True
25377,C#,lang_csharp,17402.0,0,0,0.04233684000234547,True
36493,C#,lang_csharp,148791.0,1,1,0.8998882966058803,True
44702,C#,lang_csharp,70040.0,0,0,0.38761171811291534,True
31034,C#,lang_csharp,4912.0,0,0,0.3155843150220485,True
1398,C#,lang_csharp,22108.0,0,0,0.01942954238373795,True
2650,C#,lang_csharp,141188.0,1,1,0.5043859467438958,True
23841,C#,lang_csharp,72958.0,0,0,0.42650152929821206,True
13134,C#,lang_csharp,98612.0,1,1,0.5867209353341629,True
5025,C#,lang_csharp,34804.0,0,0,0.026196511019696233,True
13264,C#,lang_csharp,103000.0,1,1,0.5199168508573857,True
18633,C#,lang_csharp,70474.0,0,0,0.32409609107323323,True
33147,C#,lang_csharp,140000.0,1,1,0.9785221840239852,True
11604,C#,lang_csharp,175000.0,1,1,0.9438925372180845,True
28043,C#,lang_csharp,88492.0,1,1,0.5567341525571067,True
25707,C#,lang_csharp,2904.0,0,1,0.5107468536217289,False
14441,C#,lang_csharp,4710.0,0,0,0.00201786679233376,True
1221,C#,lang_csharp,153000.0,1,1,0.8482915304779506,True
15206,C#,lang_csharp,81210.0,1,0,0.1418428414437198,False
4237,C#,lang_csharp,48757.0,0,0,0.3892062994053568,True
34306,C#,lang_csharp,58007.0,0,0,0.12589046650196936,True
36872,C#,lang_csharp,20071.0,0,0,0.06462083195032078,True
1905,C#,lang_csharp,89183.0,1,1,0.7652138731260728,True
15245,C#,lang_csharp,250000.0,1,1,0.9424514602869267,True
34091,C#,lang_csharp,325000.0,1,1,0.9694345434081635,True
29879,C#,lang_csharp,220000.0,1,1,0.9877020736660005,True
12344,C#,lang_csharp,325000.0,1,1,0.9096815185369396,True
5496,C#,lang_csharp,1316.0,0,0,0.25765190839540264,True
23123,C#,lang_csharp,160000.0,1,0,0.10986358676054697,False
42700,C#,lang_csharp,83857.0,1,1,0.7154999527851961,True
16004,C#,lang_csharp,134000.0,1,1,0.836863487264437,True
36464,C#,lang_csharp,190000.0,1,1,0.9376834764972296,True
10246,C#,lang_csharp,149756.0,1,1,0.7516429878709616,True
13980,C#,lang_csharp,107848.0,1,0,0.08360272877612576,False
14424,C#,lang_csharp,111975.0,1,1,0.869657429278852,True
25325,C#,lang_csharp,24561.0,0,0,0.14003128100521003,True
39941,C#,lang_csharp,39445.0,0,0,0.08768792967386345,True
18010,C#,lang_csharp,7793.0,0,0,0.021626090443780104,True
40474,C#,lang_csharp,177889.0,1,1,0.9286482025177576,True
44835,C#,lang_csharp,52207.0,0,0,0.19449462488958855,True
32677,C#,lang_csharp,23248.0,0,0,0.12677443105234484,True
21765,C#,lang_csharp,95299.0,1,1,0.8546263270642072,True
38128,C#,lang_csharp,29060.0,0,0,0.018029833524587105,True
44035,C#,lang_csharp,6940.0,0,0,0.06396063108465334,True
12821,C#,lang_csharp,57179.0,0,0,0.39031917012899114,True
41260,C#,lang_csharp,54212.0,0,0,0.13567594318950607,True
1011,C#,lang_csharp,6000.0,0,0,0.05420271555618229,True
43370,C#,lang_csharp,27857.0,0,0,0.41543374992328436,True
33639,C#,lang_csharp,11090.0,0,0,0.052901965380134225,True
28892,C#,lang_csharp,42111.0,0,0,0.06439618854063046,True
47433,C#,lang_csharp,156620.0,1,1,0.6529863478566742,True
30991,C#,lang_csharp,1678.0,0,0,0.018613537043244165,True
13617,C#,lang_csharp,3426.0,0,0,0.12371918602198462,True
44153,C#,lang_csharp,61264.0,0,0,0.10376167115884631,True
22373,C#,lang_csharp,2286.0,0,0,0.040134490884696034,True
40991,C#,lang_csharp,53021.0,0,1,0.5168283968456974,False
31078,C#,lang_csharp,29004.0,0,0,0.06192240510422858,True
20001,C#,lang_csharp,47566.0,0,0,0.22578468707606375,True
16035,C#,lang_csharp,173590.0,1,1,0.9671373178708887,True
9096,C#,lang_csharp,183000.0,1,1,0.9339766450009664,True
11964,C#,lang_csharp,70000.0,0,1,0.8809996849801756,False
36530,C#,lang_csharp,100000.0,1,1,0.8724376922940548,True
3157,C#,lang_csharp,165000.0,1,1,0.9126923539696724,True
928,C#,lang_csharp,91000.0,1,1,0.7857614080106405,True
18576,C#,lang_csharp,23404.0,0,0,0.13622562113977033,True
1192,C#,lang_csharp,75744.0,0,0,0.3818985753284166,True
11857,C#,lang_csharp,6974.0,0,0,0.02017556587761978,True
15749,C#,lang_csharp,81210.0,1,0,0.15671948050951137,False
30,C#,lang_csharp,205000.0,1,1,0.9825441183333122,True
15965,C#,lang_csharp,21416.0,0,0,0.10123574301490561,True
5733,C#,lang_csharp,67289.0,0,1,0.5212624436251144,False
924,C#,lang_csharp,146000.0,1,1,0.9816456707327592,True
12055,C#,lang_csharp,60118.0,0,0,0.29609759586677975,True
5178,C#,lang_csharp,125000.0,1,1,0.9582421074710237,True
23962,C#,lang_csharp,108864.0,1,1,0.9492694727782136,True
10192,C#,lang_csharp,89868.0,1,1,0.7793638846790913,True
2688,C#,lang_csharp,85769.0,1,1,0.7572811917741958,True
37809,C#,lang_csharp,52007.0,0,0,0.3059534992796274,True
19093,C#,lang_csharp,205000.0,1,1,0.9965557298353241,True
44958,C#,lang_csharp,218875.0,1,1,0.9514436755160837,True
307,C#,lang_csharp,116015.0,1,1,0.841044996005731,True
27653,C#,lang_csharp,371247.0,1,1,0.8904943889432251,True
39756,C#,lang_csharp,47650.0,0,0,0.4050427304176401,True
1992,C#,lang_csharp,98612.0,1,1,0.7027645097628408,True
21440,C#,lang_csharp,140000.0,1,1,0.8405108170744352,True
25693,C#,lang_csharp,75000.0,0,1,0.7872689559958868,False
31843,C#,lang_csharp,110516.0,1,1,0.6650894775607252,True
36573,C#,lang_csharp,145000.0,1,1,0.9126737658715438,True
15173,C#,lang_csharp,95000.0,1,1,0.7703740741628031,True
29134,C#,lang_csharp,46000.0,0,0,0.12549888971721004,True
38061,C#,lang_csharp,208826.0,1,1,0.9672162585387521,True
11130,C#,lang_csharp,120000.0,1,1,0.6699556022733453,True
14181,C#,lang_csharp,49744.0,0,0,0.09693158053042017,True
45059,C#,lang_csharp,27306.0,0,0,0.3648617904527473,True
8900,C#,lang_csharp,90491.0,1,0,0.45733682091043326,False
547,C#,lang_csharp,138000.0,1,1,0.9630935251310364,True
6076,C#,lang_csharp,32727.0,0,0,0.12859449985787777,True
1479,C#,lang_csharp,87011.0,1,0,0.2920921793186085,False
21210,C#,lang_csharp,180000.0,1,1,0.9847025000804484,True
10085,C#,lang_csharp,20923.0,0,0,0.039065284877041445,True
40367,C#,lang_csharp,91000.0,1,1,0.578038059602535,True
36167,C#,lang_csharp,69609.0,0,0,0.49137173518595234,True
12520,C#,lang_csharp,41596.0,0,0,0.10820349108075947,True
33906,C#,lang_csharp,80000.0,1,1,0.9175949949130864,True
2056,C#,lang_csharp,57437.0,0,0,0.18390458702005089,True
6627,C#,lang_csharp,205000.0,1,1,0.9425522154926177,True
1952,C#,lang_csharp,69609.0,0,0,0.1287494386821873,True
38015,C#,lang_csharp,69609.0,0,1,0.5521477642333429,False
724,C#,lang_csharp,94846.0,1,1,0.968356302595186,True
27916,C#,lang_csharp,77707.0,1,0,0.48451185777764433,False
10436,C#,lang_csharp,116015.0,1,1,0.7946912442504694,True
29176,C#,lang_csharp,42653.0,0,0,0.1291635739598868,True
45122,C#,lang_csharp,185989.0,1,1,0.9819025840221152,True
5693,C#,lang_csharp,110000.0,1,1,0.7083891400008638,True
46159,C#,lang_csharp,33746.0,0,0,0.08893142516338425,True
9923,C#,lang_csharp,97452.0,1,1,0.9071987447479674,True
35870,C#,lang_csharp,39445.0,0,0,0.07737000497442709,True
12040,C#,lang_csharp,142155.0,1,1,0.9188700896385115,True
36291,C#,lang_csharp,170000.0,1,1,0.891186583288563,True
14356,C#,lang_csharp,138872.0,1,1,0.925631692742422,True
35256,C#,lang_csharp,49904.0,0,1,0.5019090425273348,False
30274,C#,lang_csharp,89118.0,1,0,0.4529763013552325,False
19869,C#,lang_csharp,47508.0,0,0,0.09934035797698736,True
14858,C#,lang_csharp,40605.0,0,0,0.09426383548043,True
5521,C#,lang_csharp,231150.0,1,1,0.9959592483965508,True
12867,C#,lang_csharp,71929.0,0,0,0.34606590572206125,True
34711,C#,lang_csharp,66666.0,0,0,0.4346066485065461,True
30786,C#,lang_csharp,19503.0,0,0,0.28516696325354657,True
12733,C#,lang_csharp,74249.0,0,1,0.680466018229415,False
10584,C#,lang_csharp,31583.0,0,0,0.06276445338351178,True
4569,C#,lang_csharp,89275.0,1,1,0.719862024284851,True
28899,C#,lang_csharp,34804.0,0,0,0.3618994021372259,True
5842,C#,lang_csharp,225000.0,1,1,0.9739087672316239,True
671,C#,lang_csharp,66824.0,0,0,0.19860445628132528,True
14997,C#,lang_csharp,54611.0,0,0,0.12591311898651186,True
35098,C#,lang_csharp,100700.0,1,1,0.9562360540524777,True
28914,C#,lang_csharp,145000.0,1,1,0.9836616678439034,True
17154,C#,lang_csharp,21888.0,0,0,0.029776155257492356,True
11821,C#,lang_csharp,34035.0,0,0,0.0024389951109535825,True
10012,C#,lang_csharp,69609.0,0,0,0.39030857850371914,True
1390,C#,lang_csharp,30164.0,0,0,0.06270273105680034,True
46609,C#,lang_csharp,105000.0,1,1,0.9623682516476884,True
9837,C#,lang_csharp,41765.0,0,0,0.06450441044898218,True
40208,C#,lang_csharp,90000.0,1,1,0.9229913876247532,True
32572,C#,lang_csharp,44550.0,0,1,0.630631370063208,False
12812,C#,lang_csharp,136392.0,1,1,0.9363551698897188,True
46034,C#,lang_csharp,61566.0,0,0,0.06407176424079118,True
21025,C#,lang_csharp,25485.0,0,0,0.04754419386033075,True
35762,C#,lang_csharp,13949.0,0,0,0.21853291509803707,True
5359,C#,lang_csharp,175000.0,1,1,0.9724571327220977,True
48780,C#,lang_csharp,54853.0,0,1,0.5691413576972038,False
36281,C#,lang_csharp,25272.0,0,0,0.22327015640753262,True
1049,C#,lang_csharp,12624.0,0,0,0.11927136382641255,True
20746,C#,lang_csharp,56518.0,0,0,0.23726757844697638,True
35284,C#,lang_csharp,83048.0,1,1,0.5717312066193532,True
31414,C#,lang_csharp,65644.0,0,0,0.05397027252782735,True
13063,C#,lang_csharp,51071.0,0,0,0.43792670956699664,True
34908,C#,lang_csharp,65786.0,0,0,0.33471617851157975,True
16635,C#,lang_csharp,180000.0,1,1,0.9602774101951091,True
2051,C#,lang_csharp,69609.0,0,0,0.26894363203908944,True
14681,C#,lang_csharp,95299.0,1,1,0.6592501841012143,True
3531,C#,lang_csharp,34872.0,0,0,0.024020169453771667,True
30789,C#,lang_csharp,74761.0,0,1,0.7689144516488304,False
6852,C#,lang_csharp,139218.0,1,1,0.8431023412616225,True
36412,C#,lang_csharp,60000.0,0,0,0.03971001782229904,True
6713,C#,lang_csharp,87341.0,1,0,0.39359413538256904,False
490,C#,lang_csharp,75410.0,0,1,0.6507357595671,False
36813,C#,lang_csharp,100683.0,1,1,0.5223700448257118,True
2754,C#,lang_csharp,170000.0,1,1,0.9701362858690652,True
26607,C#,lang_csharp,150000.0,1,1,0.9744476426861053,True
37516,C#,lang_csharp,145000.0,1,1,0.994673758188163,True
46399,C#,lang_csharp,230000.0,1,1,0.6901384930772403,True
1547,C#,lang_csharp,71134.0,0,1,0.5901795376964929,False
4931,C#,lang_csharp,107000.0,1,1,0.9010196523152865,True
35974,C#,lang_csharp,16274.0,0,0,0.027221735867437025,True
22495,C#,lang_csharp,81210.0,1,0,0.42870251440808244,False
15812,C#,lang_csharp,75000.0,0,1,0.6103260728299993,False
15788,C#,lang_csharp,500.0,0,0,0.006797530740975075,True
35438,C#,lang_csharp,30222.0,0,0,0.09416361724261095,True
37512,C#,lang_csharp,116023.0,1,0,0.4355901572644052,False
3888,C#,lang_csharp,14187.0,0,0,0.030300066176588165,True
27456,C#,lang_csharp,70000.0,0,1,0.5031489585095278,False
22459,C#,lang_csharp,62221.0,0,0,0.3603291958703986,True
46873,C#,lang_csharp,44549.0,0,0,0.05309558772564527,True
3818,C#,lang_csharp,75410.0,0,0,0.23666040408897787,True
33108,C#,lang_csharp,46406.0,0,0,0.1665116342039461,True
25206,C#,lang_csharp,76239.0,0,1,0.6683303630034677,False
18694,C#,lang_csharp,109160.0,1,1,0.5051324648510324,True
11612,C#,lang_csharp,99383.0,1,1,0.6654756256360841,True
6560,C#,lang_csharp,163370.0,1,0,0.2804260899716754,False
28791,C#,lang_csharp,64505.0,0,0,0.42064518258142714,True
5959,C#,lang_csharp,18000.0,0,0,0.11265883945170806,True
15136,C#,lang_csharp,107874.0,1,1,0.9747723258557843,True
34073,C#,lang_csharp,13949.0,0,0,0.017584926118038476,True
4864,C#,lang_csharp,92812.0,1,1,0.7745941678925378,True
40710,C#,lang_csharp,21888.0,0,0,0.0121860118864057,True
10021,C#,lang_csharp,48726.0,0,0,0.4234044912820502,True
29088,C#,lang_csharp,182000.0,1,1,0.9453556992781436,True
26633,C#,lang_csharp,110000.0,1,1,0.7299415690228918,True
26871,C#,lang_csharp,55795.0,0,0,0.10066838284384848,True
45341,C#,lang_csharp,45847.0,0,0,0.35240536911152665,True
3144,C#,lang_csharp,87341.0,1,1,0.8570348789228341,True
16513,C#,lang_csharp,54457.0,0,1,0.5038404318545128,False
39833,C#,lang_csharp,1078.0,0,0,0.014153494167884034,True
3635,C#,lang_csharp,83571.0,1,0,0.13257612420007708,False
45488,C#,lang_csharp,98827.0,1,1,0.7376048527518487,True
48931,C#,lang_csharp,165000.0,1,1,0.8960745574690321,True
29038,C#,lang_csharp,29004.0,0,0,0.031970642266589064,True
35375,C#,lang_csharp,240000.0,1,1,0.9233877065636402,True
18821,C#,lang_csharp,280000.0,1,1,0.9126965101882887,True
25247,C#,lang_csharp,57179.0,0,1,0.6756291440786888,False
11165,C#,lang_csharp,100000.0,1,1,0.7402592683470596,True
27015,C#,lang_csharp,147071.0,1,1,0.7231856796302489,True
25351,C#,lang_csharp,37872.0,0,0,0.4612678087709882,True
44615,C#,lang_csharp,46406.0,0,1,0.7980658435497601,False
16372,C#,lang_csharp,85851.0,1,0,0.168276901870555,False
3915,C#,lang_csharp,55818.0,0,1,0.810040232369915,False
2951,C#,lang_csharp,89751.0,1,1,0.6736403057179036,True
8319,C#,lang_csharp,61919.0,0,0,0.029908746315133142,True
38785,C#,lang_csharp,185623.0,1,1,0.8883280304564359,True
15195,C#,lang_csharp,165000.0,1,1,0.9668609288401374,True
25061,C#,lang_csharp,58302.0,0,0,0.31707730980144994,True
13686,C#,lang_csharp,185623.0,1,1,0.7361886525943904,True
26127,C#,lang_csharp,79586.0,1,0,0.46608458799255353,False
389,C#,lang_csharp,117014.0,1,0,0.2226780447448832,False
16712,C#,lang_csharp,58007.0,0,0,0.03203634015373021,True
12419,C#,lang_csharp,98612.0,1,0,0.3538924178480557,False
35634,C#,lang_csharp,75744.0,0,0,0.20529428286332874,True
46920,C#,lang_csharp,58471.0,0,1,0.645306206152989,False
22585,C#,lang_csharp,348.0,0,0,0.010214648576424108,True
28252,C#,lang_csharp,42356.0,0,0,0.35166310378551546,True
35635,C#,lang_csharp,325047.0,1,1,0.9468681903383456,True
10645,C#,lang_csharp,23203.0,0,0,0.019013283207174724,True
5788,C#,lang_csharp,8809.0,0,0,0.009964403224395896,True
4957,C#,lang_csharp,145000.0,1,1,0.9025626194516905,True
3969,C#,lang_csharp,46406.0,0,1,0.5235775076618905,False
43127,C#,lang_csharp,145000.0,1,1,0.9425551310863807,True
10578,C#,lang_csharp,130193.0,1,1,0.9792961588776734,True
11760,C#,lang_csharp,57861.0,0,0,0.18229521596137452,True
13919,C#,lang_csharp,180000.0,1,1,0.9403929605279717,True
6329,C#,lang_csharp,132057.0,1,1,0.5589218713327035,True
20309,C#,lang_csharp,2000.0,0,0,0.33571207597680486,True
42230,C#,lang_csharp,69659.0,0,0,0.39084207452568215,True
16377,C#,lang_csharp,42572.0,0,0,0.23687560740520425,True
6696,C#,lang_csharp,161191.0,1,1,0.977781492468667,True
12989,C#,lang_csharp,34804.0,0,0,0.06363537586549847,True
47399,C#,lang_csharp,30164.0,0,0,0.019930801688941683,True
35947,C#,lang_csharp,84408.0,1,1,0.935800545688595,True
38093,C#,lang_csharp,122976.0,1,0,0.293197191688346,False
35125,C#,lang_csharp,91829.0,1,0,0.05362266866627474,False
40231,C#,lang_csharp,13922.0,0,0,0.15099434241892074,True
40293,C#,lang_csharp,5000.0,0,0,0.013620373490025584,True
27548,C#,lang_csharp,37000.0,0,1,0.761088011406219,False
36748,C#,lang_csharp,240000.0,1,1,0.9757955416459796,True
32766,C#,lang_csharp,10922.0,0,0,0.12803829517240836,True
15344,C#,lang_csharp,20047.0,0,0,0.04204273738771349,True
31308,C#,lang_csharp,89815.0,1,1,0.5905999035756722,True
5317,C#,lang_csharp,78890.0,1,1,0.5137135155179668,True
37683,C#,lang_csharp,140000.0,1,1,0.9711814811799562,True
20530,C#,lang_csharp,34544.0,0,0,0.03926405964883672,True
12385,C#,lang_csharp,43985.0,0,1,0.7549811705103482,False
22627,C#,lang_csharp,74878.0,0,0,0.4505043481038398,True
5061,C#,lang_csharp,32484.0,0,1,0.6080523280559914,False
34795,C#,lang_csharp,54457.0,0,1,0.5365821646404393,False
11986,C#,lang_csharp,120381.0,1,0,0.45544657549667034,False
46511,C#,lang_csharp,62015.0,0,0,0.488113108296195,True
7427,C#,lang_csharp,1515.0,0,0,0.1187254833949228,True
14886,C#,lang_csharp,75000.0,0,1,0.8702956424247341,False
6749,C#,lang_csharp,78000.0,1,1,0.7049830556673884,True
1813,C#,lang_csharp,3480.0,0,1,0.757327785449163,False
27506,C#,lang_csharp,46918.0,0,1,0.8236622340710263,False
16170,C#,lang_csharp,70000.0,0,1,0.946752390893253,False
11051,C#,lang_csharp,169000.0,1,1,0.8426628722390956,True
4365,C#,lang_csharp,54457.0,0,0,0.2951587200765594,True
16895,C#,lang_csharp,27306.0,0,0,0.03596237088503057,True
30423,C#,lang_csharp,92000.0,1,1,0.6697674809170072,True
43685,C#,lang_csharp,4650.0,0,0,0.007097326352480373,True
37913,C#,lang_csharp,47358.0,0,0,0.17492686803592328,True
3256,C#,lang_csharp,13000.0,0,0,0.3008045672243207,True
6470,C#,lang_csharp,87550.0,1,1,0.5783255107584744,True
44810,C#,lang_csharp,150000.0,1,1,0.9425882593901721,True
12715,C#,lang_csharp,66128.0,0,1,0.6253398913660627,False
6404,C#,lang_csharp,8755.0,0,0,0.11375746392939058,True
41375,C#,lang_csharp,60000.0,0,1,0.625838479283476,False
40532,C#,lang_csharp,58007.0,0,1,0.6364999447301017,False
27517,C#,lang_csharp,121000.0,1,1,0.8918236589376368,True
28098,C#,lang_csharp,31324.0,0,0,0.07642809831294338,True
34385,C#,lang_csharp,6221.0,0,1,0.6969812465742439,False
19355,C#,lang_csharp,157000.0,1,1,0.9510907642508721,True
26240,C#,lang_csharp,98612.0,1,0,0.137256892700754,False
21606,C#,lang_csharp,144310.0,1,1,0.5544365185400143,True
3100,C#,lang_csharp,30000.0,0,0,0.0039993283682115705,True
28782,C#,lang_csharp,2876.0,0,0,0.0004041789112579341,True
49090,C#,lang_csharp,4650.0,0,0,0.0010831147326197262,True
42316,C#,lang_csharp,46406.0,0,1,0.6961859466498694,False
2891,C#,lang_csharp,40000.0,0,1,0.7492874349692177,False
43543,C#,lang_csharp,33886.0,0,0,0.05375971386283879,True
28341,C#,lang_csharp,50400.0,0,0,0.047635225696926645,True
28594,C#,lang_csharp,150000.0,1,1,0.9390518072171464,True
20730,C#,lang_csharp,110000.0,1,1,0.8894939403942537,True
25766,C#,lang_csharp,58000.0,0,0,0.03648358927279657,True
35356,C#,lang_csharp,130000.0,1,1,0.9845806343963237,True
28398,C#,lang_csharp,46541.0,0,0,0.18238742153432977,True
15456,C#,lang_csharp,192000.0,1,1,0.8501399493921612,True
18711,C#,lang_csharp,60395.0,0,1,0.5442639762743198,False
43978,C#,lang_csharp,95955.0,1,1,0.9057161479967116,True
16750,C#,lang_csharp,27109.0,0,0,0.0026917097499989866,True
4619,C#,lang_csharp,66708.0,0,0,0.2671282233068404,True
3693,C#,lang_csharp,48726.0,0,0,0.24500952068238063,True
5614,C#,lang_csharp,48726.0,0,0,0.11986403887127106,True
40337,C#,lang_csharp,18562.0,0,0,0.059494612376167745,True
40874,C#,lang_csharp,100745.0,1,1,0.530340698105862,True
40852,C#,lang_csharp,132000.0,1,1,0.7928630224799522,True
3073,C#,lang_csharp,128476.0,1,0,0.44028468851205654,False
29232,C#,lang_csharp,67105.0,0,0,0.07496995394262368,True
41550,C#,lang_csharp,558.0,0,0,0.01935492610257865,True
48577,C#,lang_csharp,46406.0,0,0,0.10365090979318456,True
6693,C#,lang_csharp,103137.0,1,1,0.9076176958615896,True
25321,C#,lang_csharp,5812.0,0,0,0.05015256897869231,True
36799,C#,lang_csharp,30000.0,0,0,0.15662134157048685,True
19763,Go,lang_go,182026.0,1,1,0.9655802999956778,True
7420,Go,lang_go,106733.0,1,0,0.2414804031637187,False
36755,Go,lang_go,44096.0,0,0,0.09912875308089202,True
6114,Go,lang_go,195028.0,1,1,0.758880350670327,True
3762,Go,lang_go,1198.0,0,0,0.12293025601155506,True
16774,Go,lang_go,45195.0,0,0,0.15185678972538683,True
20665,Go,lang_go,80000.0,1,1,0.9369253379831284,True
15902,Go,lang_go,80000.0,1,1,0.9541258717849302,True
15762,Go,lang_go,120000.0,1,1,0.9766520140890527,True
6597,Go,lang_go,217729.0,1,1,0.986026734052115,True
13769,Go,lang_go,190000.0,1,1,0.9507905631573323,True
36766,Go,lang_go,145500.0,1,1,0.9864251274011018,True
17212,Go,lang_go,118000.0,1,1,0.8729823783837102,True
26780,Go,lang_go,108913.0,1,1,0.5322805968892628,True
12221,Go,lang_go,142949.0,1,1,0.7438279628975217,True
45519,Go,lang_go,192000.0,1,1,0.9166294919417342,True
6577,Go,lang_go,102142.0,1,1,0.7645783882373614,True
4019,Go,lang_go,65348.0,0,1,0.7640129915872735,False
46569,Go,lang_go,83531.0,1,0,0.058399338201030986,False
18208,Go,lang_go,250000.0,1,1,0.988413662913059,True
43835,Go,lang_go,18598.0,0,0,0.029348529501213083,True
15625,Go,lang_go,41765.0,0,0,0.21448899256765558,True
4532,Go,lang_go,196054.0,1,0,0.3182783272111437,False
11253,Go,lang_go,78930.0,1,0,0.20404005273674955,False
2403,Go,lang_go,127616.0,1,1,0.5380523003630545,True
34329,Go,lang_go,50496.0,0,0,0.16242337329436426,True
40534,Go,lang_go,120000.0,1,1,0.9901016692873577,True
15355,Go,lang_go,136392.0,1,1,0.9487953287764316,True
12680,Go,lang_go,78616.0,1,1,0.751999993634409,True
27025,Go,lang_go,40605.0,0,0,0.02355812925362072,True
3609,Go,lang_go,96292.0,1,0,0.4578992468647229,False
14059,Go,lang_go,168000.0,1,1,0.9024744105893133,True
29979,Go,lang_go,54527.0,0,0,0.4176172197553719,True
30439,Go,lang_go,60328.0,0,0,0.4134322210409075,True
14894,Go,lang_go,69609.0,0,1,0.5824375226180198,False
27259,Go,lang_go,10871.0,0,1,0.8413092125895353,False
24774,Go,lang_go,83571.0,1,0,0.3083268096867675,False
1347,Go,lang_go,38216.0,0,0,0.2722676966484484,True
42011,Go,lang_go,173544.0,1,1,0.9311061584062433,True
4945,Go,lang_go,98612.0,1,0,0.48769071884894594,False
45782,Go,lang_go,350000.0,1,1,0.8469381159447987,True
4117,Go,lang_go,102291.0,1,0,0.314614207178414,False
3666,Go,lang_go,300000.0,1,1,0.9428936658431495,True
14728,Go,lang_go,68071.0,0,1,0.598219228850785,False
41214,Go,lang_go,130000.0,1,1,0.9690755354763766,True
33736,Go,lang_go,36000.0,0,0,0.16841703108866282,True
1204,Go,lang_go,88492.0,1,1,0.6823367669271403,True
1756,Go,lang_go,347180.0,1,1,0.9923911339197355,True
18069,Go,lang_go,65348.0,0,1,0.5901041575341718,False
35156,Go,lang_go,104413.0,1,1,0.9212705954622719,True
13370,Go,lang_go,182396.0,1,1,0.969999102884692,True
9663,Go,lang_go,99915.0,1,0,0.055825342355628735,False
53,Go,lang_go,63909.0,0,0,0.1971921496518304,True
26521,Go,lang_go,130.0,0,1,0.9680144659083636,False
351,Go,lang_go,81210.0,1,1,0.6626182666790928,True
9950,Go,lang_go,61264.0,0,1,0.8183193424923804,False
1402,Go,lang_go,98612.0,1,1,0.7604261551822722,True
4662,Go,lang_go,225.0,0,1,0.9970499379517151,False
41738,Go,lang_go,72378.0,0,0,0.17047765477373028,True
3129,Go,lang_go,138541.0,1,1,0.8571606220012035,True
28151,Go,lang_go,59734.0,0,0,0.3347765842363905,True
22573,Go,lang_go,330871.0,1,0,0.1268053823225574,False
10791,Go,lang_go,41765.0,0,0,0.33001296209788084,True
29273,Go,lang_go,6000.0,0,0,0.1000421347087944,True
31578,Go,lang_go,87550.0,1,0,0.3452857785800858,False
16882,Go,lang_go,92812.0,1,1,0.7206534359652456,True
47432,Go,lang_go,81210.0,1,0,0.2895559133341831,False
21512,Go,lang_go,88191.0,1,1,0.5644568649155474,True
22697,Go,lang_go,190000.0,1,1,0.9749783129170475,True
27539,Go,lang_go,54527.0,0,0,0.1945067921197121,True
5181,Go,lang_go,13836.0,0,0,0.009440358695908002,True
14009,Go,lang_go,130000.0,1,1,0.8586367732555622,True
28413,Go,lang_go,116015.0,1,1,0.9275724604127487,True
15249,Go,lang_go,5685.0,0,0,0.04912143805593349,True
42419,Go,lang_go,151000.0,1,1,0.9153382573930179,True
20079,Go,lang_go,98612.0,1,1,0.8544413681577963,True
30296,Go,lang_go,116733.0,1,1,0.7285098316376818,True
43283,Go,lang_go,90491.0,1,1,0.7542208428353966,True
26604,Go,lang_go,12000.0,0,0,0.03805657637694355,True
15306,Go,lang_go,63808.0,0,0,0.47950153205583296,True
13631,Go,lang_go,75556.0,0,0,0.25775415158060117,True
11532,Go,lang_go,92812.0,1,1,0.5652782141790572,True
9495,Go,lang_go,40605.0,0,0,0.09245919677581554,True
21816,Go,lang_go,12000.0,0,0,0.07443802646386549,True
11358,Go,lang_go,95016.0,1,1,0.8337863416599663,True
27960,Go,lang_go,90491.0,1,1,0.7802668971378972,True
24577,Go,lang_go,51046.0,0,0,0.22433141896633602,True
10806,Go,lang_go,109438.0,1,1,0.8977620662505017,True
31231,Go,lang_go,132000.0,1,1,0.53662712700235,True
10717,Go,lang_go,113085.0,1,1,0.9566975007190404,True
38651,Go,lang_go,182843.0,1,1,0.5773288224043901,True
580,Go,lang_go,94874.0,1,1,0.6985084110790394,True
40297,Go,lang_go,87011.0,1,1,0.5069434480274979,True
6453,Go,lang_go,180000.0,1,1,0.9653170763379739,True
3612,Go,lang_go,103088.0,1,0,0.14783300351305118,False
47597,Go,lang_go,84408.0,1,1,0.7174914353705548,True
23852,Go,lang_go,120000.0,1,1,0.9809267682563453,True
39539,Go,lang_go,58007.0,0,0,0.2756374058237549,True
17267,Go,lang_go,148.0,0,1,0.9853387435784687,False
5246,Go,lang_go,24943.0,0,0,0.31148817933323397,True
4874,Go,lang_go,152772.0,1,1,0.8972829531100117,True
410,Go,lang_go,81210.0,1,1,0.621925806165444,True
26103,Go,lang_go,10462.0,0,0,0.025340168011282218,True
34632,Go,lang_go,110000.0,1,1,0.9044316973288449,True
28490,Go,lang_go,69609.0,0,0,0.44992235629457417,True
6282,Go,lang_go,133417.0,1,0,0.4776004368431838,False
10516,Go,lang_go,66121.0,0,0,0.048763331493381225,True
34339,Go,lang_go,88983.0,1,1,0.6227948779042217,True
39638,Go,lang_go,88751.0,1,1,0.637648567323452,True
17356,Go,lang_go,83531.0,1,1,0.5509738691568261,True
48118,Go,lang_go,190598.0,1,1,0.9398930885820956,True
17911,Go,lang_go,120000.0,1,1,0.9296897165407723,True
21096,Go,lang_go,210000.0,1,1,0.9979915945649732,True
26660,Go,lang_go,22275.0,0,0,0.06410843952307008,True
19479,Go,lang_go,48030.0,0,1,0.6338623473961369,False
43842,Go,lang_go,162375.0,1,1,0.7901418203825852,True
44746,Go,lang_go,306.0,0,0,0.010918971323688713,True
28786,Go,lang_go,300000.0,1,1,0.9164889301511921,True
30177,Go,lang_go,104413.0,1,1,0.9460411887926529,True
12809,Go,lang_go,11046.0,0,0,0.03368558379145392,True
40684,Go,lang_go,73375.0,0,0,0.4306313701385954,True
40149,Go,lang_go,131325.0,1,1,0.9608744412761349,True
33426,Go,lang_go,2206.0,0,0,0.0081470357763154,True
29469,Go,lang_go,45688.0,0,0,0.29696898038757924,True
15109,Go,lang_go,132000.0,1,1,0.8473722574320134,True
34512,Go,lang_go,101710.0,1,1,0.8243293256118238,True
39529,Go,lang_go,174022.0,1,1,0.5434130043431534,True
35346,Go,lang_go,136392.0,1,1,0.9857168971490984,True
42792,Go,lang_go,195028.0,1,1,0.9818918195117977,True
31583,Go,lang_go,60000.0,0,1,0.9095862179064624,False
19607,Go,lang_go,52658.0,0,0,0.49265506535041426,True
3539,Go,lang_go,8137.0,0,0,0.05291539452013191,True
459,Go,lang_go,60000.0,0,1,0.882727724841631,False
36254,Go,lang_go,42572.0,0,0,0.387572415282732,True
3349,Go,lang_go,145000.0,1,1,0.9065515311770266,True
21589,Go,lang_go,37197.0,0,0,0.0388927247176446,True
5834,Go,lang_go,207000.0,1,1,0.9675077918968576,True
18219,Go,lang_go,146312.0,1,1,0.9517286976310674,True
21459,Go,lang_go,120000.0,1,1,0.9740386420443055,True
12651,Go,lang_go,44550.0,0,0,0.24055279973200483,True
15603,Go,lang_go,10000.0,0,1,0.6042866441917408,False
18882,Go,lang_go,350000.0,1,1,0.9747680048700029,True
36386,Go,lang_go,111374.0,1,1,0.5432262830036015,True
15279,Go,lang_go,154000.0,1,1,0.9806023855938114,True
42901,Go,lang_go,6974.0,0,0,0.0022732265204644026,True
15061,Go,lang_go,78890.0,1,0,0.35175635057014587,False
36451,Go,lang_go,48726.0,0,0,0.12058061228415803,True
14149,Go,lang_go,171452.0,1,1,0.7797536406407567,True
39066,Go,lang_go,185623.0,1,1,0.6240101527338886,True
19906,Go,lang_go,46638.0,0,0,0.45388096886408524,True
32606,Go,lang_go,82426.0,1,1,0.866993868832562,True
6364,Go,lang_go,170000.0,1,1,0.9548128210241568,True
2060,Go,lang_go,170000.0,1,1,0.8842496352103449,True
32145,Go,lang_go,120000.0,1,1,0.8913151888331702,True
4667,Go,lang_go,154991.0,1,1,0.905807468200509,True
36165,Go,lang_go,27844.0,0,0,0.17390082868352166,True
14308,Go,lang_go,175000.0,1,1,0.9570912763717919,True
30466,Go,lang_go,83857.0,1,1,0.5738218807629865,True
545,Go,lang_go,90000.0,1,1,0.8429316465572787,True
668,Go,lang_go,56499.0,0,0,0.47279719473294163,True
36336,Go,lang_go,121815.0,1,1,0.5591456000961672,True
6460,Go,lang_go,139218.0,1,0,0.3267075013150608,False
37636,Go,lang_go,140000.0,1,1,0.8904489534268872,True
46209,Go,lang_go,46406.0,0,0,0.26378246743540384,True
4593,Go,lang_go,29397.0,0,0,0.07695817276205591,True
45793,Go,lang_go,190598.0,1,1,0.9441220754833418,True
16182,Go,lang_go,11601.0,0,1,0.7090195922379049,False
39398,Go,lang_go,46496.0,0,0,0.0767213014763699,True
24558,Go,lang_go,84568.0,1,0,0.2572394097419463,False
10287,Go,lang_go,7122.0,0,0,0.31775714594757587,True
627,Go,lang_go,180000.0,1,1,0.9610991175214117,True
17830,Go,lang_go,89867.0,1,0,0.2611215378978215,False
38037,Go,lang_go,117661.0,1,0,0.06535202222950989,False
14172,Go,lang_go,72800.0,0,1,0.7563554877036953,False
37712,Go,lang_go,162523.0,1,1,0.9690648579589043,True
5186,Go,lang_go,120000.0,1,1,0.9856301652769724,True
29757,Go,lang_go,92812.0,1,1,0.7278813616684172,True
23619,Go,lang_go,69400.0,0,0,0.2061723286285563,True
26143,Go,lang_go,102.0,0,0,0.37034837973549445,True
2067,Go,lang_go,81835.0,1,1,0.6755746277525229,True
4086,Go,lang_go,97452.0,1,1,0.8533691259296405,True
3074,Go,lang_go,171927.0,1,1,0.5646327382586287,True
36992,Go,lang_go,45879.0,0,1,0.6146150317995083,False
11304,Go,lang_go,181000.0,1,1,0.8637575348768081,True
43320,Go,lang_go,10000.0,0,1,0.9200897134282587,False
37110,Go,lang_go,111374.0,1,1,0.5709298136537765,True
6928,Go,lang_go,104413.0,1,1,0.9268401026347017,True
26412,Go,lang_go,280000.0,1,1,0.9715874532535362,True
7769,Go,lang_go,240000.0,1,1,0.9752387811907544,True
31982,Go,lang_go,165000.0,1,1,0.9716617294362578,True
46061,Go,lang_go,125357.0,1,0,0.31055250769069337,False
5913,Go,lang_go,46496.0,0,0,0.035772554630225675,True
25801,Go,lang_go,88050.0,1,0,0.33367140051041927,False
24341,Go,lang_go,41340.0,0,0,0.07583679269837838,True
3497,Go,lang_go,117459.0,1,1,0.876542484681388,True
24261,Go,lang_go,75410.0,0,0,0.10857973059309835,True
460,Go,lang_go,49886.0,0,0,0.07192562498785794,True
37108,Go,lang_go,62409.0,0,1,0.8001531897749888,False
25872,Go,lang_go,5580.0,0,0,0.001682865724750001,True
19417,Go,lang_go,260000.0,1,1,0.995842057430823,True
14187,Go,lang_go,74761.0,0,1,0.6970614975963989,False
27190,Go,lang_go,120.0,0,1,0.8288650953317614,False
10199,Go,lang_go,48726.0,0,0,0.37821051530578126,True
39303,Go,lang_go,108913.0,1,1,0.8037002288439072,True
43813,Go,lang_go,122527.0,1,1,0.8516756403895703,True
22065,Go,lang_go,139218.0,1,1,0.7438672971155585,True
37131,Go,lang_go,135000.0,1,1,0.9491313422119347,True
45891,Go,lang_go,162523.0,1,1,0.9728459548872432,True
3472,Go,lang_go,330000.0,1,1,0.9785413230496358,True
19494,Go,lang_go,23563.0,0,0,0.09968245511791188,True
28855,Go,lang_go,173.0,0,0,0.08682599970562314,True
4658,Go,lang_go,204212.0,1,1,0.9402310504529479,True
39386,Go,lang_go,220000.0,1,1,0.974625099836446,True
4065,Go,lang_go,272283.0,1,1,0.9516597605089094,True
37973,Go,lang_go,31904.0,0,0,0.008160403144281349,True
20846,Go,lang_go,102142.0,1,1,0.7480313618949094,True
1063,Go,lang_go,71929.0,0,1,0.6834332008060687,False
617,Go,lang_go,13949.0,0,0,0.0868818851761056,True
2698,Go,lang_go,172199.0,1,1,0.8520543346831781,True
35082,Go,lang_go,140000.0,1,1,0.9874192719948633,True
1718,Go,lang_go,12060.0,0,0,0.12392968734712106,True
40863,Go,lang_go,104413.0,1,1,0.7952853379104231,True
13222,Go,lang_go,46406.0,0,0,0.15857656334268574,True
48336,Go,lang_go,55714.0,0,0,0.1946749513975915,True
13162,Go,lang_go,116015.0,1,1,0.7276426630098585,True
40048,Go,lang_go,69609.0,0,0,0.43111414776092455,True
30821,Go,lang_go,30804.0,0,0,0.12893178104320296,True
31400,Go,lang_go,53376.0,0,0,0.13820952054073748,True
26473,Go,lang_go,100000.0,1,1,0.9869566004341435,True
409,Go,lang_go,205000.0,1,1,0.9901091797772663,True
40497,Go,lang_go,109438.0,1,1,0.7880222266772064,True
18603,Go,lang_go,7541.0,0,0,0.007652938891203252,True
30389,Go,lang_go,208826.0,1,0,0.1433923781723264,False
38108,Go,lang_go,5250.0,0,0,0.06556292012336047,True
26902,Go,lang_go,87011.0,1,1,0.6036262988993816,True
17480,Go,lang_go,81210.0,1,0,0.24643900124801743,False
14503,Go,lang_go,108126.0,1,1,0.9726308427213477,True
11472,Go,lang_go,70208.0,0,0,0.2450930238231573,True
45536,Go,lang_go,200000.0,1,1,0.9730580170231787,True
3205,Go,lang_go,315000.0,1,1,0.9490223055648045,True
12868,Go,lang_go,20883.0,0,0,0.08325005687768638,True
37980,Go,lang_go,134973.0,1,1,0.8904986140588124,True
2437,Go,lang_go,170000.0,1,1,0.9897682602880712,True
35060,Go,lang_go,5300.0,0,0,0.049759118101365137,True
11631,Go,lang_go,210000.0,1,1,0.9951775897341891,True
28312,Go,lang_go,85190.0,1,0,0.050449645375063565,False
37839,Go,lang_go,320000.0,1,1,0.9707407213297158,True
5651,Go,lang_go,73375.0,0,0,0.47692421573922583,True
18825,Go,lang_go,218875.0,1,1,0.6267785385696446,True
42034,Go,lang_go,11504.0,0,0,0.01623971552192529,True
41092,Go,lang_go,69609.0,0,1,0.53594429375752,False
11116,Go,lang_go,185000.0,1,1,0.993864036234421,True
15544,Go,lang_go,206000.0,1,1,0.9542921989485178,True
19461,Go,lang_go,135530.0,1,1,0.776302491541647,True
36857,Go,lang_go,58007.0,0,1,0.8110234337404953,False
17932,Go,lang_go,140000.0,1,1,0.6757621991158882,True
3208,Go,lang_go,220000.0,1,1,0.9754139178491618,True
15398,Go,lang_go,124416.0,1,1,0.964699291479125,True
36850,Go,lang_go,1000.0,0,0,0.07533897254320558,True
44330,Go,lang_go,75000.0,0,1,0.8722884512490844,False
28167,Go,lang_go,127616.0,1,1,0.904717341394692,True
3738,Go,lang_go,59301.0,0,0,0.3017937492166258,True
39378,Go,lang_go,91018.0,1,0,0.1402178330791237,False
48839,Go,lang_go,25500.0,0,0,0.07753216084910491,True
11820,Go,lang_go,62015.0,0,0,0.36289874508432274,True
35756,Go,lang_go,300000.0,1,1,0.9560993167942686,True
12894,Go,lang_go,92812.0,1,0,0.4732997386675863,False
49099,Go,lang_go,2729.0,0,0,0.45578257879898515,True
17176,Go,lang_go,240000.0,1,1,0.9876329040706775,True
8998,Go,lang_go,17982.0,0,0,0.08360037337452811,True
12566,Go,lang_go,124000.0,1,1,0.746961919458823,True
14237,Go,lang_go,162523.0,1,1,0.8095077662263265,True
13277,Go,lang_go,345724.0,1,1,0.8314681798467876,True
34622,Go,lang_go,27268.0,0,0,0.09095018307109497,True
46147,Go,lang_go,104413.0,1,1,0.5854125400499051,True
33676,Go,lang_go,97452.0,1,0,0.3144786967479561,False
26881,Go,lang_go,48726.0,0,0,0.4927532229294783,True
14975,Go,lang_go,139218.0,1,1,0.8505342679436269,True
42156,Go,lang_go,180000.0,1,1,0.978887664072915,True
37292,Go,lang_go,270000.0,1,1,0.9812799759240766,True
38659,Go,lang_go,171000.0,1,1,0.9454055953282283,True
310,Go,lang_go,63808.0,0,1,0.6022922829648641,False
1180,Go,lang_go,224000.0,1,1,0.9890004214309482,True
21875,Go,lang_go,29825.0,0,0,0.08293121965912835,True
10995,Go,lang_go,25000.0,0,0,0.15465559610720778,True
38414,Go,lang_go,136141.0,1,1,0.9174715157627658,True
35275,Go,lang_go,180000.0,1,1,0.966024934580565,True
24163,Go,lang_go,95299.0,1,1,0.8028469178788613,True
37181,Go,lang_go,48726.0,0,0,0.2290372998303998,True
17561,Go,lang_go,174022.0,1,1,0.75309877735949,True
16119,Go,lang_go,73375.0,0,0,0.3019536276673071,True
34241,Go,lang_go,115274.0,1,1,0.6888636502049598,True
8405,Go,lang_go,80323.0,1,1,0.7493123718905562,True
28084,Go,lang_go,46429.0,0,0,0.053668452873966384,True
735,Go,lang_go,175000.0,1,1,0.9803299890250503,True
5631,Go,lang_go,81038.0,1,1,0.7879578068570912,True
13957,Go,lang_go,54611.0,0,0,0.24096792122704513,True
464,Go,lang_go,67400.0,0,0,0.06670245973972659,True
13818,Go,lang_go,3000.0,0,0,0.05050890496997401,True
11672,Go,lang_go,106000.0,1,1,0.9309662436785505,True
15987,Go,lang_go,46496.0,0,0,0.10119131044721552,True
18264,Go,lang_go,165000.0,1,1,0.957503995226599,True
17605,Go,lang_go,80000.0,1,1,0.8755963755539767,True
31611,Go,lang_go,139350.0,1,1,0.7787560026097359,True
45014,Go,lang_go,250000.0,1,1,0.9939356781375266,True
42418,Go,lang_go,116015.0,1,1,0.9358949247351173,True
38088,Go,lang_go,63808.0,0,1,0.5539662623576571,False
29585,Go,lang_go,72393.0,0,1,0.5626392858897429,False
11269,Go,lang_go,98612.0,1,0,0.15252307696992376,False
22889,Go,lang_go,232029.0,1,1,0.8851065388882506,True
3437,Go,lang_go,116015.0,1,1,0.6560840947926774,True
18518,Go,lang_go,16338.0,0,0,0.033335635649666594,True
4614,Go,lang_go,34804.0,0,0,0.03471094632959667,True
21047,Go,lang_go,1820.0,0,0,0.11068816664340192,True
11394,Go,lang_go,162000.0,1,1,0.9245867569987462,True
11519,Go,lang_go,55139.0,0,1,0.5877664335113978,False
43547,Go,lang_go,115.0,0,0,0.19021182929197564,True
21110,Go,lang_go,340000.0,1,1,0.9907041974628493,True
27224,Go,lang_go,58120.0,0,0,0.13849895225396075,True
39314,Go,lang_go,215000.0,1,1,0.9556549818582198,True
6970,Go,lang_go,4073.0,0,0,0.0028940332116914355,True
20172,Go,lang_go,46806.0,0,0,0.09318323730326387,True
17870,Go,lang_go,220000.0,1,1,0.9501177220438718,True
11972,Go,lang_go,43734.0,0,0,0.26064165089380925,True
40914,Go,lang_go,1845.0,0,0,0.0952523833079824,True
8421,Go,lang_go,118443.0,1,1,0.7330426278686347,True
29485,Go,lang_go,4412.0,0,0,0.015074822395474856,True
16902,Go,lang_go,26474.0,0,0,0.06655909352150943,True
25939,Go,lang_go,60000.0,0,1,0.964295021329379,False
3077,Go,lang_go,76433.0,1,1,0.5618014760513044,True
34219,Go,lang_go,46406.0,0,0,0.38779351011233565,True
5092,Go,lang_go,140000.0,1,1,0.9557107363018048,True
13381,Go,lang_go,100765.0,1,1,0.7837701385428943,True
29692,Go,lang_go,96689.0,1,0,0.11230466078200868,False
47213,Go,lang_go,74761.0,0,1,0.6487026801559359,False
30412,Go,lang_go,100000.0,1,1,0.814719488805049,True
27558,Go,lang_go,170000.0,1,1,0.9621692772556395,True
12580,Go,lang_go,85088.0,1,0,0.4421368508616306,False
40718,Go,lang_go,300000.0,1,1,0.9945917420655843,True
47257,Go,lang_go,7645.0,0,1,0.9274512137796322,False
46537,Go,lang_go,69609.0,0,0,0.4908138112571882,True
634,Go,lang_go,89331.0,1,1,0.8112115539802002,True
39372,Go,lang_go,11624.0,0,0,0.03585833343855341,True
314,Go,lang_go,109438.0,1,1,0.7976428197220553,True
4624,Go,lang_go,90194.0,1,1,0.9625435242402979,True
28438,Go,lang_go,19761.0,0,0,0.06019606029336212,True
2071,Go,lang_go,72958.0,0,1,0.6281723264436346,False
35449,Go,lang_go,64388.0,0,1,0.8119787563503734,False
2170,Go,lang_go,176485.0,1,1,0.8627429600731185,True
42858,Go,lang_go,102106.0,1,0,0.48888324774309405,False
35099,Go,lang_go,240000.0,1,1,0.993628705683049,True
42675,Go,lang_go,40605.0,0,0,0.20077511284173327,True
17127,Go,lang_go,175525.0,1,1,0.9896064271610128,True
7087,Go,lang_go,104413.0,1,0,0.32684617773684127,False
21680,Go,lang_go,95000.0,1,1,0.7400075732780766,True
43188,Go,lang_go,126456.0,1,0,0.42724742327178183,False
14928,Go,lang_go,144.0,0,0,0.11333129675666007,True
25791,Go,lang_go,8307.0,0,0,0.16335592288093279,True
581,Go,lang_go,240000.0,1,1,0.9759067833542115,True
39188,Go,lang_go,104413.0,1,1,0.6567481962011746,True
5294,Go,lang_go,185989.0,1,1,0.9812874153003963,True
39808,Go,lang_go,348044.0,1,1,0.5287663340276496,True
14143,Go,lang_go,325000.0,1,1,0.9937347184417404,True
34605,Go,lang_go,6618.0,0,0,0.04346497065158993,True
5232,Go,lang_go,74000.0,0,1,0.905631747927112,False
48719,Go,lang_go,92812.0,1,1,0.7507186696314163,True
35152,Go,lang_go,149756.0,1,1,0.8244511918807512,True
15463,Go,lang_go,3282.0,0,0,0.21738816681426176,True
16100,Go,lang_go,81210.0,1,0,0.47722312663336275,False
13492,Go,lang_go,104413.0,1,1,0.7471332497932867,True
1122,Go,lang_go,175000.0,1,1,0.9606407862643382,True
26153,Go,lang_go,115648.0,1,1,0.6851366333959693,True
2938,Go,lang_go,153213.0,1,1,0.8268708177312265,True
3027,Go,lang_go,150000.0,1,1,0.7488027345660812,True
28788,Go,lang_go,210000.0,1,1,0.9674106063248414,True
19463,Go,lang_go,400000.0,1,1,0.9509211412112287,True
11303,Go,lang_go,35118.0,0,0,0.14978948837265493,True
4096,Go,lang_go,69609.0,0,1,0.5385262011220029,False
36631,Go,lang_go,275000.0,1,1,0.9622182029272437,True
43535,Go,lang_go,58007.0,0,0,0.12868723930380396,True
24352,Go,lang_go,60000.0,0,0,0.44873607775100877,True
26477,Go,lang_go,2184.0,0,0,0.0002685931015967963,True
14022,Go,lang_go,34804.0,0,0,0.40054191968663827,True
16746,Go,lang_go,69400.0,0,0,0.09144552740738715,True
22829,Go,lang_go,92812.0,1,0,0.383268597779034,False
19152,Go,lang_go,104330.0,1,1,0.5805845435100893,True
21281,Go,lang_go,110000.0,1,0,0.10060896437912675,False
4253,Go,lang_go,195000.0,1,0,0.35828958788739734,False
44880,Go,lang_go,200635.0,1,1,0.8745600486861724,True
37285,Go,lang_go,150000.0,1,1,0.9865509689983567,True
40597,Go,lang_go,55000.0,0,0,0.10089416252569829,True
24979,Go,lang_go,71803.0,0,0,0.24160414498281607,True
26383,Go,lang_go,174022.0,1,1,0.7616251173211784,True
2395,Go,lang_go,200000.0,1,1,0.9603159456780532,True
37970,Go,lang_go,68134.0,0,0,0.3614294425483892,True
9522,Go,lang_go,25573.0,0,0,0.03996545534017464,True
5801,Go,lang_go,69643.0,0,0,0.21780966354798012,True
6034,Go,lang_go,50617.0,0,0,0.102779954438742,True
15330,Go,lang_go,27898.0,0,0,0.08243016785031122,True
29532,Go,lang_go,46496.0,0,0,0.11622808142920073,True
2986,Go,lang_go,31583.0,0,0,0.2706639177023793,True
17083,Go,lang_go,49026.0,0,0,0.03527771350009249,True
37795,Go,lang_go,48188.0,0,1,0.5780672158231379,False
35091,Go,lang_go,43689.0,0,0,0.09405993212997031,True
11492,Go,lang_go,200000.0,1,1,0.9578568301655757,True
44719,Go,lang_go,169000.0,1,1,0.9718414479089816,True
8673,Go,lang_go,143858.0,1,1,0.9013116795544014,True
40967,Go,lang_go,65000.0,0,0,0.08730976322867713,True
31981,Go,lang_go,105000.0,1,1,0.8592602855078183,True
43710,Go,lang_go,81210.0,1,1,0.8208392807976923,True
26711,Go,lang_go,116015.0,1,0,0.23873871361351803,False
5815,Go,lang_go,34951.0,0,0,0.10091744912202906,True
5005,Go,lang_go,102142.0,1,1,0.9021698917016935,True
39155,Go,lang_go,174022.0,1,1,0.6186073625648403,True
3654,Go,lang_go,81210.0,1,1,0.6460875279229976,True
30614,Go,lang_go,50242.0,0,0,0.2073458737523765,True
11292,Go,lang_go,86795.0,1,1,0.9981877388499579,True
26674,Go,lang_go,82906.0,1,0,0.46061497992033057,False
8028,Go,lang_go,150000.0,1,1,0.8146860031252151,True
5326,Go,lang_go,134973.0,1,1,0.7893668054750826,True
6770,Go,lang_go,100000.0,1,1,0.9083916035762368,True
12091,Go,lang_go,52946.0,0,1,0.6168968109678772,False
9141,Go,lang_go,170000.0,1,1,0.8538950390674689,True
131,Go,lang_go,80000.0,1,1,0.6848302317595373,True
28621,Go,lang_go,160000.0,1,1,0.9636508867783485,True
8695,Go,lang_go,193744.0,1,1,0.8517607964335204,True
5884,Go,lang_go,105000.0,1,1,0.8889298120154128,True
39328,Go,lang_go,5900.0,0,1,0.9857246614938342,False
11946,Go,lang_go,80000.0,1,1,0.8499356870534718,True
33194,Go,lang_go,78962.0,1,1,0.7658096897358149,True
18363,Go,lang_go,150000.0,1,1,0.9816515610223925,True
3304,Go,lang_go,198000.0,1,1,0.9550946436220906,True
39024,Go,lang_go,204212.0,1,1,0.8245589532991046,True
35603,Go,lang_go,58120.0,0,0,0.03003327497595202,True
41751,Go,lang_go,87011.0,1,1,0.6855908581164104,True
44783,Go,lang_go,174022.0,1,1,0.5257602502371491,True
30241,Go,lang_go,108000.0,1,1,0.9385797007389943,True
12862,Go,lang_go,61264.0,0,1,0.8297741176334307,False
4331,Go,lang_go,116015.0,1,1,0.5814995724699655,True
26294,Go,lang_go,130992.0,1,0,0.4997377117649781,False
43148,Go,lang_go,118593.0,1,1,0.9187038708401981,True
42693,Go,lang_go,145018.0,1,1,0.8490301302151876,True
4755,Go,lang_go,68071.0,0,1,0.5867252375276503,False
15046,Go,lang_go,180000.0,1,1,0.9665957343408089,True
30360,Go,lang_go,185000.0,1,1,0.96501107387443,True
41299,Go,lang_go,116015.0,1,1,0.577306236655422,True
40871,Go,lang_go,303000.0,1,1,0.9754740740569746,True
14522,Go,lang_go,48726.0,0,0,0.0773832273544006,True
29280,Go,lang_go,83212.0,1,1,0.5258065909828931,True
48832,Go,lang_go,1624.0,0,0,0.09588812838089987,True
43454,Go,lang_go,23248.0,0,0,0.05012450016804822,True
41024,Go,lang_go,240000.0,1,1,0.9424233297590823,True
28534,Go,lang_go,46406.0,0,0,0.1706807171343413,True
37041,Go,lang_go,68924.0,0,1,0.6783308523510747,False
21567,Go,lang_go,169000.0,1,1,0.9538361151233619,True
13622,Go,lang_go,155000.0,1,1,0.9068943214092081,True
44857,Go,lang_go,138621.0,1,1,0.9744213498355686,True
14869,Go,lang_go,41515.0,0,0,0.19525090396123157,True
34050,Go,lang_go,230000.0,1,1,0.9856546185259455,True
18178,Go,lang_go,48756.0,0,0,0.09169891852905387,True
38340,Go,lang_go,5423.0,0,0,0.10244038704941541,True
388,Go,lang_go,135000.0,1,1,0.9205138373955998,True
17544,Go,lang_go,122527.0,1,1,0.9492393364569157,True
34030,Go,lang_go,2400.0,0,0,0.003133476627707189,True
4729,Go,lang_go,63713.0,0,0,0.3184693632589562,True
17148,Go,lang_go,300000.0,1,1,0.9632990762166476,True
15177,Go,lang_go,109434.0,1,1,0.6435111334666574,True
26451,Go,lang_go,88413.0,1,1,0.9761680621247443,True
7849,Go,lang_go,34804.0,0,1,0.6668322566311524,False
21549,Go,lang_go,127000.0,1,1,0.9558333794374361,True
40938,Go,lang_go,188233.0,1,1,0.6674040890288438,True
4195,Go,lang_go,185000.0,1,1,0.8825465958815477,True
30512,Go,lang_go,57179.0,0,0,0.38684542040051995,True
364,Go,lang_go,9299.0,0,0,0.027674842881588217,True
32782,Go,lang_go,54611.0,0,1,0.7596006909804348,False
31896,Go,lang_go,105000.0,1,1,0.8803880172186666,True
15726,Go,lang_go,150000.0,1,1,0.9184590039150397,True
30372,Go,lang_go,25223.0,0,0,0.0111562044024949,True
28532,Go,lang_go,87304.0,1,0,0.34632086027833836,False
34238,Go,lang_go,58007.0,0,1,0.6137130695381426,False
6353,Go,lang_go,170000.0,1,1,0.9067426326962778,True
27708,Go,lang_go,150000.0,1,1,0.9448584014140025,True
40724,Go,lang_go,310000.0,1,1,0.98659878820929,True
11101,Go,lang_go,70794.0,0,1,0.9583397324172304,False
2337,Go,lang_go,63808.0,0,0,0.2655895660511125,True
13716,Go,lang_go,27992.0,0,0,0.2328275541490912,True
36443,Go,lang_go,30222.0,0,0,0.14082191246935868,True
27441,Go,lang_go,77760.0,1,1,0.8566562493031922,True
20013,Go,lang_go,46406.0,0,1,0.5460767782793322,False
21629,Go,lang_go,104413.0,1,1,0.7907008144286694,True
11228,Go,lang_go,52903.0,0,1,0.7325251360651511,False
28273,Go,lang_go,2492.0,0,0,0.0008312897889486778,True
26863,Go,lang_go,232029.0,1,1,0.8930403432302244,True
40322,Go,lang_go,35497.0,0,0,0.05468603551303942,True
14653,Go,lang_go,169176.0,1,1,0.9689056330035991,True
4719,Go,lang_go,175000.0,1,1,0.8992902390943897,True
7475,Go,lang_go,36011.0,0,0,0.16965541635664463,True
537,Go,lang_go,104822.0,1,1,0.7511935304976105,True
5724,Go,lang_go,76570.0,1,1,0.7444682864956028,True
32560,Go,lang_go,87011.0,1,1,0.5943842641109255,True
10479,Go,lang_go,224633.0,1,1,0.928348795845266,True
15690,Go,lang_go,68071.0,0,1,0.849643250663929,False
36704,Go,lang_go,54611.0,0,0,0.15159978294141238,True
567,Go,lang_go,116015.0,1,1,0.9306319775196015,True
3614,Go,lang_go,66128.0,0,1,0.7832409340864827,False
35172,Go,lang_go,70000.0,0,0,0.47293869078473505,True
3608,Go,lang_go,32764.0,0,0,0.20808666689703806,True
22757,Go,lang_go,140000.0,1,1,0.9611461706096383,True
652,Go,lang_go,182270.0,1,1,0.9389723842115993,True
10461,Go,lang_go,69609.0,0,0,0.460016475286203,True
12571,Go,lang_go,1162.0,0,0,0.14812931879102822,True
17820,Go,lang_go,250000.0,1,1,0.9442848057937397,True
10441,Go,lang_go,400000.0,1,1,0.9831312645202326,True
33608,Go,lang_go,300000.0,1,1,0.9851455001076183,True
6274,Go,lang_go,105341.0,1,0,0.1325501735025842,False
39562,Go,lang_go,122527.0,1,1,0.5969516386842703,True
38725,Go,lang_go,100000.0,1,1,0.86806277535041,True
20613,Go,lang_go,81210.0,1,0,0.21596487172627868,False
2860,Go,lang_go,92812.0,1,0,0.3829198736638111,False
30670,Go,lang_go,509.0,0,0,0.10490098880384158,True
26078,Go,lang_go,40605.0,0,0,0.09537516498998122,True
3447,Go,lang_go,51816.0,0,0,0.27264365934494655,True
14911,Go,lang_go,127616.0,1,1,0.5604652495308122,True
42511,Go,lang_go,9299.0,0,0,0.013760523827020584,True
62,Go,lang_go,197225.0,1,1,0.7041126803293516,True
36134,Go,lang_go,98494.0,1,1,0.7561398486612243,True
45937,Go,lang_go,37197.0,0,0,0.27255106932615436,True
39255,Go,lang_go,50000.0,0,1,0.9651963713191856,False
40472,Go,lang_go,120145.0,1,1,0.800751485056704,True
11198,Go,lang_go,150000.0,1,0,0.12793513567423087,False
45620,Go,lang_go,201000.0,1,1,0.8668686509037599,True
3592,Go,lang_go,117017.0,1,1,0.849120499094672,True
14268,Go,lang_go,69744.0,0,0,0.047308872287901024,True
31683,Go,lang_go,77150.0,1,1,0.8439690532328763,True
5846,Go,lang_go,182396.0,1,1,0.91663844992835,True
48877,Go,lang_go,200000.0,1,1,0.9286897371416732,True
35907,Go,lang_go,40483.0,0,0,0.42045462489167656,True
41686,Go,lang_go,465.0,0,0,0.10077500104969388,True
831,Go,lang_go,115666.0,1,0,0.41195926190722143,False
9555,Go,lang_go,245000.0,1,0,0.16503140263884425,False
919,Go,lang_go,55121.0,0,0,0.36128641789147403,True
3773,Go,lang_go,102142.0,1,1,0.5942290174655358,True
44974,Go,lang_go,190000.0,1,1,0.9843507907747361,True
20715,Go,lang_go,83858.0,1,0,0.18701227810723103,False
30343,Go,lang_go,400000.0,1,1,0.9938514125289146,True
19491,Go,lang_go,54000.0,0,0,0.12838179717260065,True
30733,Go,lang_go,160000.0,1,1,0.9644888196868832,True
34935,Go,lang_go,168000.0,1,1,0.9752709618151517,True
6429,Go,lang_go,151777.0,1,1,0.7730390702497412,True
29673,Go,lang_go,11624.0,0,0,0.027089090908548386,True
12382,Go,lang_go,300000.0,1,1,0.9524937546088916,True
35969,Go,lang_go,45246.0,0,0,0.014053145076697596,True
14669,Go,lang_go,81210.0,1,0,0.36651718337302874,False
5060,Go,lang_go,3641.0,0,0,0.08432953480687885,True
33347,Go,lang_go,58007.0,0,1,0.8983813915318016,False
21272,Go,lang_go,65663.0,0,1,0.5395666250578687,False
6056,Go,lang_go,122527.0,1,1,0.8121381409961819,True
17420,Go,lang_go,61264.0,0,0,0.48457590099582804,True
44662,Go,lang_go,97452.0,1,1,0.802669341721956,True
2993,Go,lang_go,953.0,0,1,0.5575697364614624,False
15347,Go,lang_go,34700.0,0,0,0.21901081091889793,True
7066,Go,lang_go,265000.0,1,1,0.9815280630967648,True
1724,Go,lang_go,55687.0,0,0,0.4430160463212791,True
610,Go,lang_go,174022.0,1,0,0.021230550928334518,False
34376,Go,lang_go,9299.0,0,0,0.03605349351283849,True
44198,Go,lang_go,48726.0,0,0,0.1288068742445807,True
11139,Go,lang_go,69174.0,0,0,0.3275701919220832,True
44011,Go,lang_go,20923.0,0,0,0.07072190689193202,True
23829,Go,lang_go,210000.0,1,1,0.9845470414202294,True
41207,Go,lang_go,240000.0,1,1,0.975466325423631,True
32690,Go,lang_go,44096.0,0,0,0.07068049056245114,True
37242,Go,lang_go,68071.0,0,0,0.39417991956870413,True
36439,Go,lang_go,88050.0,1,1,0.5110084140778045,True
1301,Go,lang_go,190000.0,1,1,0.9130862813211573,True
44702,Go,lang_go,70040.0,0,0,0.38761171811291534,True
2807,Go,lang_go,75147.0,0,1,0.9371465390466273,False
46120,Go,lang_go,139218.0,1,1,0.9763410755509562,True
2650,Go,lang_go,141188.0,1,1,0.5043859467438958,True
45414,Go,lang_go,38285.0,0,0,0.12401606052933864,True
25884,Go,lang_go,75000.0,0,1,0.805409532086272,False
14391,Go,lang_go,82906.0,1,0,0.313250195125512,False
11604,Go,lang_go,175000.0,1,1,0.9438925372180845,True
28895,Go,lang_go,39138.0,0,0,0.059140257501661055,True
25707,Go,lang_go,2904.0,0,1,0.5107468536217289,False
39484,Go,lang_go,48821.0,0,0,0.11178370444608197,True
21540,Go,lang_go,200000.0,1,1,0.9854766030788653,True
4237,Go,lang_go,48757.0,0,0,0.3892062994053568,True
23123,Go,lang_go,160000.0,1,0,0.10986358676054697,False
38189,Go,lang_go,68225.0,0,1,0.5191240461368606,False
38276,Go,lang_go,215000.0,1,1,0.924750917623359,True
3734,Go,lang_go,81210.0,1,1,0.5863996856800437,True
38128,Go,lang_go,29060.0,0,0,0.018029833524587105,True
45771,Go,lang_go,100765.0,1,1,0.7346295113309628,True
44035,Go,lang_go,6940.0,0,0,0.06396063108465334,True
35304,Go,lang_go,20358.0,0,0,0.03735285330532361,True
3138,Go,lang_go,110000.0,1,1,0.8839877383995003,True
26166,Go,lang_go,121383.0,1,1,0.6276652237818039,True
35448,Go,lang_go,116015.0,1,1,0.5841817738372272,True
15781,Go,lang_go,51000.0,0,0,0.48179370844020997,True
6436,Go,lang_go,72958.0,0,0,0.4292551562582001,True
9096,Go,lang_go,183000.0,1,1,0.9339766450009664,True
11964,Go,lang_go,70000.0,0,1,0.8809996849801756,False
5936,Go,lang_go,149756.0,1,1,0.7469054061402183,True
27205,Go,lang_go,108913.0,1,1,0.8657304182037124,True
4903,Go,lang_go,185623.0,1,1,0.6245036289134993,True
25455,Go,lang_go,10864.0,0,0,0.01915439266835558,True
31310,Go,lang_go,88846.0,1,1,0.8105665465134,True
15965,Go,lang_go,21416.0,0,0,0.10123574301490561,True
11365,Go,lang_go,200000.0,1,1,0.9576647826262662,True
32012,Go,lang_go,63808.0,0,0,0.3707834740233503,True
19238,Go,lang_go,75000.0,0,0,0.4760232243115199,True
1877,Go,lang_go,142000.0,1,1,0.9592967477847195,True
36033,Go,lang_go,275000.0,1,1,0.991416137657068,True
25282,Go,lang_go,83234.0,1,0,0.39776280033631617,False
40150,Go,lang_go,3336.0,0,0,0.001691610978526555,True
44958,Go,lang_go,218875.0,1,1,0.9514436755160837,True
19874,Go,lang_go,25573.0,0,0,0.06639557955825878,True
27545,Go,lang_go,81964.0,1,0,0.2614809549166304,False
27653,Go,lang_go,371247.0,1,1,0.8904943889432251,True
39756,Go,lang_go,47650.0,0,0,0.4050427304176401,True
2462,Go,lang_go,140000.0,1,1,0.9318557766544905,True
28240,Go,lang_go,6902.0,0,0,0.07367068169319362,True
30784,Go,lang_go,233.0,0,0,0.12219548389085963,True
2599,Go,lang_go,69609.0,0,1,0.6387029679972557,False
547,Go,lang_go,138000.0,1,1,0.9630935251310364,True
6076,Go,lang_go,32727.0,0,0,0.12859449985787777,True
41405,Go,lang_go,118593.0,1,1,0.9453286693611114,True
44686,Go,lang_go,83902.0,1,1,0.8624537291749964,True
20962,Go,lang_go,87011.0,1,1,0.6999271873178025,True
37148,Go,lang_go,250000.0,1,1,0.9664498496184144,True
33774,Go,lang_go,16274.0,0,0,0.11101829910434131,True
2920,Go,lang_go,55687.0,0,0,0.3159933988876385,True
3984,Go,lang_go,155895.0,1,1,0.9213457730568221,True
25165,Go,lang_go,6974.0,0,0,0.08222257943396609,True
43560,Go,lang_go,77000.0,1,0,0.1386282885612272,False
11855,Go,lang_go,143100.0,1,1,0.9101679960840147,True
4032,Go,lang_go,7643.0,0,0,0.46892855549867113,True
18404,Go,lang_go,141595.0,1,1,0.5423519424274292,True
3429,Go,lang_go,200000.0,1,1,0.9835955518010457,True
24315,Go,lang_go,17738.0,0,0,0.3713747627388605,True
39120,Go,lang_go,240000.0,1,1,0.9148822590342076,True
14356,Go,lang_go,138872.0,1,1,0.925631692742422,True
4569,Go,lang_go,89275.0,1,1,0.719862024284851,True
5842,Go,lang_go,225000.0,1,1,0.9739087672316239,True
20246,Go,lang_go,15111.0,0,0,0.04811255832021769,True
14414,Go,lang_go,68901.0,0,0,0.13563463309532786,True
16165,Go,lang_go,8718.0,0,0,0.034822612956992495,True
4424,Go,lang_go,697.0,0,0,0.000499379528757702,True
14738,Go,lang_go,40000.0,0,0,0.06530141519655841,True
40208,Go,lang_go,90000.0,1,1,0.9229913876247532,True
32572,Go,lang_go,44550.0,0,1,0.630631370063208,False
14031,Go,lang_go,300000.0,1,1,0.98386111516007,True
4551,Go,lang_go,5300.0,0,0,0.07022360272861716,True
10467,Go,lang_go,24003.0,0,0,0.2449610467031511,True
30373,Go,lang_go,300000.0,1,1,0.8745032151005075,True
15938,Go,lang_go,40000.0,0,0,0.10312240270240228,True
20728,Go,lang_go,240000.0,1,1,0.9562707879260627,True
38551,Go,lang_go,195000.0,1,1,0.9430551695893428,True
43551,Go,lang_go,88784.0,1,1,0.5160583724490829,True
9944,Go,lang_go,88492.0,1,1,0.7900640629281557,True
35685,Go,lang_go,230000.0,1,1,0.9911386059370098,True
30776,Go,lang_go,12000.0,0,0,0.01822980436362185,True
37516,Go,lang_go,145000.0,1,1,0.994673758188163,True
5220,Go,lang_go,71929.0,0,1,0.5409361245584013,False
27594,Go,lang_go,43139.0,0,0,0.08351332284279735,True
40734,Go,lang_go,265000.0,1,1,0.9433510888384853,True
32276,Go,lang_go,93972.0,1,0,0.3704744952588076,False
36920,Go,lang_go,50741.0,0,0,0.1513803156872512,True
23022,Go,lang_go,68333.0,0,1,0.8299294546934193,False
35974,Go,lang_go,16274.0,0,0,0.027221735867437025,True
12791,Go,lang_go,37445.0,0,0,0.28535836276861554,True
31314,Go,lang_go,41786.0,0,0,0.15163971159102102,True
37483,Go,lang_go,5487.0,0,0,0.21496414617005613,True
4037,Go,lang_go,78310.0,1,0,0.2153610152928874,False
34298,Go,lang_go,75410.0,0,1,0.601644980996413,False
29151,Go,lang_go,63618.0,0,0,0.2868183905710119,True
1967,Go,lang_go,31324.0,0,0,0.048025015663049765,True
28581,Go,lang_go,185000.0,1,1,0.9555716994192215,True
33256,Go,lang_go,215000.0,1,1,0.9771112662993569,True
35820,Go,lang_go,27844.0,0,0,0.3771882458046893,True
14892,Go,lang_go,81210.0,1,1,0.8022786616461056,True
18150,Go,lang_go,62015.0,0,1,0.9667810387817535,False
9804,Go,lang_go,133417.0,1,1,0.6601305404826854,True
15136,Go,lang_go,107874.0,1,1,0.9747723258557843,True
4864,Go,lang_go,92812.0,1,1,0.7745941678925378,True
10021,Go,lang_go,48726.0,0,0,0.4234044912820502,True
9126,Go,lang_go,31090.0,0,0,0.26042628359698033,True
45341,Go,lang_go,45847.0,0,0,0.35240536911152665,True
26618,Go,lang_go,95596.0,1,1,0.5882389094607835,True
16513,Go,lang_go,54457.0,0,1,0.5038404318545128,False
39833,Go,lang_go,1078.0,0,0,0.014153494167884034,True
21725,Go,lang_go,98612.0,1,1,0.9190144060855947,True
48931,Go,lang_go,165000.0,1,1,0.8960745574690321,True
35375,Go,lang_go,240000.0,1,1,0.9233877065636402,True
45137,Go,lang_go,69609.0,0,0,0.24497175319482473,True
38785,Go,lang_go,185623.0,1,1,0.8883280304564359,True
26127,Go,lang_go,79586.0,1,0,0.46608458799255353,False
15056,Go,lang_go,195280.0,1,1,0.9735363432251054,True
38138,Go,lang_go,60328.0,0,0,0.2573166819034732,True
3880,Go,lang_go,6000.0,0,0,0.15828551444257588,True
13497,Go,lang_go,78962.0,1,1,0.610273562830022,True
10578,Go,lang_go,130193.0,1,1,0.9792961588776734,True
6236,Go,lang_go,81210.0,1,1,0.7416773163227911,True
41936,Go,lang_go,200000.0,1,1,0.9494456634052977,True
13919,Go,lang_go,180000.0,1,1,0.9403929605279717,True
43896,Go,lang_go,618.0,0,0,0.15632850543022095,True
36122,Go,lang_go,71929.0,0,1,0.5418390241381289,False
36330,Go,lang_go,220000.0,1,1,0.9836345965077951,True
5616,Go,lang_go,62180.0,0,0,0.35309866639726456,True
11922,Go,lang_go,134577.0,1,1,0.8231688422258637,True
26984,Go,lang_go,116015.0,1,1,0.8194972051700385,True
38640,Go,lang_go,80050.0,1,1,0.7413531439063209,True
4534,Go,lang_go,168221.0,1,1,0.7439878085927965,True
15556,Go,lang_go,2013.0,0,0,0.1422160092917296,True
31053,Go,lang_go,30628.0,0,0,0.1931068529565341,True
31308,Go,lang_go,89815.0,1,1,0.5905999035756722,True
11840,Go,lang_go,2790.0,0,0,0.02150876590671794,True
5061,Go,lang_go,32484.0,0,1,0.6080523280559914,False
6100,Go,lang_go,110504.0,1,1,0.6794926728078524,True
34795,Go,lang_go,54457.0,0,1,0.5365821646404393,False
6749,Go,lang_go,78000.0,1,1,0.7049830556673884,True
13058,Go,lang_go,1000.0,0,0,0.058618793266142735,True
19237,Go,lang_go,156000.0,1,1,0.9838320677845389,True
41086,Go,lang_go,250000.0,1,1,0.9953225838058118,True
33918,Go,lang_go,170000.0,1,1,0.959480947939236,True
47338,Go,lang_go,69609.0,0,0,0.3174511394941752,True
6175,Go,lang_go,3863.0,0,0,0.036316520266226046,True
14361,Go,lang_go,52207.0,0,0,0.35224559766355834,True
46131,Go,lang_go,139218.0,1,1,0.8836089428343138,True
20513,Go,lang_go,340354.0,1,0,0.4390429059053863,False
24474,Go,lang_go,105000.0,1,1,0.9407158072704725,True
43428,Go,lang_go,40684.0,0,0,0.08090124582867225,True
15428,Go,lang_go,96000.0,1,1,0.9647760070732989,True
3867,Go,lang_go,63808.0,0,1,0.5771696345726146,False
28098,Go,lang_go,31324.0,0,0,0.07642809831294338,True
3803,Go,lang_go,65258.0,0,0,0.1551063310396408,True
37422,Go,lang_go,230000.0,1,1,0.9926286529283654,True
26240,Go,lang_go,98612.0,1,0,0.137256892700754,False
16734,Go,lang_go,63808.0,0,0,0.4303981342012157,True
6558,Go,lang_go,325000.0,1,1,0.9728340893909198,True
2891,Go,lang_go,40000.0,0,1,0.7492874349692177,False
17600,Go,lang_go,146.0,0,1,0.6663345485662427,False
13335,Go,lang_go,150095.0,1,1,0.696079363631963,True
4023,Go,lang_go,364859.0,1,1,0.8917576379887479,True
27969,Go,lang_go,3787.0,0,0,0.22914032452252867,True
39481,Go,lang_go,48000.0,0,0,0.08517118346894106,True
2250,Go,lang_go,220000.0,1,1,0.9920732910933795,True
4282,Go,lang_go,11043.0,0,0,0.018344998967578918,True
20219,Go,lang_go,103021.0,1,1,0.8485145723074399,True
21577,Go,lang_go,5580.0,0,0,0.00021641635965667592,True
6693,Go,lang_go,103137.0,1,1,0.9076176958615896,True
36799,Go,lang_go,30000.0,0,0,0.15662134157048685,True
7420,Swift,lang_swift,106733.0,1,0,0.2414804031637187,False
36755,Swift,lang_swift,44096.0,0,0,0.09912875308089202,True
47170,Swift,lang_swift,43505.0,0,1,0.733472162858954,False
1157,Swift,lang_swift,113615.0,1,0,0.4115889079052448,False
26076,Swift,lang_swift,10462.0,0,0,0.03464016858866705,True
6577,Swift,lang_swift,102142.0,1,1,0.7645783882373614,True
1699,Swift,lang_swift,17558.0,0,0,0.0363179293772963,True
20390,Swift,lang_swift,46496.0,0,0,0.02639378726466883,True
40534,Swift,lang_swift,120000.0,1,1,0.9901016692873577,True
11016,Swift,lang_swift,78962.0,1,1,0.6511721842618688,True
9964,Swift,lang_swift,69609.0,0,1,0.8984356769185716,False
20432,Swift,lang_swift,13922.0,0,0,0.3475853643703639,True
17304,Swift,lang_swift,116015.0,1,1,0.7426603155712898,True
40755,Swift,lang_swift,32000.0,0,0,0.1274578191605691,True
1833,Swift,lang_swift,167.0,0,1,0.8305194310196793,False
15012,Swift,lang_swift,220000.0,1,1,0.9880978165531327,True
4398,Swift,lang_swift,34804.0,0,0,0.029066905915321316,True
10029,Swift,lang_swift,78268.0,1,0,0.15528476092607998,False
46315,Swift,lang_swift,33151.0,0,0,0.22393024279816123,True
9950,Swift,lang_swift,61264.0,0,1,0.8183193424923804,False
4662,Swift,lang_swift,225.0,0,1,0.9970499379517151,False
5679,Swift,lang_swift,167000.0,1,1,0.9564436175336389,True
44442,Swift,lang_swift,112534.0,1,1,0.5575929400384808,True
30497,Swift,lang_swift,148791.0,1,1,0.9419623485080693,True
13981,Swift,lang_swift,92240.0,1,0,0.43087815885831793,False
41158,Swift,lang_swift,80254.0,1,1,0.7207247240890735,True
4832,Swift,lang_swift,123993.0,1,1,0.968286833826225,True
15460,Swift,lang_swift,75410.0,0,1,0.5744266792629235,False
25158,Swift,lang_swift,211280.0,1,1,0.9935591763597191,True
11444,Swift,lang_swift,57833.0,0,0,0.1736657948227487,True
16192,Swift,lang_swift,89331.0,1,1,0.8291912278306677,True
10717,Swift,lang_swift,113085.0,1,1,0.9566975007190404,True
35531,Swift,lang_swift,100000.0,1,1,0.8348256958112117,True
788,Swift,lang_swift,35000.0,0,0,0.22406168544075733,True
6453,Swift,lang_swift,180000.0,1,1,0.9653170763379739,True
46245,Swift,lang_swift,61635.0,0,1,0.5654485189355517,False
39467,Swift,lang_swift,174022.0,1,1,0.8886279272111093,True
13519,Swift,lang_swift,200000.0,1,1,0.9890008204188546,True
18145,Swift,lang_swift,106733.0,1,1,0.6103227521355948,True
2188,Swift,lang_swift,270000.0,1,1,0.8985008203099168,True
12846,Swift,lang_swift,8137.0,0,0,0.045964601516015495,True
29483,Swift,lang_swift,139218.0,1,1,0.793385957668568,True
44746,Swift,lang_swift,306.0,0,0,0.010918971323688713,True
29469,Swift,lang_swift,45688.0,0,0,0.29696898038757924,True
46656,Swift,lang_swift,54580.0,0,0,0.40319109223655847,True
6431,Swift,lang_swift,92000.0,1,1,0.9183605019942332,True
19513,Swift,lang_swift,130000.0,1,1,0.9267285023414114,True
10223,Swift,lang_swift,104829.0,1,1,0.7379591575371225,True
40786,Swift,lang_swift,45446.0,0,0,0.16480344136932806,True
3107,Swift,lang_swift,27306.0,0,0,0.04352780619070836,True
14308,Swift,lang_swift,175000.0,1,1,0.9570912763717919,True
12799,Swift,lang_swift,23203.0,0,0,0.017853564474484464,True
33408,Swift,lang_swift,160000.0,1,1,0.8976544401092763,True
13912,Swift,lang_swift,350000.0,1,1,0.9737491866767906,True
42673,Swift,lang_swift,97452.0,1,1,0.6114775668447938,True
5186,Swift,lang_swift,120000.0,1,1,0.9856301652769724,True
41520,Swift,lang_swift,98612.0,1,1,0.7306612812309081,True
29757,Swift,lang_swift,92812.0,1,1,0.7278813616684172,True
24270,Swift,lang_swift,250000.0,1,1,0.8558170575060836,True
30551,Swift,lang_swift,145000.0,1,1,0.9872474410155088,True
4834,Swift,lang_swift,174022.0,1,1,0.9706840077926416,True
19417,Swift,lang_swift,260000.0,1,1,0.995842057430823,True
6061,Swift,lang_swift,104199.0,1,1,0.9190429120900714,True
48516,Swift,lang_swift,54457.0,0,1,0.6417443461729595,False
45891,Swift,lang_swift,162523.0,1,1,0.9728459548872432,True
9349,Swift,lang_swift,50000.0,0,0,0.20472573212029357,True
40617,Swift,lang_swift,120000.0,1,1,0.9255753517758534,True
19102,Swift,lang_swift,123482.0,1,1,0.6917850410503791,True
9812,Swift,lang_swift,87964.0,1,0,0.24875630500263465,False
4065,Swift,lang_swift,272283.0,1,1,0.9516597605089094,True
2333,Swift,lang_swift,10800.0,0,0,0.03612168342987341,True
27409,Swift,lang_swift,110214.0,1,1,0.8324600522348201,True
25012,Swift,lang_swift,102106.0,1,1,0.5538769848197805,True
4144,Swift,lang_swift,88171.0,1,1,0.7276480382392255,True
14503,Swift,lang_swift,108126.0,1,1,0.9726308427213477,True
15666,Swift,lang_swift,50314.0,0,1,0.5459407733833079,False
29219,Swift,lang_swift,104015.0,1,1,0.7144438406999346,True
29169,Swift,lang_swift,340000.0,1,1,0.9979619244044445,True
36284,Swift,lang_swift,111374.0,1,1,0.9287103831740033,True
17932,Swift,lang_swift,140000.0,1,1,0.6757621991158882,True
9278,Swift,lang_swift,107265.0,1,1,0.9056513577093905,True
48839,Swift,lang_swift,25500.0,0,0,0.07753216084910491,True
30835,Swift,lang_swift,116733.0,1,1,0.908232974813894,True
18477,Swift,lang_swift,104000.0,1,1,0.737097566473514,True
1951,Swift,lang_swift,99773.0,1,1,0.7064030500667999,True
27151,Swift,lang_swift,147000.0,1,1,0.9873934472619295,True
5047,Swift,lang_swift,13209.0,0,0,0.07685975449585798,True
3174,Swift,lang_swift,160000.0,1,1,0.9962788909788651,True
42156,Swift,lang_swift,180000.0,1,1,0.978887664072915,True
6474,Swift,lang_swift,40127.0,0,1,0.6701165543212481,False
31012,Swift,lang_swift,266834.0,1,1,0.93540951578556,True
995,Swift,lang_swift,23203.0,0,1,0.6043775253571682,False
15987,Swift,lang_swift,46496.0,0,0,0.10119131044721552,True
18876,Swift,lang_swift,52207.0,0,0,0.14007324526779233,True
10769,Swift,lang_swift,154000.0,1,1,0.8686075142944363,True
2989,Swift,lang_swift,72870.0,0,0,0.05992933442500078,True
32586,Swift,lang_swift,174022.0,1,1,0.5854985048743758,True
27752,Swift,lang_swift,160000.0,1,1,0.9060957011337584,True
357,Swift,lang_swift,127616.0,1,0,0.3689036331621302,False
15594,Swift,lang_swift,116015.0,1,1,0.5719656961602448,True
21110,Swift,lang_swift,340000.0,1,1,0.9907041974628493,True
8353,Swift,lang_swift,29004.0,0,1,0.9245896461447357,False
7070,Swift,lang_swift,130703.0,1,1,0.5977157109374253,True
32290,Swift,lang_swift,64674.0,0,0,0.18899422500378435,True
47257,Swift,lang_swift,7645.0,0,1,0.9274512137796322,False
314,Swift,lang_swift,109438.0,1,1,0.7976428197220553,True
17879,Swift,lang_swift,58007.0,0,0,0.33008527066647536,True
3042,Swift,lang_swift,135000.0,1,1,0.9698469081131641,True
17127,Swift,lang_swift,175525.0,1,1,0.9896064271610128,True
1916,Swift,lang_swift,21056.0,0,0,0.056241023706210196,True
10907,Swift,lang_swift,4912.0,0,1,0.5887084371515399,False
46665,Swift,lang_swift,165000.0,1,1,0.9715046214338451,True
26821,Swift,lang_swift,139218.0,1,1,0.9724163841547171,True
20792,Swift,lang_swift,180000.0,1,1,0.9767645776948004,True
37615,Swift,lang_swift,14502.0,0,0,0.03557833365054509,True
13492,Swift,lang_swift,104413.0,1,1,0.7471332497932867,True
15802,Swift,lang_swift,18900.0,0,1,0.9857119037266227,False
12621,Swift,lang_swift,141587.0,1,1,0.8040023025890416,True
2938,Swift,lang_swift,153213.0,1,1,0.8268708177312265,True
5387,Swift,lang_swift,347161.0,1,0,0.44893476415938033,False
47136,Swift,lang_swift,72510.0,0,0,0.272231114734815,True
5624,Swift,lang_swift,170000.0,1,1,0.9514320158404937,True
22829,Swift,lang_swift,92812.0,1,0,0.383268597779034,False
37285,Swift,lang_swift,150000.0,1,1,0.9865509689983567,True
6343,Swift,lang_swift,108913.0,1,0,0.4952886978005018,False
21288,Swift,lang_swift,120000.0,1,1,0.9604452567147592,True
29334,Swift,lang_swift,29620.0,0,0,0.16815007116136416,True
5145,Swift,lang_swift,37125.0,0,0,0.39289310604146604,True
4735,Swift,lang_swift,110214.0,1,0,0.19128258961061562,False
44719,Swift,lang_swift,169000.0,1,1,0.9718414479089816,True
21329,Swift,lang_swift,78306.0,1,1,0.577293521933727,True
40244,Swift,lang_swift,132000.0,1,1,0.9871685415974428,True
16080,Swift,lang_swift,27844.0,0,0,0.04415406203077317,True
27188,Swift,lang_swift,78595.0,1,0,0.4496356801464651,False
13790,Swift,lang_swift,30000.0,0,0,0.17584508349552871,True
25142,Swift,lang_swift,78000.0,1,0,0.15070697556591892,False
5351,Swift,lang_swift,72815.0,0,0,0.19717492438718257,True
25949,Swift,lang_swift,192000.0,1,1,0.9980722519939049,True
39328,Swift,lang_swift,5900.0,0,1,0.9857246614938342,False
33938,Swift,lang_swift,150000.0,1,1,0.9863861512745074,True
35819,Swift,lang_swift,155521.0,1,1,0.9716939750009242,True
37099,Swift,lang_swift,127616.0,1,1,0.6070294987600233,True
46341,Swift,lang_swift,15311.0,0,0,0.20520411506481256,True
6121,Swift,lang_swift,104413.0,1,1,0.8636178768200007,True
38055,Swift,lang_swift,64208.0,0,1,0.7403212561693383,False
41024,Swift,lang_swift,240000.0,1,1,0.9424233297590823,True
15612,Swift,lang_swift,145000.0,1,1,0.9543882616627887,True
46556,Swift,lang_swift,53367.0,0,1,0.5433643334976143,False
10455,Swift,lang_swift,127616.0,1,1,0.6895711731143506,True
29424,Swift,lang_swift,71823.0,0,0,0.30934897164676506,True
27710,Swift,lang_swift,69609.0,0,0,0.48552317602444467,True
537,Swift,lang_swift,104822.0,1,1,0.7511935304976105,True
9259,Swift,lang_swift,20923.0,0,0,0.09469347091086797,True
12571,Swift,lang_swift,1162.0,0,0,0.14812931879102822,True
22093,Swift,lang_swift,60000.0,0,0,0.16890123710533356,True
47986,Swift,lang_swift,298.0,0,0,0.03859919939629006,True
45620,Swift,lang_swift,201000.0,1,1,0.8668686509037599,True
31683,Swift,lang_swift,77150.0,1,1,0.8439690532328763,True
15432,Swift,lang_swift,200000.0,1,1,0.9545383217435879,True
46613,Swift,lang_swift,148791.0,1,1,0.9886139096982866,True
24770,Swift,lang_swift,275000.0,1,1,0.9383371791444579,True
42552,Swift,lang_swift,139054.0,1,1,0.8888448039845337,True
37486,Swift,lang_swift,103386.0,1,1,0.5561395131396365,True
9870,Swift,lang_swift,150819.0,1,1,0.8840520730471294,True
20240,Swift,lang_swift,1187.0,0,0,0.041780846613781925,True
41231,Swift,lang_swift,185000.0,1,1,0.8449866438154442,True
954,Swift,lang_swift,2480.0,0,1,0.7617740663283757,False
1651,Swift,lang_swift,400000.0,1,1,0.9812952212251416,True
7066,Swift,lang_swift,265000.0,1,1,0.9815280630967648,True
11139,Swift,lang_swift,69174.0,0,0,0.3275701919220832,True
32690,Swift,lang_swift,44096.0,0,0,0.07068049056245114,True
21540,Swift,lang_swift,200000.0,1,1,0.9854766030788653,True
1054,Swift,lang_swift,46406.0,0,0,0.22195273946909552,True
24121,Swift,lang_swift,173000.0,1,1,0.9924855572955866,True
10685,Swift,lang_swift,161191.0,1,1,0.9882990374076963,True
10069,Swift,lang_swift,104413.0,1,1,0.9552329057791354,True
35561,Swift,lang_swift,232029.0,1,1,0.9568096723453957,True
42373,Swift,lang_swift,100000.0,1,1,0.9742870947872879,True
12541,Swift,lang_swift,96000.0,1,0,0.2595232583441317,False
16550,Swift,lang_swift,43689.0,0,0,0.41729139998599907,True
15176,Swift,lang_swift,191000.0,1,1,0.9888096120298578,True
11964,Swift,lang_swift,70000.0,0,1,0.8809996849801756,False
5936,Swift,lang_swift,149756.0,1,1,0.7469054061402183,True
29509,Swift,lang_swift,14000.0,0,0,0.058218979844300404,True
40592,Swift,lang_swift,168000.0,1,1,0.8778876520794886,True
11467,Swift,lang_swift,185234.0,1,1,0.9695369761770658,True
15631,Swift,lang_swift,112334.0,1,0,0.41085233298138646,False
44317,Swift,lang_swift,232479.0,1,0,0.05467972938729919,False
30,Swift,lang_swift,205000.0,1,1,0.9825441183333122,True
31310,Swift,lang_swift,88846.0,1,1,0.8105665465134,True
46697,Swift,lang_swift,94659.0,1,0,0.13549158955894672,False
19093,Swift,lang_swift,205000.0,1,1,0.9965557298353241,True
44958,Swift,lang_swift,218875.0,1,1,0.9514436755160837,True
5757,Swift,lang_swift,34804.0,0,0,0.11317671923226193,True
27653,Swift,lang_swift,371247.0,1,1,0.8904943889432251,True
28240,Swift,lang_swift,6902.0,0,0,0.07367068169319362,True
27721,Swift,lang_swift,98000.0,1,1,0.7435724799766453,True
18404,Swift,lang_swift,141595.0,1,1,0.5423519424274292,True
36100,Swift,lang_swift,129334.0,1,1,0.645132400133816,True
5693,Swift,lang_swift,110000.0,1,1,0.7083891400008638,True
28899,Swift,lang_swift,34804.0,0,0,0.3618994021372259,True
5842,Swift,lang_swift,225000.0,1,1,0.9739087672316239,True
21671,Swift,lang_swift,85536.0,1,1,0.6714931093308028,True
34908,Swift,lang_swift,65786.0,0,0,0.33471617851157975,True
27594,Swift,lang_swift,43139.0,0,0,0.08351332284279735,True
32276,Swift,lang_swift,93972.0,1,0,0.3704744952588076,False
37483,Swift,lang_swift,5487.0,0,0,0.21496414617005613,True
15812,Swift,lang_swift,75000.0,0,1,0.6103260728299993,False
4197,Swift,lang_swift,95299.0,1,1,0.8645627500858528,True
12096,Swift,lang_swift,800.0,0,1,0.9767922147573926,False
22459,Swift,lang_swift,62221.0,0,0,0.3603291958703986,True
6139,Swift,lang_swift,143084.0,1,1,0.7316089725186636,True
15183,Swift,lang_swift,56847.0,0,0,0.2625995266966083,True
15317,Swift,lang_swift,81685.0,1,0,0.4941159710693303,False
4864,Swift,lang_swift,92812.0,1,1,0.7745941678925378,True
31256,Swift,lang_swift,42416.0,0,0,0.19559874737777713,True
35596,Swift,lang_swift,100000.0,1,1,0.9300450909976723,True
40052,Swift,lang_swift,87011.0,1,1,0.7632356865876887,True
15056,Swift,lang_swift,195280.0,1,1,0.9735363432251054,True
5616,Swift,lang_swift,62180.0,0,0,0.35309866639726456,True
6696,Swift,lang_swift,161191.0,1,1,0.977781492468667,True
42885,Swift,lang_swift,5990.0,0,0,0.3929612009009199,True
12385,Swift,lang_swift,43985.0,0,1,0.7549811705103482,False
17930,Swift,lang_swift,44086.0,0,0,0.4805643563556166,True
28847,Swift,lang_swift,16383.0,0,0,0.2940697440234355,True
35427,Swift,lang_swift,92812.0,1,1,0.5362332524978478,True
42219,Swift,lang_swift,85000.0,1,1,0.9804659398298922,True
12715,Swift,lang_swift,66128.0,0,1,0.6253398913660627,False
43123,Swift,lang_swift,139218.0,1,1,0.7921595805920154,True
22970,Swift,lang_swift,68924.0,0,0,0.41563351576337254,True
26240,Swift,lang_swift,98612.0,1,0,0.137256892700754,False
4596,Swift,lang_swift,61187.0,0,0,0.004448511481091382,True
27319,Swift,lang_swift,120000.0,1,1,0.9822758777396375,True
4023,Swift,lang_swift,364859.0,1,1,0.8917576379887479,True
17269,Swift,lang_swift,99953.0,1,1,0.6532076673973174,True
18711,Swift,lang_swift,60395.0,0,1,0.5442639762743198,False
683,Swift,lang_swift,41765.0,0,0,0.424722580778323,True
36799,Swift,lang_swift,30000.0,0,0,0.15662134157048685,True
1060,Swift,lang_swift,91198.0,1,1,0.790476574890413,True
